-- phpMyAdmin SQL Dump
-- version 4.2.11
-- http://www.phpmyadmin.net
--
-- Host: localhost
-- Generation Time: Mar 29, 2015 at 06:04 
-- Server version: 5.6.21
-- PHP Version: 5.5.19

SET SQL_MODE = "NO_AUTO_VALUE_ON_ZERO";
SET time_zone = "+00:00";


/*!40101 SET @OLD_CHARACTER_SET_CLIENT=@@CHARACTER_SET_CLIENT */;
/*!40101 SET @OLD_CHARACTER_SET_RESULTS=@@CHARACTER_SET_RESULTS */;
/*!40101 SET @OLD_COLLATION_CONNECTION=@@COLLATION_CONNECTION */;
/*!40101 SET NAMES utf8 */;

--
-- Database: `gis_v2`
--

-- --------------------------------------------------------

--
-- Table structure for table `data_kabupaten`
--

CREATE TABLE IF NOT EXISTS `data_kabupaten` (
`id_kabupaten` int(11) NOT NULL,
  `id_provinsi` int(11) DEFAULT NULL,
  `nama_kabupaten` varchar(255) COLLATE utf8_unicode_ci DEFAULT NULL
) ENGINE=MyISAM AUTO_INCREMENT=499 DEFAULT CHARSET=utf8 COLLATE=utf8_unicode_ci;

--
-- Dumping data for table `data_kabupaten`
--

INSERT INTO `data_kabupaten` (`id_kabupaten`, `id_provinsi`, `nama_kabupaten`) VALUES
(1, 1, 'Kabupaten Aceh Barat'),
(2, 1, 'Kabupaten Aceh Barat Daya'),
(3, 1, 'Kabupaten Aceh Besar'),
(4, 1, 'Kabupaten Aceh Jaya'),
(5, 1, 'Kabupaten Aceh Selatan'),
(6, 1, 'Kabupaten Aceh Singkil'),
(7, 1, 'Kabupaten Aceh Tamiang'),
(8, 1, 'Kabupaten Aceh Tengah'),
(9, 1, 'Kabupaten Aceh Tenggara'),
(10, 1, 'Kabupaten Aceh Timur'),
(11, 1, 'Kabupaten Aceh Utara'),
(12, 1, 'Kabupaten Bener Meriah'),
(13, 1, 'Kabupaten Bireuen'),
(14, 1, 'Kabupaten Gayo Lues'),
(15, 1, 'Kabupaten Nagan Raya'),
(16, 1, 'Kabupaten Pidie'),
(17, 1, 'Kabupaten Pidie Jaya'),
(18, 1, 'Kabupaten Simeulue'),
(19, 1, 'Kota Banda Aceh'),
(20, 1, 'Kota Langsa'),
(21, 1, 'Kota Lhokseumawe'),
(22, 1, 'Kota Sabang'),
(23, 1, 'Kota Subulussalam'),
(24, 2, 'Kabupaten Asahan'),
(25, 2, 'Kabupaten Batu Bara'),
(26, 2, 'Kabupaten Dairi'),
(27, 2, 'Kabupaten Deli Serdang'),
(28, 2, 'Kabupaten Humbang Hasundutan'),
(29, 2, 'Kabupaten Karo'),
(30, 2, 'Kabupaten Labuhanbatu'),
(31, 2, 'Kabupaten Labuhanbatu Selatan'),
(32, 2, 'Kabupaten Labuhanbatu Utara'),
(33, 2, 'Kabupaten Langkat'),
(34, 2, 'Kabupaten Mandailing Natal'),
(35, 2, 'Kabupaten Nias'),
(36, 2, 'Kabupaten Nias Barat'),
(37, 2, 'Kabupaten Nias Selatan'),
(38, 2, 'Kabupaten Nias Utara'),
(39, 2, 'Kabupaten Padang Lawas'),
(40, 2, 'Kabupaten Padang Lawas Utara'),
(41, 2, 'Kabupaten Pakpak Bharat'),
(42, 2, 'Kabupaten Samosir'),
(43, 2, 'Kabupaten Serdang Bedagai'),
(44, 2, 'Kabupaten Simalungun'),
(45, 2, 'Kabupaten Tapanuli Selatan'),
(46, 2, 'Kabupaten Tapanuli Tengah'),
(47, 2, 'Kabupaten Tapanuli Utara'),
(48, 2, 'Kabupaten Toba Samosir'),
(49, 2, 'Kota Binjai'),
(50, 2, 'Kota Gunung Sitoli'),
(51, 2, 'Kota Medan'),
(52, 2, 'Kota Padang Sidempuan'),
(53, 2, 'Kota Pematangsiantar'),
(54, 2, 'Kota Sibolga'),
(55, 2, 'Kota Tanjung Balai'),
(56, 2, 'Kota Tebing Tinggi'),
(57, 3, 'Kabupaten Bengkulu Selatan'),
(58, 3, 'Kabupaten Bengkulu Tengah'),
(59, 3, 'Kabupaten Bengkulu Utara'),
(60, 3, 'Kabupaten Benteng'),
(61, 3, 'Kabupaten Kaur'),
(62, 3, 'Kabupaten Kepahiang'),
(63, 3, 'Kabupaten Lebong'),
(64, 3, 'Kabupaten Mukomuko'),
(65, 3, 'Kabupaten Rejang Lebong'),
(66, 3, 'Kabupaten Seluma'),
(67, 3, 'Kota Bengkulu'),
(68, 4, 'Kabupaten Batang Hari'),
(69, 4, 'Kabupaten Bungo'),
(70, 4, 'Kabupaten Kerinci'),
(71, 4, 'Kabupaten Merangin'),
(72, 4, 'Kabupaten Muaro Jambi'),
(73, 4, 'Kabupaten Sarolangun'),
(74, 4, 'Kabupaten Tanjung Jabung Barat'),
(75, 4, 'Kabupaten Tanjung Jabung Timur'),
(76, 4, 'Kabupaten Tebo'),
(77, 4, 'Kota Jambi'),
(78, 4, 'Kota Sungai Penuh'),
(79, 5, 'Kabupaten Bengkalis'),
(80, 5, 'Kabupaten Indragiri Hilir'),
(81, 5, 'Kabupaten Indragiri Hulu'),
(82, 5, 'Kabupaten Kampar'),
(83, 5, 'Kabupaten Kuantan Singingi'),
(84, 5, 'Kabupaten Pelalawan'),
(85, 5, 'Kabupaten Rokan Hilir'),
(86, 5, 'Kabupaten Rokan Hulu'),
(87, 5, 'Kabupaten Siak'),
(88, 5, 'Kota Pekanbaru'),
(89, 5, 'Kota Dumai'),
(90, 5, 'Kabupaten Kepulauan Meranti'),
(91, 6, 'Kabupaten Agam'),
(92, 6, 'Kabupaten Dharmasraya'),
(93, 6, 'Kabupaten Kepulauan Mentawai'),
(94, 6, 'Kabupaten Lima Puluh Kota'),
(95, 6, 'Kabupaten Padang Pariaman'),
(96, 6, 'Kabupaten Pasaman'),
(97, 6, 'Kabupaten Pasaman Barat'),
(98, 6, 'Kabupaten Pesisir Selatan'),
(99, 6, 'Kabupaten Sijunjung'),
(100, 6, 'Kabupaten Solok'),
(101, 6, 'Kabupaten Solok Selatan'),
(102, 6, 'Kabupaten Tanah Datar'),
(103, 6, 'Kota Bukittinggi'),
(104, 6, 'Kota Padang'),
(105, 6, 'Kota Padangpanjang'),
(106, 6, 'Kota Pariaman'),
(107, 6, 'Kota Payakumbuh'),
(108, 6, 'Kota Sawahlunto'),
(109, 6, 'Kota Solok'),
(110, 7, 'Kabupaten Banyuasin'),
(111, 7, 'Kabupaten Empat Lawang'),
(112, 7, 'Kabupaten Lahat'),
(113, 7, 'Kabupaten Muara Enim'),
(114, 7, 'Kabupaten Musi Banyuasin'),
(115, 7, 'Kabupaten Musi Rawas'),
(116, 7, 'Kabupaten Ogan Ilir'),
(117, 7, 'Kabupaten Ogan Komering Ilir'),
(118, 7, 'Kabupaten Ogan Komering Ulu'),
(119, 7, 'Kabupaten Ogan Komering Ulu Selatan'),
(120, 7, 'Kabupaten Ogan Komering Ulu Timur'),
(121, 7, 'Kota Lubuklinggau'),
(122, 7, 'Kota Pagar Alam'),
(123, 7, 'Kota Palembang'),
(124, 7, 'Kota Prabumulih'),
(125, 8, 'Kabupaten Lampung Barat'),
(126, 8, 'Kabupaten Lampung Selatan'),
(127, 8, 'Kabupaten Lampung Tengah'),
(128, 8, 'Kabupaten Lampung Timur'),
(129, 8, 'Kabupaten Lampung Utara'),
(130, 8, 'Kabupaten Mesuji'),
(131, 8, 'Kabupaten Pesawaran'),
(132, 8, 'Kabupaten Pringsewu'),
(133, 8, 'Kabupaten Tanggamus'),
(134, 8, 'Kabupaten Tulang Bawang'),
(135, 8, 'Kabupaten Tulang Bawang Barat'),
(136, 8, 'Kabupaten Way Kanan'),
(137, 8, 'Kota Bandar Lampung'),
(138, 8, 'Kota Metro'),
(139, 9, 'Kabupaten Bangka'),
(140, 9, 'Kabupaten Bangka Barat'),
(141, 9, 'Kabupaten Bangka Selatan'),
(142, 9, 'Kabupaten Bangka Tengah'),
(143, 9, 'Kabupaten Belitung'),
(144, 9, 'Kabupaten Belitung Timur'),
(145, 9, 'Kota Pangkal Pinang'),
(146, 10, 'Kabupaten Bintan'),
(147, 10, 'Kabupaten Karimun'),
(148, 10, 'Kabupaten Kepulauan Anambas'),
(149, 10, 'Kabupaten Lingga'),
(150, 10, 'Kabupaten Natuna'),
(151, 10, 'Kota Batam'),
(152, 10, 'Kota Tanjung Pinang'),
(153, 11, 'Kabupaten Lebak'),
(154, 11, 'Kabupaten Pandeglang'),
(155, 11, 'Kabupaten Serang'),
(156, 11, 'Kabupaten Tangerang'),
(157, 11, 'Kota Cilegon'),
(158, 11, 'Kota Serang'),
(159, 11, 'Kota Tangerang'),
(160, 11, 'Kota Tangerang Selatan'),
(161, 12, 'Kabupaten Bandung'),
(162, 12, 'Kabupaten Bandung Barat'),
(163, 12, 'Kabupaten Bekasi'),
(164, 12, 'Kabupaten Bogor'),
(165, 12, 'Kabupaten Ciamis'),
(166, 12, 'Kabupaten Cianjur'),
(167, 12, 'Kabupaten Cirebon'),
(168, 12, 'Kabupaten Garut'),
(169, 12, 'Kabupaten Indramayu'),
(170, 12, 'Kabupaten Karawang'),
(171, 12, 'Kabupaten Kuningan'),
(172, 12, 'Kabupaten Majalengka'),
(173, 12, 'Kabupaten Purwakarta'),
(174, 12, 'Kabupaten Subang'),
(175, 12, 'Kabupaten Sukabumi'),
(176, 12, 'Kabupaten Sumedang'),
(177, 12, 'Kabupaten Tasikmalaya'),
(178, 12, 'Kota Bandung'),
(179, 12, 'Kota Banjar'),
(180, 12, 'Kota Bekasi'),
(181, 12, 'Kota Bogor'),
(182, 12, 'Kota Cimahi'),
(183, 12, 'Kota Cirebon'),
(184, 12, 'Kota Depok'),
(185, 12, 'Kota Sukabumi'),
(186, 12, 'Kota Tasikmalaya'),
(187, 13, 'Kabupaten Administrasi Kepulauan Seribu'),
(188, 13, 'Kota Administrasi Jakarta Barat'),
(189, 13, 'Kota Administrasi Jakarta Pusat'),
(190, 13, 'Kota Administrasi Jakarta Selatan'),
(191, 13, 'Kota Administrasi Jakarta Timur'),
(192, 13, 'Kota Administrasi Jakarta Utara'),
(193, 14, 'Kabupaten Banjarnegara'),
(194, 14, 'Kabupaten Banyumas'),
(195, 14, 'Kabupaten Batang'),
(196, 14, 'Kabupaten Blora'),
(197, 14, 'Kabupaten Boyolali'),
(198, 14, 'Kabupaten Brebes'),
(199, 14, 'Kabupaten Cilacap'),
(200, 14, 'Kabupaten Demak'),
(201, 14, 'Kabupaten Grobogan'),
(202, 14, 'Kabupaten Jepara'),
(203, 14, 'Kabupaten Karanganyar'),
(204, 14, 'Kabupaten Kebumen'),
(205, 14, 'Kabupaten Kendal'),
(206, 14, 'Kabupaten Klaten'),
(207, 14, 'Kabupaten Kudus'),
(208, 14, 'Kabupaten Magelang'),
(209, 14, 'Kabupaten Pati'),
(210, 14, 'Kabupaten Pekalongan'),
(211, 14, 'Kabupaten Pemalang'),
(212, 14, 'Kabupaten Purbalingga'),
(213, 14, 'Kabupaten Purworejo'),
(214, 14, 'Kabupaten Rembang'),
(215, 14, 'Kabupaten Semarang'),
(216, 14, 'Kabupaten Sragen'),
(217, 14, 'Kabupaten Sukoharjo'),
(218, 14, 'Kabupaten Tegal'),
(219, 14, 'Kabupaten Temanggung'),
(220, 14, 'Kabupaten Wonogiri'),
(221, 14, 'Kabupaten Wonosobo'),
(222, 14, 'Kota Magelang'),
(223, 14, 'Kota Pekalongan'),
(224, 14, 'Kota Salatiga'),
(225, 14, 'Kota Semarang'),
(226, 14, 'Kota Surakarta'),
(227, 14, 'Kota Tegal'),
(228, 15, 'Kabupaten Bangkalan'),
(229, 15, 'Kabupaten Banyuwangi'),
(230, 15, 'Kabupaten Blitar'),
(231, 15, 'Kabupaten Bojonegoro'),
(232, 15, 'Kabupaten Bondowoso'),
(233, 15, 'Kabupaten Gresik'),
(234, 15, 'Kabupaten Jember'),
(235, 15, 'Kabupaten Jombang'),
(236, 15, 'Kabupaten Kediri'),
(237, 15, 'Kabupaten Lamongan'),
(238, 15, 'Kabupaten Lumajang'),
(239, 15, 'Kabupaten Madiun'),
(240, 15, 'Kabupaten Magetan'),
(241, 15, 'Kabupaten Malang'),
(242, 15, 'Kabupaten Mojokerto'),
(243, 15, 'Kabupaten Nganjuk'),
(244, 15, 'Kabupaten Ngawi'),
(245, 15, 'Kabupaten Pacitan'),
(246, 15, 'Kabupaten Pamekasan'),
(247, 15, 'Kabupaten Pasuruan'),
(248, 15, 'Kabupaten Ponorogo'),
(249, 15, 'Kabupaten Probolinggo'),
(250, 15, 'Kabupaten Sampang'),
(251, 15, 'Kabupaten Sidoarjo'),
(252, 15, 'Kabupaten Situbondo'),
(253, 15, 'Kabupaten Sumenep'),
(254, 15, 'Kabupaten Trenggalek'),
(255, 15, 'Kabupaten Tuban'),
(256, 15, 'Kabupaten Tulungagung'),
(257, 15, 'Kota Batu'),
(258, 15, 'Kota Blitar'),
(259, 15, 'Kota Kediri'),
(260, 15, 'Kota Madiun'),
(261, 15, 'Kota Malang'),
(262, 15, 'Kota Mojokerto'),
(263, 15, 'Kota Pasuruan'),
(264, 15, 'Kota Probolinggo'),
(265, 15, 'Kota Surabaya'),
(266, 16, 'Kabupaten Bantul'),
(267, 16, 'Kabupaten Gunung Kidul'),
(268, 16, 'Kabupaten Kulon Progo'),
(269, 16, 'Kabupaten Sleman'),
(270, 16, 'Kota Yogyakarta'),
(271, 17, 'Kabupaten Badung'),
(272, 17, 'Kabupaten Bangli'),
(273, 17, 'Kabupaten Buleleng'),
(274, 17, 'Kabupaten Gianyar'),
(275, 17, 'Kabupaten Jembrana'),
(276, 17, 'Kabupaten Karangasem'),
(277, 17, 'Kabupaten Klungkung'),
(278, 17, 'Kabupaten Tabanan'),
(279, 17, 'Kota Denpasar'),
(280, 18, 'Kabupaten Bima'),
(281, 18, 'Kabupaten Dompu'),
(282, 18, 'Kabupaten Lombok Barat'),
(283, 18, 'Kabupaten Lombok Tengah'),
(284, 18, 'Kabupaten Lombok Timur'),
(285, 18, 'Kabupaten Lombok Utara'),
(286, 18, 'Kabupaten Sumbawa'),
(287, 18, 'Kabupaten Sumbawa Barat'),
(288, 18, 'Kota Bima'),
(289, 18, 'Kota Mataram'),
(290, 19, 'Kabupaten Kupang'),
(291, 19, 'Kabupaten Timor Tengah Selatan'),
(292, 19, 'Kabupaten Timor Tengah Utara'),
(293, 19, 'Kabupaten Belu'),
(294, 19, 'Kabupaten Alor'),
(295, 19, 'Kabupaten Flores Timur'),
(296, 19, 'Kabupaten Sikka'),
(297, 19, 'Kabupaten Ende'),
(298, 19, 'Kabupaten Ngada'),
(299, 19, 'Kabupaten Manggarai'),
(300, 19, 'Kabupaten Sumba Timur'),
(301, 19, 'Kabupaten Sumba Barat'),
(302, 19, 'Kabupaten Lembata'),
(303, 19, 'Kabupaten Rote Ndao'),
(304, 19, 'Kabupaten Manggarai Barat'),
(305, 19, 'Kabupaten Nagekeo'),
(306, 19, 'Kabupaten Sumba Tengah'),
(307, 19, 'Kabupaten Sumba Barat Daya'),
(308, 19, 'Kabupaten Manggarai Timur'),
(309, 19, 'Kabupaten Sabu Raijua'),
(310, 19, 'Kota Kupang'),
(311, 20, 'Kabupaten Bengkayang'),
(312, 20, 'Kabupaten Kapuas Hulu'),
(313, 20, 'Kabupaten Kayong Utara'),
(314, 20, 'Kabupaten Ketapang'),
(315, 20, 'Kabupaten Kubu Raya'),
(316, 20, 'Kabupaten Landak'),
(317, 20, 'Kabupaten Melawi'),
(318, 20, 'Kabupaten Pontianak'),
(319, 20, 'Kabupaten Sambas'),
(320, 20, 'Kabupaten Sanggau'),
(321, 20, 'Kabupaten Sekadau'),
(322, 20, 'Kabupaten Sintang'),
(323, 20, 'Kota Pontianak'),
(324, 20, 'Kota Singkawang'),
(325, 21, 'Kabupaten Balangan'),
(326, 21, 'Kabupaten Banjar'),
(327, 21, 'Kabupaten Barito Kuala'),
(328, 21, 'Kabupaten Hulu Sungai Selatan'),
(329, 21, 'Kabupaten Hulu Sungai Tengah'),
(330, 21, 'Kabupaten Hulu Sungai Utara'),
(331, 21, 'Kabupaten Kotabaru'),
(332, 21, 'Kabupaten Tabalong'),
(333, 21, 'Kabupaten Tanah Bumbu'),
(334, 21, 'Kabupaten Tanah Laut'),
(335, 21, 'Kabupaten Tapin'),
(336, 21, 'Kota Banjarbaru'),
(337, 21, 'Kota Banjarmasin'),
(338, 22, 'Kabupaten Barito Selatan'),
(339, 22, 'Kabupaten Barito Timur'),
(340, 22, 'Kabupaten Barito Utara'),
(341, 22, 'Kabupaten Gunung Mas'),
(342, 22, 'Kabupaten Kapuas'),
(343, 22, 'Kabupaten Katingan'),
(344, 22, 'Kabupaten Kotawaringin Barat'),
(345, 22, 'Kabupaten Kotawaringin Timur'),
(346, 22, 'Kabupaten Lamandau'),
(347, 22, 'Kabupaten Murung Raya'),
(348, 22, 'Kabupaten Pulang Pisau'),
(349, 22, 'Kabupaten Sukamara'),
(350, 22, 'Kabupaten Seruyan'),
(351, 22, 'Kota Palangka Raya'),
(352, 23, 'Kabupaten Berau'),
(353, 23, 'Kabupaten Bulungan'),
(354, 23, 'Kabupaten Kutai Barat'),
(355, 23, 'Kabupaten Kutai Kartanegara'),
(356, 23, 'Kabupaten Kutai Timur'),
(357, 23, 'Kabupaten Malinau'),
(358, 23, 'Kabupaten Nunukan'),
(359, 23, 'Kabupaten Paser'),
(360, 23, 'Kabupaten Penajam Paser Utara'),
(361, 23, 'Kabupaten Tana Tidung'),
(362, 23, 'Kota Balikpapan'),
(363, 23, 'Kota Bontang'),
(364, 23, 'Kota Samarinda'),
(365, 23, 'Kota Tarakan'),
(366, 24, 'Kabupaten Boalemo'),
(367, 24, 'Kabupaten Bone Bolango'),
(368, 24, 'Kabupaten Gorontalo'),
(369, 24, 'Kabupaten Gorontalo Utara'),
(370, 24, 'Kabupaten Pohuwato'),
(371, 24, 'Kota Gorontalo'),
(372, 25, 'Kabupaten Bantaeng'),
(373, 25, 'Kabupaten Barru'),
(374, 25, 'Kabupaten Bone'),
(375, 25, 'Kabupaten Bulukumba'),
(376, 25, 'Kabupaten Enrekang'),
(377, 25, 'Kabupaten Gowa'),
(378, 25, 'Kabupaten Jeneponto'),
(379, 25, 'Kabupaten Kepulauan Selayar'),
(380, 25, 'Kabupaten Luwu'),
(381, 25, 'Kabupaten Luwu Timur'),
(382, 25, 'Kabupaten Luwu Utara'),
(383, 25, 'Kabupaten Maros'),
(384, 25, 'Kabupaten Pangkajene dan Kepulauan'),
(385, 25, 'Kabupaten Pinrang'),
(386, 25, 'Kabupaten Sidenreng Rappang'),
(387, 25, 'Kabupaten Sinjai'),
(388, 25, 'Kabupaten Soppeng'),
(389, 25, 'Kabupaten Takalar'),
(390, 25, 'Kabupaten Tana Toraja'),
(391, 25, 'Kabupaten Toraja Utara'),
(392, 25, 'Kabupaten Wajo'),
(393, 25, 'Kota Makassar'),
(394, 25, 'Kota Palopo'),
(395, 25, 'Kota Parepare'),
(396, 26, 'Kabupaten Bombana'),
(397, 26, 'Kabupaten Buton'),
(398, 26, 'Kabupaten Buton Utara'),
(399, 26, 'Kabupaten Kolaka'),
(400, 26, 'Kabupaten Kolaka Utara'),
(401, 26, 'Kabupaten Konawe'),
(402, 26, 'Kabupaten Konawe Selatan'),
(403, 26, 'Kabupaten Konawe Utara'),
(404, 26, 'Kabupaten Muna'),
(405, 26, 'Kabupaten Wakatobi'),
(406, 26, 'Kota Bau-Bau'),
(407, 26, 'Kota Kendari'),
(408, 27, 'Kabupaten Banggai'),
(409, 27, 'Kabupaten Banggai Kepulauan'),
(410, 27, 'Kabupaten Buol'),
(411, 27, 'Kabupaten Donggala'),
(412, 27, 'Kabupaten Morowali'),
(413, 27, 'Kabupaten Parigi Moutong'),
(414, 27, 'Kabupaten Poso'),
(415, 27, 'Kabupaten Tojo Una-Una'),
(416, 27, 'Kabupaten Toli-Toli'),
(417, 27, 'Kabupaten Sigi'),
(418, 27, 'Kota Palu'),
(419, 28, 'Kabupaten Bolaang Mongondow'),
(420, 28, 'Kabupaten Bolaang Mongondow Selatan'),
(421, 28, 'Kabupaten Bolaang Mongondow Timur'),
(422, 28, 'Kabupaten Bolaang Mongondow Utara'),
(423, 28, 'Kabupaten Kepulauan Sangihe'),
(424, 28, 'Kabupaten Kepulauan Siau Tagulandang Biaro'),
(425, 28, 'Kabupaten Kepulauan Talaud'),
(426, 28, 'Kabupaten Minahasa'),
(427, 28, 'Kabupaten Minahasa Selatan'),
(428, 28, 'Kabupaten Minahasa Tenggara'),
(429, 28, 'Kabupaten Minahasa Utara'),
(430, 28, 'Kota Bitung'),
(431, 28, 'Kota Kotamobagu'),
(432, 28, 'Kota Manado'),
(433, 28, 'Kota Tomohon'),
(434, 29, 'Kabupaten Majene'),
(435, 29, 'Kabupaten Mamasa'),
(436, 29, 'Kabupaten Mamuju'),
(437, 29, 'Kabupaten Mamuju Utara'),
(438, 29, 'Kabupaten Polewali Mandar'),
(439, 30, 'Kabupaten Buru'),
(440, 30, 'Kabupaten Buru Selatan'),
(441, 30, 'Kabupaten Kepulauan Aru'),
(442, 30, 'Kabupaten Maluku Barat Daya'),
(443, 30, 'Kabupaten Maluku Tengah'),
(444, 30, 'Kabupaten Maluku Tenggara'),
(445, 30, 'Kabupaten Maluku Tenggara Barat'),
(446, 30, 'Kabupaten Seram Bagian Barat'),
(447, 30, 'Kabupaten Seram Bagian Timur'),
(448, 30, 'Kota Ambon'),
(449, 30, 'Kota Tual'),
(450, 31, 'Kabupaten Halmahera Barat'),
(451, 31, 'Kabupaten Halmahera Tengah'),
(452, 31, 'Kabupaten Halmahera Utara'),
(453, 31, 'Kabupaten Halmahera Selatan'),
(454, 31, 'Kabupaten Kepulauan Sula'),
(455, 31, 'Kabupaten Halmahera Timur'),
(456, 31, 'Kabupaten Pulau Morotai'),
(457, 31, 'Kota Ternate'),
(458, 31, 'Kota Tidore Kepulauan'),
(459, 32, 'Kabupaten Asmat'),
(460, 32, 'Kabupaten Biak Numfor'),
(461, 32, 'Kabupaten Boven Digoel'),
(462, 32, 'Kabupaten Deiyai'),
(463, 32, 'Kabupaten Dogiyai'),
(464, 32, 'Kabupaten Intan Jaya'),
(465, 32, 'Kabupaten Jayapura'),
(466, 32, 'Kabupaten Jayawijaya'),
(467, 32, 'Kabupaten Keerom'),
(468, 32, 'Kabupaten Kepulauan Yapen'),
(469, 32, 'Kabupaten Lanny Jaya'),
(470, 32, 'Kabupaten Mamberamo Raya'),
(471, 32, 'Kabupaten Mamberamo Tengah'),
(472, 32, 'Kabupaten Mappi'),
(473, 32, 'Kabupaten Merauke'),
(474, 32, 'Kabupaten Mimika'),
(475, 32, 'Kabupaten Nabire'),
(476, 32, 'Kabupaten Nduga'),
(477, 32, 'Kabupaten Paniai'),
(478, 32, 'Kabupaten Pegunungan Bintang'),
(479, 32, 'Kabupaten Puncak'),
(480, 32, 'Kabupaten Puncak Jaya'),
(481, 32, 'Kabupaten Sarmi'),
(482, 32, 'Kabupaten Supiori'),
(483, 32, 'Kabupaten Tolikara'),
(484, 32, 'Kabupaten Waropen'),
(485, 32, 'Kabupaten Yahukimo'),
(486, 32, 'Kabupaten Yalimo'),
(487, 32, 'Kota Jayapura'),
(488, 33, 'Kabupaten Fakfak'),
(489, 33, 'Kabupaten Kaimana'),
(490, 33, 'Kabupaten Manokwari'),
(491, 33, 'Kabupaten Maybrat'),
(492, 33, 'Kabupaten Raja Ampat'),
(493, 33, 'Kabupaten Sorong'),
(494, 33, 'Kabupaten Sorong Selatan'),
(495, 33, 'Kabupaten Tambrauw'),
(496, 33, 'Kabupaten Teluk Bintuni'),
(497, 33, 'Kabupaten Teluk Wondama'),
(498, 33, 'Kota Sorong');

-- --------------------------------------------------------

--
-- Table structure for table `data_provinsi`
--

CREATE TABLE IF NOT EXISTS `data_provinsi` (
`id_provinsi` int(11) NOT NULL,
  `region` int(11) DEFAULT NULL,
  `nama_provinsi` varchar(255) COLLATE utf8_unicode_ci DEFAULT NULL
) ENGINE=MyISAM AUTO_INCREMENT=34 DEFAULT CHARSET=utf8 COLLATE=utf8_unicode_ci;

--
-- Dumping data for table `data_provinsi`
--

INSERT INTO `data_provinsi` (`id_provinsi`, `region`, `nama_provinsi`) VALUES
(1, 1, 'Aceh'),
(2, 1, 'Sumatera Utara'),
(3, 1, 'Bengkulu'),
(4, 1, 'Jambi'),
(5, 1, 'Riau'),
(6, 1, 'Sumatera Barat'),
(7, 1, 'Sumatera Selatan'),
(8, 1, 'Lampung'),
(9, 1, 'Kepulauan Bangka Belitung'),
(10, 1, 'Kepulauan Riau'),
(11, 2, 'Banten'),
(12, 2, 'Jawa Barat'),
(13, 2, 'DKI Jakarta'),
(14, 2, 'Jawa Tengah'),
(15, 2, 'Jawa Timur'),
(16, 2, 'Daerah Istimewa Yogyakarta'),
(17, 7, 'Bali'),
(18, 6, 'Nusa Tenggara Barat'),
(19, 6, 'Nusa Tenggara Timur'),
(20, 3, 'Kalimantan Barat'),
(21, 3, 'Kalimantan Selatan'),
(22, 3, 'Kalimantan Tengah'),
(23, 3, 'Kalimantan Timur'),
(24, 4, 'Gorontalo'),
(25, 4, 'Sulawesi Selatan'),
(26, 4, 'Sulawesi Tenggara'),
(27, 4, 'Sulawesi Tengah'),
(28, 4, 'Sulawesi Utara'),
(29, 4, 'Sulawesi Barat'),
(30, 5, 'Maluku'),
(31, 5, 'Maluku Utara'),
(32, 8, 'Papua'),
(33, 8, 'Papua Barat');

-- --------------------------------------------------------

--
-- Table structure for table `level`
--

CREATE TABLE IF NOT EXISTS `level` (
`id_level` int(11) NOT NULL,
  `nama_level` varchar(30) COLLATE latin1_general_ci NOT NULL DEFAULT ''
) ENGINE=MyISAM AUTO_INCREMENT=6 DEFAULT CHARSET=latin1 COLLATE=latin1_general_ci;

--
-- Dumping data for table `level`
--

INSERT INTO `level` (`id_level`, `nama_level`) VALUES
(1, 'admin'),
(2, 'operator');

-- --------------------------------------------------------

--
-- Table structure for table `tbl_atlet`
--

CREATE TABLE IF NOT EXISTS `tbl_atlet` (
`id_atlet` smallint(10) NOT NULL,
  `id_propinsi` int(11) DEFAULT NULL,
  `id_cabor` int(11) DEFAULT NULL,
  `atlet` text,
  `id_jk` int(1) DEFAULT NULL,
  `id_pelatih` int(11) DEFAULT NULL,
  `lat` float(10,6) NOT NULL,
  `lng` float(10,6) NOT NULL,
  `alamat` text
) ENGINE=MyISAM AUTO_INCREMENT=3032 DEFAULT CHARSET=latin1;

--
-- Dumping data for table `tbl_atlet`
--

INSERT INTO `tbl_atlet` (`id_atlet`, `id_propinsi`, `id_cabor`, `atlet`, `id_jk`, `id_pelatih`, `lat`, `lng`, `alamat`) VALUES
(12, 25, 1, 'Yosep Manupapami', 1, 10, -0.779352, 131.880875, NULL),
(13, 25, 1, 'Wahyu Rumbarar', 1, 10, -1.890215, 133.655746, NULL),
(14, 25, 1, 'Dessy V. Baransano', 2, 10, -1.015296, 132.947311, NULL),
(15, 25, 1, 'Yohana Insyur', 2, 10, -1.976934, 133.387436, NULL),
(16, 25, 6, 'Irmawan Puadi', 1, 11, -0.759249, 132.335175, NULL),
(17, 25, 6, 'Dorus Mirino', 1, 11, -1.030857, 133.681274, NULL),
(18, 25, 10, 'Ester Sada', 1, 12, -1.147993, 133.707932, NULL),
(19, 25, 10, 'Ice Sroyer', 1, 12, -1.479280, 131.676559, NULL),
(20, 25, 11, 'Sakeus Munuai', 1, 13, -2.830241, 133.952545, NULL),
(21, 25, 11, 'Serrli Aprilia Sampe', 2, 13, -0.800145, 132.853912, NULL),
(22, 30, 1, 'Poppa Anugrah', 1, 14, -2.496604, 106.230927, NULL),
(23, 30, 1, 'Ferdy Ariyanto', 1, 14, -2.070262, 105.866844, NULL),
(24, 30, 1, 'Saputra Sanjaya', 1, 14, -1.980002, 105.204636, NULL),
(25, 30, 1, 'Dimas Chandra', 1, 14, -1.527073, 105.889198, NULL),
(26, 30, 1, 'Edy Ariansyah', 1, 14, -2.079311, 105.314278, NULL),
(27, 30, 1, 'Anggi Novelita', 2, 15, -2.090394, 105.976280, NULL),
(28, 30, 1, 'Fini Fitriani', 2, 15, -2.093457, 105.311676, NULL),
(29, 30, 1, 'Rohimayanti', 2, 15, -2.271698, 106.156929, NULL),
(30, 30, 1, 'Sri Radita', 2, 15, -2.620059, 106.011047, NULL),
(31, 30, 1, 'Holita Sari', 2, 15, -2.637915, 106.334152, NULL),
(32, 30, 11, 'Aditia Suhendro', 1, 16, -2.776940, 106.046219, NULL),
(33, 30, 11, 'Chandra Ma''ruf', 1, 16, 0.000000, 0.000000, NULL),
(34, 30, 11, 'An-Nawai A.', 1, 16, -2.028599, 105.681541, NULL),
(35, 30, 11, 'Robiatul Adawiyah', 2, 16, -1.938036, 106.043556, NULL),
(36, 30, 11, 'Sarah Pirgianti', 2, 16, -2.339168, 106.120361, NULL),
(37, 21, 1, 'Usman Mataihu', 1, 17, 0.368584, 123.214668, NULL),
(38, 21, 1, 'Yusuf Umar', 1, 17, 0.955186, 122.514984, NULL),
(39, 21, 1, 'Rahmat Hidayat Panigoro', 1, 17, 0.734093, 121.429695, NULL),
(40, 21, 1, 'Abdulah Lalu', 1, 18, 0.626742, 123.196945, NULL),
(41, 21, 1, 'Fitra Nusi', 2, 18, 0.865156, 123.121483, NULL),
(42, 21, 1, 'Lastri Latif', 2, 18, 0.818629, 121.585258, NULL),
(43, 21, 11, 'Ismail Abdulah', 1, 19, 0.733679, 122.770584, NULL),
(44, 21, 11, 'Rizki Billuji', 1, 19, 0.864671, 123.027374, NULL),
(45, 21, 11, 'Hidayat Mohamad', 1, 19, 0.930427, 122.576096, NULL),
(46, 21, 11, 'Wisnu Uti', 1, 19, 0.776547, 122.845955, NULL),
(47, 21, 11, 'Yahya Bangga', 1, 19, 0.357117, 123.368614, NULL),
(48, 21, 11, 'Rahmad Maliki', 1, 20, 0.606465, 122.220894, NULL),
(49, 21, 11, 'Dewi Husain', 2, 20, 0.586749, 123.087395, NULL),
(50, 21, 11, 'Elsye Martina Idji', 2, 20, 0.742491, 122.135216, NULL),
(51, 21, 11, 'Rizky Taha', 2, 20, 0.678672, 122.623581, NULL),
(52, 21, 11, 'Wulandari Paulutu', 2, 20, 0.985717, 122.449669, NULL),
(53, 21, 8, 'Harison Mohamad', 1, 21, 0.621494, 122.383522, NULL),
(54, 21, 8, 'Rizal Yusuf', 1, 21, 0.588654, 122.322334, NULL),
(55, 21, 8, 'Ranggi Budiman Lakoro', 1, 22, 0.568491, 123.358658, NULL),
(56, 21, 8, 'Rizal Husain', 1, 22, 0.770555, 122.810013, NULL),
(57, 11, 1, 'Endang Agus', 1, 23, -8.674237, 118.821915, NULL),
(58, 11, 1, 'Sakban Yadi', 1, 23, -9.022834, 117.298187, NULL),
(59, 11, 1, 'Heri Santoso', 1, 23, -8.950889, 116.787224, NULL),
(60, 11, 1, 'Alimudin', 1, 23, -8.551782, 117.352997, NULL),
(61, 11, 1, 'Faezal', 1, 23, -8.734399, 116.920601, NULL),
(62, 11, 1, 'Adrian', 1, 23, -8.432371, 118.653854, NULL),
(63, 11, 1, 'Hamdan', 1, 24, -8.562355, 117.417564, NULL),
(64, 11, 1, 'Sapwaturahman', 1, 24, -8.430802, 118.502953, NULL),
(65, 11, 1, 'Sahnan', 1, 24, -8.801732, 117.570175, NULL),
(66, 11, 1, 'Irpan', 1, 24, -8.469838, 118.453453, NULL),
(67, 11, 1, 'M. Suharji', 1, 24, -8.780444, 118.831993, NULL),
(68, 11, 1, 'Arif  Rahman', 1, 25, -8.184351, 117.979500, NULL),
(69, 11, 1, 'Rohani', 2, 25, -8.572539, 117.580139, NULL),
(70, 11, 1, 'Nurul Imaniar', 2, 25, -8.685088, 118.718407, NULL),
(71, 11, 1, 'Vivit Marselina', 2, 25, -8.735315, 116.878532, NULL),
(72, 11, 1, 'Siti Fatimah', 2, 25, -8.723247, 117.388184, NULL),
(73, 11, 1, 'Purwati', 2, 26, -8.517039, 118.559898, NULL),
(74, 11, 1, 'Ratu Tria R', 2, 26, -8.601565, 117.454926, NULL),
(75, 11, 1, 'Desak Kayan Kariyanti', 2, 26, -8.406851, 118.091263, NULL),
(76, 11, 1, 'Yanti Susilawati', 2, 26, -9.026102, 117.105904, NULL),
(77, 11, 1, 'Siti Hajar', 2, 26, -8.825219, 118.424042, NULL),
(78, 11, 11, 'Nurul Huda', 1, 27, -8.671948, 117.402817, NULL),
(79, 11, 11, 'Heri Marta Bahriadi', 1, 27, -8.815877, 116.848190, NULL),
(80, 11, 11, 'Angga Aryadi', 1, 27, -8.176808, 117.892242, NULL),
(81, 11, 11, 'Rizki Maulana', 1, 27, -8.721829, 117.902565, NULL),
(82, 11, 11, 'Wildon Chaidir S.', 1, 27, -8.575307, 116.955177, NULL),
(83, 11, 11, 'M. Badri', 1, 27, -8.596932, 118.316414, NULL),
(84, 11, 11, 'SulKarnadi', 1, 28, -8.514731, 118.786964, NULL),
(85, 11, 11, 'Imam Hidayat', 1, 28, -8.551751, 118.858406, NULL),
(86, 11, 11, 'Ni Kadek Windi A.', 2, 28, -8.641523, 116.782600, NULL),
(87, 11, 11, 'Fitri Rahman Zaitulah', 2, 28, -8.480058, 117.373711, NULL),
(88, 11, 11, 'Iis Novianti', 2, 28, -8.481658, 118.489929, NULL),
(89, 11, 11, 'H. Dwi Apriliska', 2, 28, -9.053113, 116.885605, NULL),
(90, 11, 9, 'Dhita Yuliana', 2, 29, -8.381249, 117.873634, NULL),
(91, 11, 9, 'Riza Arizona', 2, 29, -8.123827, 117.897102, NULL),
(92, 11, 9, 'Ni Made Windu W.', 2, 29, -8.739678, 117.847984, NULL),
(93, 11, 9, 'Resti Ardiani', 2, 29, -8.604633, 118.805260, NULL),
(94, 11, 9, 'Astrid Oktavia Bahari', 2, 29, -8.795565, 116.995247, NULL),
(95, 11, 9, 'Putu Dini S.U', 2, 30, -8.386589, 118.275764, NULL),
(96, 11, 9, 'Aprilia Novita Sari', 2, 30, -8.733803, 118.568855, NULL),
(97, 11, 9, 'Deli Hartaty Asa', 2, 30, -8.600618, 117.391029, NULL),
(98, 11, 9, 'Baiq Intan Prawita Sari', 2, 30, -8.573529, 118.450691, NULL),
(99, 11, 9, 'Lia Hatman', 2, 30, -8.432034, 118.724388, NULL),
(100, 3, 10, 'Klisyer S. Sinurat', 1, 31, 3.613591, 98.821915, NULL),
(101, 3, 10, 'Putra Maulana', 1, 31, 3.673092, 98.860176, NULL),
(102, 3, 10, 'Mei Fernando Sihotang', 1, 31, 2.306555, 99.253220, NULL),
(103, 3, 10, 'Yongki Fahmi', 1, 31, 2.472075, 99.982376, NULL),
(104, 3, 10, 'Jan Bobby Nersa Barus', 1, 32, 2.584636, 99.591103, NULL),
(105, 3, 10, 'Sekda T.Barus', 1, 32, 1.627024, 99.983871, NULL),
(106, 3, 10, 'Roy Brema Ginting', 1, 32, 3.045297, 98.488106, NULL),
(107, 3, 10, 'Farnel Silaban', 1, 32, 2.530564, 98.493111, NULL),
(108, 27, 10, 'Bismi Fornandes', 1, 33, -2.113616, 101.159538, NULL),
(109, 27, 10, 'Firda Nanda', 1, 33, -0.908795, 100.561836, NULL),
(110, 27, 10, 'Gunawan Adi Utami', 1, 33, 0.413083, 100.072067, NULL),
(111, 27, 10, 'Tri Joni Andespi', 1, 33, -0.947453, 100.624336, NULL),
(112, 27, 10, 'Husnul Amri', 1, 33, -0.361542, 100.450134, NULL),
(113, 27, 10, 'Gulastyo Mardian Pratama', 1, 34, -0.281401, 100.275459, NULL),
(114, 27, 10, 'Alwin Efendi', 1, 34, -0.101667, 100.568886, NULL),
(115, 27, 10, 'Rudi Juliandi', 1, 34, 0.461872, 99.422897, NULL),
(116, 27, 10, 'Ronal Ramdhan Putra', 1, 34, -2.360593, 101.101974, NULL),
(117, 27, 10, 'Satria Eka Putra', 1, 34, -1.176153, 101.266426, NULL),
(118, 28, 10, 'Sonta Eman Supriadi Putra', 1, 35, -1.510944, 103.456940, NULL),
(119, 28, 10, 'Hari Setiono', 1, 35, -1.765690, 102.330162, NULL),
(120, 28, 10, 'Alessandro Polta Pasaribu', 1, 35, -1.247326, 103.570503, NULL),
(121, 28, 10, 'Johansyah', 1, 35, -1.125468, 102.368523, NULL),
(122, 28, 10, 'Jaenuddin', 1, 35, -1.200051, 103.892502, NULL),
(123, 28, 10, 'Agusto', 1, 35, -2.214872, 101.647499, NULL),
(124, 28, 10, 'Wandi Midtris Putra', 1, 36, -2.075444, 102.698524, NULL),
(125, 28, 10, 'Nopriyadi Ibra', 1, 36, -1.770446, 102.956268, NULL),
(126, 28, 10, 'Dafis Ramadan', 1, 36, -1.409663, 103.357529, NULL),
(127, 28, 10, 'Rizki Aprianto', 1, 36, -2.062083, 102.372337, NULL),
(128, 28, 10, 'Rian Virginia', 1, 36, -2.208476, 101.766724, NULL),
(129, 31, 10, 'Mahyudi Dwi Septian', 1, 37, -5.096595, 103.887154, NULL),
(130, 31, 10, 'Zulfirman Jaya Abadi', 1, 37, -4.503533, 105.406204, NULL),
(131, 31, 10, 'Muhammad Hasan', 1, 37, -4.474732, 104.984161, NULL),
(132, 31, 10, 'Saiful Adin', 1, 37, -4.232155, 105.177101, NULL),
(133, 31, 10, 'Satria Abdi Jaya Abli', 1, 38, -5.322657, 104.568260, NULL),
(134, 31, 10, 'Herdiansyah', 1, 38, -5.308379, 104.155075, NULL),
(135, 31, 10, 'Oldan Marhata', 1, 39, -4.918913, 105.311653, NULL),
(136, 31, 10, 'Ekko Apriyanto', 1, 39, -5.134791, 105.046013, NULL),
(137, 33, 10, 'Anggi Pratama', 1, 40, -3.702432, 102.282913, NULL),
(138, 33, 10, 'Aprianto', 1, 40, -4.298288, 102.980225, NULL),
(139, 33, 10, 'David S.', 1, 40, -4.435222, 103.401665, NULL),
(140, 33, 10, 'Khewel Embana Sembiring', 1, 40, -4.597189, 103.635185, NULL),
(141, 33, 10, 'Rahmad M.', 1, 40, -2.763357, 101.934570, NULL),
(142, 33, 10, 'Suratman', 1, 41, -3.329773, 102.139206, NULL),
(143, 33, 10, 'Satria Wijaya', 1, 41, -2.946719, 101.450592, NULL),
(144, 33, 10, 'Suparmanto', 1, 41, -2.842275, 101.645409, NULL),
(145, 33, 10, 'Dedi M.', 1, 41, -3.934006, 102.286896, NULL),
(146, 1, 12, 'Khairul Bahri', 1, 42, 3.699028, 97.442871, NULL),
(147, 1, 12, 'Tri hardyan', 1, 42, 3.389258, 97.762764, NULL),
(148, 1, 12, 'Yamansyah', 1, 42, 4.192020, 97.969536, NULL),
(149, 1, 12, 'Guruh Tanoga', 1, 42, 5.117369, 97.312813, NULL),
(150, 1, 12, 'Amaul Husna', 1, 42, 3.398330, 97.596001, NULL),
(151, 3, 12, 'Andika Putra', 1, 43, 2.068987, 99.555344, NULL),
(152, 3, 12, 'M.Zein Nugraha', 1, 43, 1.728511, 98.818169, NULL),
(153, 3, 12, 'Roy Gabe Pandapotan S.', 1, 43, 1.663117, 100.066826, NULL),
(154, 3, 12, 'Indah Mogia Angkat', 2, 44, 3.658396, 98.363342, NULL),
(155, 3, 12, 'Nova Sinaga', 2, 44, 0.822724, 99.157448, NULL),
(156, 3, 12, 'Srunita Sari', 2, 44, 2.990696, 99.317421, NULL),
(157, 28, 12, 'Erlando Stevano', 1, 45, -1.643743, 103.170135, NULL),
(158, 28, 12, 'Malindo Tryyanda Pratana', 1, 45, -2.316533, 102.845848, NULL),
(159, 28, 12, 'Dian Saputri Purnama S', 2, 46, -1.380030, 103.251144, NULL),
(160, 28, 12, 'Sarwenda', 1, 46, -1.525294, 104.275406, NULL),
(161, 29, 12, 'Chandra Saputra', 1, 47, -2.186175, 104.009972, NULL),
(162, 29, 12, 'Talkha Syanoveri', 1, 47, -3.913827, 104.684731, NULL),
(163, 29, 12, 'Koirunisa', 1, 48, -3.222578, 105.056091, NULL),
(164, 29, 12, 'Yunita', 2, 48, -4.042064, 104.090660, NULL),
(165, 33, 12, 'Eko Saputra Lubis', 1, 49, -3.221861, 102.000992, NULL),
(166, 33, 12, 'Taufik Akbar', 1, 49, -3.852758, 102.448975, NULL),
(167, 33, 12, 'Aby Utama Amin Akbar', 1, 49, -3.599908, 102.623138, NULL),
(168, 33, 12, 'Alexander', 1, 49, -3.444029, 102.485352, NULL),
(169, 33, 12, 'Dopi Mirwanto', 1, 49, -2.829508, 101.845963, NULL),
(170, 33, 12, 'Hanung Wahyu Ramadhan', 2, 50, -2.980401, 102.050957, NULL),
(171, 33, 12, 'Teti Anggi Purnama Dita', 2, 50, -4.665210, 103.559540, NULL),
(172, 33, 12, 'Lusia Apritiwi', 2, 50, -2.851378, 101.677925, NULL),
(173, 33, 12, 'Reni Mayasari', 2, 50, -4.192979, 103.159195, NULL),
(174, 33, 12, 'Rifca Yulia Astuti', 2, 50, -3.511221, 102.144325, NULL),
(175, 6, 12, 'Dylan Hagi Syahrial', 1, 51, -7.439588, 107.225525, NULL),
(176, 6, 12, 'Faisal Indra Komara', 1, 51, -7.121138, 108.433922, NULL),
(177, 6, 12, 'Fiqi Wandya Sapta P.', 1, 51, -6.597750, 107.244652, NULL),
(178, 6, 12, 'Moch. Iqbal Fadilah', 1, 51, -6.635093, 108.532837, NULL),
(179, 6, 12, 'Kamal Najib', 1, 51, -6.824941, 107.762718, NULL),
(180, 6, 12, 'Avista Candra Dewi S.', 2, 51, -6.972382, 107.803101, NULL),
(181, 6, 12, 'Ayu Rahmawati', 2, 51, -7.043865, 108.106171, NULL),
(182, 6, 12, 'Aqtrie Danasega', 2, 52, -6.609565, 106.543373, NULL),
(183, 6, 12, 'Eva Fitria Setiawati', 2, 52, -7.217206, 106.616158, NULL),
(184, 6, 12, 'Intan Nurjannah', 2, 52, -6.477474, 107.589508, NULL),
(185, 6, 12, 'Putri Suandini', 2, 52, -7.091125, 106.559364, NULL),
(186, 6, 12, 'Siti Maryam', 2, 52, -7.127832, 108.333778, NULL),
(187, 6, 12, 'Jihan Fitriana', 2, 52, -6.616781, 107.157059, NULL),
(188, 29, 13, 'Mariatul Fadhila', 1, 53, -2.835419, 102.804367, NULL),
(189, 29, 13, 'Hendro Rizki Yadi', 1, 53, -3.322159, 102.588776, NULL),
(190, 29, 13, 'Muhammad Indra', 1, 53, -3.918251, 104.950859, NULL),
(191, 29, 13, 'Nadya Hermalia Putri', 2, 54, -3.069754, 105.549774, NULL),
(192, 29, 13, 'Marwenty Saumy A.', 2, 54, -3.167864, 105.237358, NULL),
(193, 15, 13, 'Muhammad Aditya', 1, 55, -2.859150, 115.851250, NULL),
(194, 15, 13, 'Alpianoor', 1, 55, -3.570880, 115.500366, NULL),
(195, 15, 13, 'Muahammad Abdul Hadi', 1, 56, -3.270066, 114.426163, NULL),
(196, 15, 13, 'Muhammad Rizki G.', 1, 56, -3.566801, 114.875526, NULL),
(197, 8, 14, 'Rico Yudhi Pratama', 1, 57, -7.744321, 110.433914, NULL),
(198, 8, 14, 'Hendry Widya Dwi Setiawan', 1, 57, -7.951777, 110.608360, NULL),
(199, 8, 14, 'Oki Sakti', 1, 57, -7.954513, 110.489868, NULL),
(200, 8, 14, 'Yanu Rahmanto', 1, 57, -7.956264, 110.496857, NULL),
(201, 8, 14, 'Ika Septi', 2, 58, -7.860896, 110.343903, NULL),
(202, 8, 14, 'Furi Nike Susanti', 2, 58, -7.872572, 110.405106, NULL),
(203, 8, 14, 'Denta Aisyah', 2, 58, -7.830300, 110.483597, NULL),
(204, 8, 14, 'Lefianan Febiola Vistalita', 2, 58, -7.862346, 110.100830, NULL),
(205, 19, 14, 'Dedi Irawan', 1, 59, 3.297056, 117.042374, NULL),
(206, 19, 14, 'Muchlas Ruliansyah', 1, 59, 0.266737, 116.442413, NULL),
(207, 19, 14, 'Risman Fahri Adi S.', 1, 59, 2.935934, 116.503006, NULL),
(208, 19, 14, 'Eko Magruf Andri A.', 1, 60, -0.263061, 116.292908, NULL),
(209, 19, 14, 'Ariza Ramadhani', 1, 60, 1.663364, 117.673119, NULL),
(210, 13, 14, 'Aprianto', 1, 61, -0.372101, 112.187813, NULL),
(211, 13, 14, 'Rafuad', 1, 61, 0.754671, 112.944572, NULL),
(212, 13, 14, 'Nur Halimah', 2, 62, 0.714759, 111.193985, NULL),
(213, 14, 14, 'Hendra Franandy', 1, 63, -0.609346, 114.181053, NULL),
(214, 14, 14, 'Alex Edwar', 1, 63, -1.745682, 113.298103, NULL),
(215, 14, 14, 'Dedi Natali', 1, 63, -3.077778, 112.709167, NULL),
(216, 14, 14, 'Rizky Hartadi', 1, 63, -2.014974, 112.511169, NULL),
(217, 14, 14, 'Wani Pancariani', 2, 64, -1.675615, 112.566200, NULL),
(218, 14, 14, 'Erika Yuliana', 2, 64, -2.437292, 112.866364, NULL),
(219, 14, 14, 'Siska Hadian', 2, 64, -1.956175, 113.956741, NULL),
(220, 14, 14, 'Cahaya Tirta Fortuna', 2, 64, -0.846864, 113.299545, NULL),
(221, 12, 11, 'Dedimus Leda', 1, 65, -8.486736, 120.140778, NULL),
(222, 12, 11, 'Yanuarius Sikka', 1, 65, -8.714908, 121.942757, NULL),
(223, 12, 11, 'Ahmad Bin A. Bunga', 1, 65, -8.122378, 122.914719, NULL),
(224, 12, 11, 'Matheus Asa', 1, 65, -8.466688, 120.854370, NULL),
(225, 12, 11, 'Leosius K. Taek', 1, 66, -8.664014, 122.121422, NULL),
(226, 12, 11, 'Zainudin Hasan', 1, 66, -8.359696, 120.653198, NULL),
(227, 12, 11, 'Apolonius Laboni', 1, 66, -8.730960, 119.822258, NULL),
(228, 12, 11, 'Abdul Gavur Bolos', 1, 66, -8.496845, 122.017395, NULL),
(229, 32, 11, 'Moses F. Daundy', 1, 67, -5.438226, 139.747726, NULL),
(230, 32, 11, 'Cprinus Raweyai', 1, 67, -5.166263, 139.764450, NULL),
(231, 32, 11, 'Marvilaus Mambay', 1, 67, -2.843689, 140.425049, NULL),
(232, 32, 11, 'Stevi Y. Kaleb', 1, 68, -2.773650, 137.578171, NULL),
(233, 32, 11, 'Muh.Arif Kasaanii', 1, 68, -7.870839, 139.102966, NULL),
(1352, 24, 6, 'Alwin Trenggano', 1, 110, -3.051152, 128.520203, NULL),
(235, 29, 15, 'Periansyah', 1, 69, -3.765741, 103.056908, NULL),
(236, 29, 15, 'Imam Budi Wicaksana', 1, 69, -3.098104, 105.304176, NULL),
(237, 29, 15, 'Andika Saputra Jaya', 1, 69, -3.448295, 105.789452, NULL),
(238, 29, 15, 'Fauzi', 1, 70, -4.540914, 104.011421, NULL),
(239, 29, 15, 'Fransiska', 2, 70, -4.621168, 103.871452, NULL),
(240, 22, 15, 'Miky Wowor', 1, 71, 0.409148, 124.303322, NULL),
(241, 22, 15, 'Chiristofel Masengi', 1, 71, 0.420357, 123.545982, NULL),
(242, 22, 15, 'Thycio Randang', 1, 71, 0.839312, 124.196846, NULL),
(243, 22, 15, 'Efra Manoppo', 2, 71, 0.482137, 123.991333, NULL),
(244, 22, 15, 'Devy R. Salay', 2, 71, 1.460760, 124.942757, NULL),
(245, 22, 15, 'Christin I. Masengi', 2, 71, 0.952417, 124.517578, NULL),
(246, 27, 16, 'Rido Musta', 1, 72, -1.612715, 100.902008, NULL),
(247, 27, 16, 'Wahyu Afandi', 1, 72, -0.890912, 100.813698, NULL),
(248, 27, 16, 'Roma Andika Putra', 1, 72, 0.434644, 100.129684, NULL),
(249, 27, 16, 'Restu Widayoka', 1, 72, -1.389673, 100.725693, NULL),
(250, 27, 16, 'Suria Ramadhan', 1, 72, -0.616625, 100.767525, NULL),
(251, 27, 16, 'Yogi Endrian Putra', 1, 73, -0.090960, 100.693626, NULL),
(252, 27, 16, 'Imran Nur Hamid', 1, 73, -1.566072, 100.667160, NULL),
(253, 27, 16, 'Joni Iskandar', 1, 73, -0.917077, 101.164726, NULL),
(254, 27, 16, 'Neneng Widiastuti', 2, 73, -0.221542, 100.256691, NULL),
(255, 27, 16, 'Rika Dahlia', 2, 73, -1.507959, 101.274635, NULL),
(256, 27, 16, 'Lilis Suwarni', 2, 74, -1.393875, 101.636482, NULL),
(257, 27, 16, 'Ane Risman', 2, 74, -1.123842, 100.963501, NULL),
(258, 27, 16, 'Ashidin Oktavia', 2, 74, -0.395280, 100.773949, NULL),
(259, 27, 16, 'Yosi Pramita Sari', 2, 74, -1.149108, 101.720024, NULL),
(260, 27, 16, 'Yayang Yulia Sari', 2, 74, -1.589262, 100.782928, NULL),
(261, 31, 16, 'Ahmat Junaidi', 1, 75, -4.639149, 105.844231, NULL),
(262, 31, 16, 'Anggi Hartono', 1, 75, -5.036157, 105.842590, NULL),
(263, 31, 16, 'Budi hartono', 1, 75, -4.227595, 105.491257, NULL),
(264, 31, 16, 'Dwi Putro Sarjito', 1, 75, -5.739279, 105.757050, NULL),
(265, 31, 16, 'Gusti Agung Risman', 1, 76, -3.898496, 105.421684, NULL),
(266, 31, 16, 'Rahmad Sanjaya', 1, 76, -5.612614, 105.669189, NULL),
(267, 31, 16, 'Ana Nurliawati', 2, 76, -5.005905, 104.127571, NULL),
(268, 31, 16, 'Arsita Ratna Asih', 2, 76, -5.490221, 104.667267, NULL),
(269, 31, 16, 'Gurining Agil S.', 2, 77, -5.345443, 104.439133, NULL),
(270, 31, 16, 'Qur''aini N.', 2, 77, 0.000000, 0.000000, NULL),
(271, 31, 16, 'Septiani Prabawati', 2, 77, -5.061881, 104.503006, NULL),
(272, 31, 16, 'Suaidah', 2, 77, -4.747549, 104.487961, NULL),
(273, 3, 8, 'Muhammad Hafiz Abda', 1, 78, 2.035841, 100.026176, NULL),
(274, 3, 8, 'M. Rizki Satria A.', 1, 78, 1.559345, 99.709061, NULL),
(275, 3, 8, 'Mulkhan M. Hasibuan', 1, 78, 2.595619, 99.083076, NULL),
(276, 3, 8, 'Pramadoni', 1, 79, 2.044240, 100.073776, NULL),
(277, 3, 8, 'Fadli Anwar', 1, 79, 2.466696, 99.872993, NULL),
(278, 3, 8, 'Ari Syahputra', 1, 79, 1.474859, 99.696526, NULL),
(279, 27, 8, 'Muhamad Ersyad', 1, 80, 0.354642, 99.957840, NULL),
(280, 27, 8, 'Ahmad Rizki', 1, 80, -0.178743, 100.212418, NULL),
(281, 27, 8, 'Fajri Nosefli', 1, 80, -0.054887, 99.823677, NULL),
(282, 27, 8, 'Dimenstoso Elrado', 1, 80, -1.407104, 101.591629, NULL),
(283, 27, 8, 'Eba Hirona', 1, 80, 0.285893, 99.853493, NULL),
(284, 27, 8, 'Jefri Naldi', 1, 80, 0.235626, 100.233261, NULL),
(285, 27, 8, 'Riko Syahputra', 1, 80, -1.143387, 101.204597, NULL),
(286, 27, 8, 'Ikhwan Koto', 1, 81, -1.222407, 101.599281, NULL),
(287, 27, 8, 'Fernandus', 1, 81, -0.582606, 100.309135, NULL),
(288, 27, 8, 'Robertus', 1, 81, -1.657625, 101.289528, NULL),
(289, 27, 8, 'Vivi Agustia', 2, 81, 0.607306, 99.919861, NULL),
(290, 27, 8, 'Fitri Indriyani', 2, 81, -0.589910, 100.770752, NULL),
(291, 27, 8, 'Dian Kurnia Sari', 2, 81, -1.938718, 101.034409, NULL),
(292, 27, 8, 'Riza Putri Anita', 2, 81, -0.871715, 100.814484, NULL),
(293, 26, 8, 'Suripto', 1, 82, 1.706471, 101.374474, NULL),
(294, 26, 8, 'Vitra Wahyudi', 1, 82, 0.461079, 101.707985, NULL),
(295, 26, 8, 'Erital', 1, 82, 0.480435, 101.916039, NULL),
(296, 26, 8, 'Darmawan', 1, 82, 1.800488, 101.248840, NULL),
(297, 26, 8, 'Rizky Herwandi', 1, 82, 0.510934, 102.480736, NULL),
(298, 26, 8, 'Khairul Saputra', 1, 82, 2.197455, 100.484573, NULL),
(299, 26, 8, 'Wan Rahmad Hidayat', 1, 83, -0.231542, 101.423935, NULL),
(300, 26, 8, 'Azmal Patrianto', 1, 83, 1.617203, 101.120270, NULL),
(301, 26, 8, 'Marwan', 1, 83, 1.017255, 101.354927, NULL),
(302, 26, 8, 'Oci Nurhadi', 1, 83, -0.179940, 102.647408, NULL),
(303, 26, 8, 'Yandra', 1, 83, 0.158273, 101.509567, NULL),
(304, 26, 8, 'Hendro Sugianto', 1, 83, 2.147696, 100.865280, NULL),
(305, 26, 8, 'Abdul Rahman', 1, 84, 0.714358, 100.262947, NULL),
(306, 26, 8, 'Wahyu Ramadhan', 1, 84, -0.617752, 101.868416, NULL),
(307, 26, 8, 'Syofriyanti', 2, 84, 0.546901, 101.031830, NULL),
(308, 26, 8, 'Mala Indah Sari', 2, 84, -0.221477, 103.361732, NULL),
(309, 26, 8, 'Florensia Cristi', 2, 84, 1.010093, 101.889618, NULL),
(310, 26, 8, 'Sutini', 2, 84, 0.649293, 101.011169, NULL),
(311, 2, 8, 'Rectriand Dolly', 1, 85, 4.085097, 108.109314, NULL),
(312, 2, 8, 'Tomi', 1, 85, 3.978245, 108.054382, NULL),
(313, 2, 8, 'Satria Saptiadi', 1, 85, 3.915223, 108.065369, NULL),
(314, 2, 8, 'Yudi Syahputra', 1, 85, 3.950845, 108.210938, NULL),
(315, 2, 8, 'Buwanto Junaedi', 1, 86, 3.876860, 108.230164, NULL),
(316, 2, 8, 'Rusli', 1, 86, 3.827533, 108.293335, NULL),
(317, 2, 8, 'Syahdan Wahyudi', 1, 86, 3.887821, 108.172485, NULL),
(318, 2, 8, 'Rahendra', 1, 86, 3.959065, 108.243896, NULL),
(319, 3, 2, 'Muhammad Arif', 1, 87, 2.612665, 99.173676, NULL),
(320, 3, 2, 'Fadh Sadam', 1, 87, 1.003448, 99.622864, NULL),
(321, 3, 2, 'Agus Ari Prawira', 1, 87, 3.136894, 98.947411, NULL),
(322, 3, 2, 'Ramadhana', 1, 87, 1.341917, 99.797272, NULL),
(323, 3, 2, 'Safri Juanda', 1, 87, 3.505335, 98.242783, NULL),
(324, 3, 2, 'Eko B. Saputra', 1, 87, 3.433552, 98.943130, NULL),
(325, 3, 2, 'Siswono', 1, 87, 1.935637, 99.429276, NULL),
(326, 3, 2, 'Ary Pratama', 1, 88, 1.022897, 98.987244, NULL),
(327, 3, 2, 'Oki Rengga', 1, 88, 2.467911, 98.390739, NULL),
(328, 3, 2, 'Adriansyah', 1, 88, 2.339926, 99.258553, NULL),
(329, 3, 2, 'Muhammad Fadli Azmi', 1, 88, 2.315296, 98.170311, NULL),
(330, 3, 2, 'Sandi M.R Sitanggang', 1, 88, 2.900554, 97.956245, NULL),
(331, 3, 2, 'Surya Darma', 1, 88, 3.122567, 99.316811, NULL),
(332, 3, 2, 'M. Iqbal Afiah Siregar', 1, 88, 1.335515, 99.906464, NULL),
(333, 3, 2, 'Adytia Nugroho', 1, 89, 3.067371, 98.401352, NULL),
(334, 3, 2, 'Bima Anugrah Putra S.', 1, 89, 2.726878, 99.617340, NULL),
(335, 3, 2, 'Engrocson Silaen', 1, 89, 2.162073, 99.525429, NULL),
(336, 3, 2, 'Muhammad Imam', 1, 89, 2.894051, 99.772034, NULL),
(337, 3, 2, 'Arif Dermawan Andy L.', 1, 89, 1.429088, 99.968857, NULL),
(338, 3, 2, 'Fachrurrozi Pohan', 1, 89, 0.817671, 100.074783, NULL),
(339, 27, 2, 'Ziko Aiba', 1, 90, -0.248047, 100.476028, NULL),
(340, 27, 2, 'Eko Putra', 1, 90, -0.146713, 99.816925, NULL),
(341, 27, 2, 'Dedi Kurniawan', 1, 90, -0.311826, 100.633995, NULL),
(342, 27, 2, 'Muhamad Sa''I Rahman', 1, 90, 0.000000, 0.000000, NULL),
(343, 27, 2, 'Revo Ramadhan', 1, 90, -1.279420, 100.823639, NULL),
(344, 27, 2, 'Anggia Topano', 1, 90, 0.066071, 100.659676, NULL),
(345, 27, 2, 'Ori Putera', 1, 90, 0.393673, 99.553772, NULL),
(346, 27, 2, 'Yoga Ramadhan ', 1, 90, -0.864127, 101.448257, NULL),
(347, 27, 2, 'Hendry Luky', 1, 91, -0.433806, 100.333885, NULL),
(348, 27, 2, 'Afdal Muharya', 1, 91, -1.062503, 101.189751, NULL),
(349, 27, 2, 'Alvi Tra Ulya', 1, 91, -0.112974, 99.905190, NULL),
(350, 27, 2, 'Yogi Putra', 1, 91, -1.126440, 101.145103, NULL),
(351, 27, 2, 'FF. Haryandanu', 1, 91, -1.438676, 101.151146, NULL),
(352, 27, 2, 'Dony Syahputra', 1, 91, -1.246997, 100.773323, NULL),
(353, 27, 2, 'Oki Nofri', 1, 91, -1.637574, 100.897118, NULL),
(354, 27, 2, 'Diko Rahmat', 1, 92, -1.422216, 101.663696, NULL),
(355, 27, 2, 'Muhamad Reza', 1, 92, -1.330616, 101.606255, NULL),
(356, 27, 2, 'Ahmad Rifqi Hendra', 1, 92, -0.021905, 99.799194, NULL),
(357, 27, 2, 'Mellyadi Mulya', 1, 92, -0.251015, 100.250099, NULL),
(358, 27, 2, 'Randi Frastilora', 1, 92, -0.208752, 100.376328, NULL),
(359, 27, 2, 'Emil Andicardo', 1, 92, -0.411647, 100.853256, NULL),
(360, 27, 2, 'Randi Chandra', 1, 92, -0.352527, 100.893600, NULL),
(361, 6, 17, 'Armaido Achmada P.', 1, 93, -6.326382, 108.197647, NULL),
(362, 6, 17, 'Muh. Dzikri Firdaus', 1, 93, -6.897442, 108.173004, NULL),
(363, 6, 17, 'Dany Sabana', 1, 93, -7.592382, 108.696648, NULL),
(364, 6, 17, 'M.Ardika Agung S.', 1, 93, -7.362462, 107.065674, NULL),
(365, 6, 17, 'Rizky Nugraha Sastra', 1, 93, -6.833383, 108.119461, NULL),
(366, 6, 17, 'Sondang Maulana', 1, 93, -6.351724, 107.705956, NULL),
(367, 6, 17, 'Siti Fauzia Istimah F.S', 2, 93, -6.836818, 107.845367, NULL),
(368, 6, 17, 'Merriyanti F.L', 2, 94, -6.507857, 107.606583, NULL),
(369, 6, 17, 'Gardena Irena', 2, 94, -7.170679, 107.089539, NULL),
(370, 6, 17, 'Rhanti Rizwah Nur', 2, 94, -7.075720, 106.761543, NULL),
(371, 6, 17, 'Dina Fitriani', 2, 94, -7.457824, 108.651657, NULL),
(372, 6, 17, 'Rahma Nurul Hakim', 2, 94, -6.475095, 107.949379, NULL),
(373, 6, 17, 'Feny Mustika Sari ', 2, 94, -6.085485, 107.224579, NULL),
(374, 8, 17, 'Fuad Rahmad', 1, 95, -7.683886, 110.333199, NULL),
(375, 8, 17, 'Ignatius Hendra', 1, 95, -7.983272, 110.619705, NULL),
(376, 8, 17, 'Arif Darmanto', 1, 96, -7.874319, 110.429649, NULL),
(377, 8, 17, 'M. Febri Yantono', 1, 96, -8.084027, 110.555901, NULL),
(378, 23, 17, 'Muhamad Satrio', 1, 97, 1.625472, 127.574356, NULL),
(379, 23, 17, 'Agusalim Muhamad', 1, 97, 0.972210, 128.052429, NULL),
(380, 23, 17, 'Siti Hajar Hartina', 2, 97, 1.376510, 128.496277, NULL),
(381, 28, 18, 'Roni Syahputra', 1, 98, -2.051616, 102.503975, NULL),
(382, 28, 18, 'Dedi Mulyadi', 1, 98, -1.198954, 103.746902, NULL),
(383, 28, 18, 'Dwi Yan Syahputra', 1, 98, -1.148097, 102.473160, NULL),
(384, 28, 18, 'Herman', 1, 98, -2.021840, 102.388573, NULL),
(385, 28, 18, 'Frans Setiawan', 1, 98, -2.485138, 102.387703, NULL),
(386, 28, 18, 'Suryani', 2, 99, -2.378944, 102.090691, NULL),
(387, 28, 18, 'Nurmalasari', 2, 99, -2.149499, 103.351028, NULL),
(388, 28, 18, 'Dwi Wahyu Lestari', 2, 99, -1.969030, 102.635223, NULL),
(389, 28, 18, 'Tiara Anggraini', 2, 99, -1.628302, 101.961197, NULL),
(390, 7, 18, 'Untoro Dwi Setiawan', 1, 100, -7.077931, 109.144310, NULL),
(391, 7, 18, 'Jotok Adam Hermanto', 1, 100, -7.118261, 110.143921, NULL),
(392, 7, 18, 'Saiful Wahid Hasyim', 1, 100, -6.935311, 110.542931, NULL),
(393, 7, 18, 'Zidni Lutfi F.', 1, 100, -7.674301, 109.042686, NULL),
(394, 7, 18, 'Ayu Dwi Marsita', 2, 100, -7.600885, 108.921242, NULL),
(395, 7, 18, 'Dewi Nory', 2, 101, -7.371865, 108.733841, NULL),
(396, 7, 18, 'Hana Oktavianti', 2, 101, -7.709010, 110.879646, NULL),
(397, 7, 18, 'Ajeng', 2, 101, -7.493597, 109.374771, NULL),
(398, 7, 18, 'Novi H.', 2, 101, -7.412883, 111.009155, NULL),
(399, 15, 6, 'Gusti Sidhasana', 1, 102, -3.548618, 115.942825, NULL),
(400, 15, 6, 'Hegen Dadang Prayogo', 1, 102, -3.345996, 115.307137, NULL),
(401, 15, 6, 'Yakubus Thony Toto', 1, 103, -2.339838, 114.910316, NULL),
(402, 16, 6, 'Joni Siwalette', 1, 104, -2.133017, 120.318153, NULL),
(403, 16, 6, 'Maulana Rifaldi', 1, 104, -4.598658, 120.410065, NULL),
(404, 16, 6, 'Andi Irfandi', 1, 104, -3.701715, 119.633240, NULL),
(405, 16, 6, 'Busman', 1, 114, -2.794493, 119.632500, NULL),
(406, 16, 6, 'Alan Oktavianus Tulalessy', 1, 114, -5.017429, 119.578766, NULL),
(407, 16, 6, 'Riswandi', 1, 114, -4.616900, 120.069214, NULL),
(408, 22, 6, 'Melky Sompotan', 1, 105, 0.626894, 123.772835, NULL),
(409, 22, 6, 'Juan Rumayar', 1, 105, 0.764554, 124.074394, NULL),
(410, 22, 6, 'Windra Rainga', 1, 105, 0.689279, 123.463585, NULL),
(411, 22, 6, 'Stivo Kasino', 1, 105, 1.316795, 124.535004, NULL),
(412, 22, 6, 'Vinky Montolalu', 1, 105, 1.390762, 124.852615, NULL),
(413, 22, 6, 'Fernando Mongisihi', 1, 106, 1.504571, 124.944519, NULL),
(414, 22, 6, 'Endi Palit', 1, 106, 1.300960, 124.907379, NULL),
(415, 22, 6, 'A. Hebimisa', 1, 106, 0.707048, 123.514915, NULL),
(416, 22, 6, 'Julio Pangandaheng', 1, 106, 0.851035, 124.163216, NULL),
(417, 24, 6, 'James Talapessy', 1, 107, -2.949102, 129.274719, NULL),
(418, 24, 6, 'Julius Frando Lomoly', 1, 107, -2.929004, 129.782501, NULL),
(419, 24, 6, 'Demsi Tibalimeten', 1, 107, -3.633229, 130.817673, NULL),
(420, 24, 6, 'Stevi Nikolebu', 1, 107, -3.206692, 128.922073, NULL),
(421, 24, 6, 'Leo Toisura', 1, 108, -2.899424, 128.677612, NULL),
(422, 24, 6, 'Yohanis Fendy N.', 1, 108, -3.207808, 129.831375, NULL),
(423, 24, 6, 'Rido Toisura', 1, 108, -3.156914, 129.311981, NULL),
(424, 24, 6, 'Frejon Sahuleka', 1, 108, -3.350735, 129.180984, NULL),
(425, 24, 6, 'Icet Pattinama', 1, 109, -3.032015, 128.389160, NULL),
(426, 24, 6, 'Kenedi pattinama', 1, 109, -3.325268, 129.194550, NULL),
(427, 24, 6, 'Yandri Pesireron', 1, 109, -3.125571, 129.340591, NULL),
(428, 24, 6, 'Chresno B.S.', 1, 109, -3.232664, 129.111923, NULL),
(429, 24, 6, 'Novi Sahuleka', 1, 110, -3.383411, 130.595566, NULL),
(430, 24, 6, 'Marco S.', 1, 110, -2.944270, 129.862503, NULL),
(431, 23, 6, 'Ardiles', 1, 111, 0.401075, 127.631264, NULL),
(432, 23, 6, 'Piopani Kainama', 1, 111, 1.338438, 127.663155, NULL),
(433, 23, 6, 'Elvando J.R.U', 1, 111, 0.598530, 127.676651, NULL),
(434, 23, 6, 'Irfan Ahmad', 1, 111, 0.323720, 128.630127, NULL),
(435, 12, 6, 'Ardianus Gayur', 1, 112, -8.675641, 121.966789, NULL),
(436, 12, 6, 'Saferianus S.', 1, 112, -8.684019, 121.671455, NULL),
(437, 12, 6, 'Kornelis Kerans', 1, 112, -8.737407, 121.163895, NULL),
(438, 12, 6, 'Moris Malaikosa', 1, 112, -8.539014, 120.581657, NULL),
(439, 12, 6, 'Yohanes N.D. Mela', 1, 112, -8.775371, 121.682304, NULL),
(440, 12, 6, 'Mathias Banik', 1, 113, -8.518997, 121.767204, NULL),
(441, 12, 6, 'Riverson Abineno', 1, 113, -8.804971, 121.833954, NULL),
(442, 12, 6, 'George Banabera', 1, 113, -8.810298, 121.044228, NULL),
(443, 12, 6, 'Dedy Lany', 1, 113, -8.876208, 120.906349, NULL),
(444, 12, 6, 'Lehi Mabilehi', 1, 113, -8.538850, 121.921013, NULL),
(445, 1, 27, 'Renaldi Syahputra', 1, 115, 3.987793, 96.851288, NULL),
(446, 1, 27, 'Ferdian Wiranata', 1, 115, 3.940934, 96.642494, NULL),
(447, 1, 27, 'Khairul Mahdi', 1, 115, 5.079562, 95.756065, NULL),
(448, 1, 27, 'Odzi Rundana', 1, 115, 3.677019, 97.541153, NULL),
(449, 1, 27, 'Andri Kurniawan', 1, 116, 4.812567, 97.533295, NULL),
(450, 1, 27, 'Mirza Andili Putra', 1, 116, 4.884436, 96.643471, NULL),
(451, 1, 27, 'Maressa Gunawan', 2, 116, 3.646054, 97.365250, NULL),
(452, 1, 27, 'Fitria', 2, 116, 5.101545, 96.135994, NULL),
(453, 29, 27, 'Tauhid Ramadhan', 1, 117, -3.613930, 105.225128, NULL),
(454, 29, 27, 'Arie Rachmanullah', 1, 117, -4.340656, 104.311150, NULL),
(455, 29, 27, 'Jeanned Alfrida N.', 1, 117, -2.773071, 105.454643, NULL),
(456, 29, 27, 'Indah Putri Lestari', 2, 118, -3.128923, 102.478302, NULL),
(457, 29, 27, 'Zakiyah', 2, 118, -2.547185, 104.845619, NULL),
(458, 13, 27, 'Sigit Tri Wahyu Utomo', 1, 119, 1.377493, 112.516693, NULL),
(459, 13, 27, 'Dirga Pahlevi', 1, 119, -0.277734, 111.456421, NULL),
(460, 13, 27, 'Andi Juliansyah', 1, 119, 0.985823, 111.603691, NULL),
(461, 13, 27, 'Septina Aldila', 2, 120, -0.110863, 113.409233, NULL),
(462, 13, 27, 'Rosita Ningsih', 2, 120, -0.277451, 110.411652, NULL),
(463, 13, 27, 'Mita Anggaraini', 2, 120, 0.394609, 112.280319, NULL),
(464, 22, 27, 'Sientio N. Eman', 1, 121, 1.286741, 124.550705, NULL),
(465, 22, 27, 'Gerry Moningka', 1, 121, 1.337010, 125.051865, NULL),
(466, 22, 27, 'Raldy Mangosa', 1, 121, 0.845200, 124.007401, NULL),
(467, 22, 27, 'Jemmy Taroreh', 1, 121, 0.923569, 124.613258, NULL),
(468, 22, 27, 'Rafly Rompas', 1, 121, 1.630512, 124.998550, NULL),
(469, 22, 27, 'Jesica F. Sorongan', 2, 122, 0.766699, 123.440842, NULL),
(470, 22, 27, 'Cintya Pua', 2, 122, 0.663103, 123.860916, NULL),
(471, 22, 27, 'Gabriella Ngala', 2, 122, 0.789945, 124.493279, NULL),
(472, 22, 27, 'Renata Toar', 2, 122, 0.913267, 124.221001, NULL),
(473, 22, 27, 'Melisa Rumuat', 2, 122, 0.856578, 123.362144, NULL),
(474, 26, 23, 'Gopalo', 1, 123, 1.731559, 101.088470, NULL),
(475, 26, 23, 'Rahmad Hidayat', 1, 123, 1.443321, 101.287300, NULL),
(476, 26, 23, 'Ade Saputra', 1, 123, -0.091944, 101.356148, NULL),
(477, 26, 23, 'Toni Saputra', 1, 123, 1.241314, 100.910713, NULL),
(478, 26, 23, 'Abdul Salam', 1, 123, 0.394674, 103.552650, NULL),
(479, 26, 23, 'Miko Wiratama', 1, 123, -0.810564, 102.714714, NULL),
(480, 26, 23, 'Ragil B. Darma', 1, 124, 0.621880, 102.812721, NULL),
(481, 26, 23, 'Lutfi', 1, 124, 0.672150, 100.349846, NULL),
(482, 26, 23, 'Sri Rahayu', 2, 124, -0.261675, 100.849190, NULL),
(483, 26, 23, 'Nurhalima', 2, 124, -0.077057, 103.344452, NULL),
(484, 26, 23, 'Dewi Sanggita', 2, 124, -0.810011, 102.480598, NULL),
(485, 26, 23, 'Marjuni', 2, 124, 0.877019, 101.267464, NULL),
(486, 7, 26, 'Galih Wardana', 1, 125, -7.664725, 109.008026, NULL),
(487, 7, 26, 'Bangkit Setyawan', 1, 125, -7.191128, 111.199905, NULL),
(488, 7, 26, 'Yanwar Prasetyo', 1, 125, -7.306666, 108.875092, NULL),
(489, 7, 26, 'Setioko', 1, 126, -7.566678, 110.225723, NULL),
(490, 7, 26, 'Deni Kristianto', 1, 126, -7.025125, 110.779663, NULL),
(491, 7, 26, 'Fani Gunawan', 1, 126, -7.189239, 110.626404, NULL),
(492, 9, 26, 'Mas Permadi', 1, 127, -8.188089, 111.068016, NULL),
(493, 9, 26, 'Bayu Eko Saputra', 1, 127, -7.868645, 112.763260, NULL),
(494, 9, 26, 'Jali Sofyan Ahmadi', 1, 127, -7.307329, 111.334030, NULL),
(495, 9, 26, 'Hendro Aji Saputra', 1, 128, -7.700165, 111.288765, NULL),
(496, 9, 26, 'Adi Harianto', 1, 128, -8.183927, 111.892609, NULL),
(497, 9, 26, 'Wahyu Dwi Ferdiansyah', 1, 128, -7.258712, 112.591904, NULL),
(498, 9, 26, 'Ahmad Alfan Faizin', 1, 129, -7.981350, 112.776733, NULL),
(499, 9, 26, 'Dwi Pandu Admajaya', 1, 129, -8.120739, 114.287796, NULL),
(500, 9, 26, 'Fitriyanti Riyanti', 2, 129, -7.963126, 111.976402, NULL),
(501, 9, 26, 'Peti Nur Vita Sari', 2, 129, -7.756725, 112.509689, NULL),
(502, 8, 9, 'Dian Kurniawati', 2, 130, -7.806771, 110.405640, NULL),
(503, 8, 9, 'Among Ayu Risti', 2, 130, -8.030316, 110.426300, NULL),
(504, 8, 9, 'Yarry Adlyana', 2, 130, -7.832695, 110.156609, NULL),
(505, 8, 9, 'Indira Setianigtias', 2, 130, -7.670301, 110.414772, NULL),
(506, 8, 9, 'Monika Lana Angela', 2, 130, -7.910656, 110.601624, NULL),
(507, 8, 9, 'Dika Prawestri Evandari', 2, 130, -7.796904, 110.495468, NULL),
(508, 8, 9, 'Reviana Resti Puterianti', 2, 131, -7.588222, 110.420952, NULL),
(509, 8, 9, 'Fely Prismawati', 2, 131, -7.985278, 110.516899, NULL),
(510, 8, 9, 'Synta Febri Pramesti', 2, 131, -7.604185, 110.394478, NULL),
(511, 8, 9, 'Donna Oktavia', 2, 131, -8.125166, 110.718796, NULL),
(512, 8, 9, 'Fahru Sela', 2, 131, -7.891648, 110.744713, NULL),
(513, 8, 9, 'Devi Widyaningtiyas', 2, 131, -7.830243, 110.180847, NULL),
(514, 32, 9, 'Aleida Wambiolo', 2, 134, -4.557429, 140.484726, NULL),
(515, 32, 9, 'Amanda Ohee', 2, 134, -3.700578, 137.326035, NULL),
(516, 32, 9, 'Irma k.Wally', 2, 134, -4.809110, 138.072311, NULL),
(517, 32, 9, 'Matelda Ohee', 2, 134, -5.047712, 137.590408, NULL),
(518, 32, 9, 'K. Yaroseray', 2, 134, -5.573766, 138.214859, NULL),
(519, 32, 9, 'Asnad Aronggear', 2, 134, -2.953083, 140.303085, NULL),
(520, 32, 9, 'Tiya M. Mangangantung', 2, 135, -5.906407, 139.318390, NULL),
(521, 32, 9, 'Patrisia Waroy', 2, 135, -4.496893, 137.438904, NULL),
(522, 32, 9, 'Della R.Kodey', 2, 135, -2.551557, 139.701233, NULL),
(523, 32, 9, 'Yuliana A. Manggaprou', 2, 135, -4.578071, 136.398438, NULL),
(524, 32, 9, 'Kristina B. Samori', 2, 135, -4.009472, 139.931320, NULL),
(525, 32, 9, 'Shella N. Sobuber', 2, 135, -4.449769, 138.191315, NULL),
(526, 24, 22, 'Dwi Eko Sujitno Tahitu', 1, 136, -3.377926, 130.363235, NULL),
(527, 24, 22, 'Hobinrisen Lekatompessy', 1, 136, -3.064655, 129.967377, NULL),
(528, 24, 22, 'Matheis Marlisa', 1, 136, -3.219887, 130.547455, NULL),
(529, 24, 22, 'George M. Tehupuring', 1, 136, -3.732880, 130.778214, NULL),
(530, 24, 22, 'Yoharis Nenkeula', 1, 137, -2.992144, 128.933670, NULL),
(531, 24, 22, 'Jermia F. Wattimmury', 1, 137, -3.070527, 128.341858, NULL),
(532, 24, 22, 'Ajim Wali', 1, 137, -3.290246, 128.455292, NULL),
(533, 24, 22, 'Marsianus Heatubun', 1, 137, -3.222530, 129.115524, NULL),
(534, 24, 22, 'Riki Yakop Janwarin ', 1, 138, -3.006099, 128.205826, NULL),
(535, 24, 22, 'Jamris Marlisa', 2, 138, -3.195183, 129.512741, NULL),
(536, 24, 22, 'Natalia Warella', 2, 138, -3.235838, 128.583328, NULL),
(537, 24, 22, 'Nesye Y.', 2, 138, -3.259361, 129.716217, NULL),
(538, 24, 22, 'Meiklin Mahulette', 2, 139, -2.882435, 128.492798, NULL),
(539, 24, 22, 'Selfi Latupeirissa', 2, 139, -3.275092, 129.369186, NULL),
(540, 24, 22, 'Florence Hetharion', 2, 139, -3.652499, 130.837540, NULL),
(541, 6, 1, 'Khaidir', 1, 140, -6.688039, 107.324905, NULL),
(542, 6, 1, 'Mulyadi', 1, 140, -6.344935, 107.217056, NULL),
(543, 6, 1, 'Umar', 1, 140, -6.098592, 107.360146, NULL),
(544, 6, 1, 'Trida Setiawan', 1, 140, -6.656512, 107.959663, NULL),
(545, 6, 1, 'Hendro', 1, 140, -6.655659, 108.530495, NULL),
(546, 6, 1, 'Eki Lukman', 1, 141, -6.846260, 106.933342, NULL),
(547, 6, 1, 'Nuri', 1, 141, -6.580508, 106.865219, NULL),
(548, 6, 1, 'Roy Jevsen Pardosi', 1, 141, -6.867310, 106.920944, NULL),
(549, 6, 1, 'Fadli Rendi Suhendi', 1, 141, -6.699869, 106.441353, NULL),
(550, 6, 1, 'Gina Abbar Retno', 2, 141, -7.504546, 108.593239, NULL),
(551, 6, 1, 'Rhezy Jehan Arisanti', 2, 142, -6.788758, 108.289299, NULL),
(552, 6, 1, 'Wisda S', 2, 142, -6.818332, 107.319405, NULL),
(553, 6, 1, 'Ditha Nada Pratama', 2, 142, -6.415538, 108.343910, NULL),
(554, 6, 1, 'Tiana Wanda Ariesta', 2, 142, -6.629007, 108.416527, NULL),
(555, 6, 1, 'Eki Febri Ekawati', 2, 142, -7.040532, 108.439972, NULL),
(556, 6, 1, 'Poppy Ariestian', 2, 143, -6.473024, 108.018845, NULL),
(557, 6, 1, 'Neng Rina', 2, 143, -7.488140, 107.974098, NULL),
(558, 6, 1, 'Nurul Fadilah', 2, 143, -7.193842, 106.753601, NULL),
(559, 6, 1, 'Osidah Widawati', 2, 143, -7.224452, 107.947487, NULL),
(560, 6, 1, 'Wina Febrianti', 2, 143, -6.773117, 106.597214, NULL),
(561, 6, 14, 'Aldi Ramdhani', 1, 144, -7.220251, 107.546707, NULL),
(562, 6, 14, 'Aufiya Altof Faizal', 1, 144, -6.244083, 107.582802, NULL),
(563, 6, 14, 'Herdian Adi Susanto', 1, 144, -6.853175, 106.875946, NULL),
(564, 6, 14, 'Iman Surahman', 1, 144, -6.809894, 108.673531, NULL),
(565, 6, 14, 'Ricko Chrisna KS.', 1, 144, -7.225294, 107.630157, NULL),
(566, 6, 14, 'Yoga Pratama', 1, 144, -6.997193, 107.290283, NULL),
(567, 6, 14, 'Luki Zaelani', 1, 144, -7.119157, 108.382614, NULL),
(568, 6, 14, 'Nia Kaniasari', 2, 145, -6.722421, 108.560753, NULL),
(569, 6, 14, 'Sri Rahayu', 2, 145, -6.879926, 107.079849, NULL),
(570, 6, 14, 'Siti Nurjanah', 2, 145, -6.914081, 108.159554, NULL),
(571, 6, 14, 'Sri Wulan Kusmayanti', 2, 145, -6.819804, 106.730087, NULL),
(572, 6, 14, 'Resi Febrianti', 2, 145, -6.967279, 108.093086, NULL),
(573, 6, 14, 'Nurul Ulfa Hilman', 2, 145, -7.215519, 106.901520, NULL),
(574, 6, 11, 'Andri', 1, 146, -6.957180, 107.806976, NULL),
(575, 6, 11, 'Dody Mei Sutresna', 1, 146, -6.735254, 107.506683, NULL),
(576, 6, 11, 'Anggriyan Anggreana', 1, 146, -5.980705, 107.308151, NULL),
(577, 6, 11, 'Risman Nevriandy', 1, 146, -6.926574, 108.196625, NULL),
(578, 6, 11, 'Rudiansyah', 1, 146, -6.174114, 107.441856, NULL),
(579, 6, 11, 'Wahyudi Lukman', 1, 146, -6.418809, 106.876762, NULL),
(580, 6, 11, 'Moh Alan Muchyidin', 1, 146, -6.342629, 107.959084, NULL),
(581, 6, 11, 'Dewi Kurniawati', 2, 146, -6.912433, 108.135643, NULL),
(582, 6, 11, 'Erina Apriyanti', 2, 146, -6.793078, 108.605247, NULL),
(583, 6, 11, 'Dewi  Febriani', 2, 147, -6.504042, 107.090187, NULL),
(584, 6, 11, 'Fitri Julianti', 2, 147, -6.797259, 107.105965, NULL),
(585, 6, 11, 'Selly Adriani', 2, 147, -7.119384, 107.720367, NULL),
(586, 6, 11, 'Puji Wulandari', 2, 147, -7.357145, 107.556702, NULL),
(587, 6, 11, 'Cahyariani', 2, 147, -6.935158, 108.043495, NULL),
(588, 6, 11, 'Septi Dwi Yunarsih', 2, 147, -6.701589, 107.545013, NULL),
(589, 6, 11, 'Wulan Nurlaela', 2, 147, -6.303872, 107.706055, NULL),
(590, 6, 11, 'Wewey Wita A.M', 2, 147, -7.132215, 107.695114, NULL),
(591, 20, 22, 'Kurniawan', 1, 148, -0.988556, 121.409111, NULL),
(592, 20, 22, 'Raushan Fikri', 1, 148, -0.952167, 120.206421, NULL),
(593, 20, 22, 'Wandi', 1, 148, -0.577786, 123.190933, NULL),
(594, 20, 22, 'Sudirman', 1, 148, -2.154160, 120.939857, NULL),
(595, 20, 22, 'M. Agus', 1, 148, -1.831655, 121.618851, NULL),
(596, 20, 22, 'M. Said', 1, 148, 1.159564, 121.049583, NULL),
(597, 20, 22, 'Afir', 1, 148, 0.775286, 120.308884, NULL),
(598, 20, 22, 'Anwar Anas', 1, 149, -1.406447, 121.616852, NULL),
(599, 20, 22, 'Firman', 1, 149, -2.990583, 121.886360, NULL),
(600, 20, 22, 'Sinar', 1, 149, -2.109320, 121.241158, NULL),
(601, 20, 22, 'Nurlia', 2, 149, -1.306044, 120.587555, NULL),
(602, 20, 22, 'Rengga Nuraisah', 2, 149, -0.904264, 120.213387, NULL),
(603, 20, 22, 'Mega Silvia', 2, 149, 0.636054, 120.120880, NULL),
(604, 20, 22, 'Stefi', 2, 149, -0.517860, 119.776611, NULL),
(605, 20, 8, 'Ridwan', 1, 150, 0.341350, 120.081390, NULL),
(606, 20, 8, 'Yanuard', 1, 150, -1.623156, 121.721581, NULL),
(607, 20, 8, 'Arjon', 1, 150, 1.017567, 121.445213, NULL),
(608, 20, 8, 'Moh. Mansyur', 1, 150, -2.909039, 121.823769, NULL),
(609, 20, 8, 'Arif Ramadhan', 1, 150, -2.373110, 121.794144, NULL),
(610, 20, 8, 'Ismail', 1, 150, -1.437409, 120.397995, NULL),
(611, 20, 8, 'Ray Libago', 1, 151, -1.271988, 121.599251, NULL),
(612, 20, 8, 'Moh. Sultan', 1, 151, -0.639493, 123.188812, NULL),
(613, 20, 8, 'Renaldi', 1, 151, -1.727763, 119.858971, NULL),
(614, 20, 8, 'Marzuki', 1, 151, -2.669119, 121.811668, NULL),
(615, 20, 11, 'Moh. Fadil', 1, 152, -0.447422, 119.812683, NULL),
(616, 20, 11, 'Arfan', 1, 152, -1.070676, 120.136719, NULL),
(617, 20, 11, 'Rifaldi', 1, 152, -1.681613, 120.253609, NULL),
(618, 20, 11, 'Faisal', 1, 153, -2.253730, 121.773392, NULL),
(619, 20, 11, 'Ayu Fitriani', 2, 153, 0.668837, 120.083405, NULL),
(620, 20, 11, 'Selfiana', 2, 153, -1.237712, 121.200455, NULL),
(621, 7, 1, 'Agus Laksito', 1, 154, -7.851263, 109.960548, NULL),
(622, 7, 1, 'Bondan Sangara', 1, 154, -7.250210, 109.131424, NULL),
(623, 7, 1, 'Edi Karnadi', 1, 154, -7.680902, 110.649506, NULL),
(624, 7, 1, 'Galeh Aanggriyanto', 1, 154, -7.551052, 109.324539, NULL),
(625, 7, 1, 'Nuryadi', 1, 155, -7.226646, 110.517677, NULL),
(626, 7, 1, 'Yuaris Dianto', 1, 155, -7.163226, 110.921028, NULL),
(627, 7, 1, 'Danang Anrianto', 1, 155, -7.306608, 110.540565, NULL),
(628, 7, 1, 'Frengky Perdana Budhie', 1, 155, -7.670677, 109.814453, NULL),
(629, 7, 1, 'Aji Prasetyo', 1, 156, -7.106712, 109.761086, NULL),
(630, 7, 1, 'Sutono', 1, 156, -7.013688, 109.490608, NULL),
(631, 7, 1, 'Anggun Subekti', 2, 156, -7.454188, 110.753708, NULL),
(632, 7, 1, 'Fitri Anasari', 2, 156, -7.595584, 110.196533, NULL),
(633, 7, 1, 'Nurul Afantin', 2, 157, -7.528290, 110.142952, NULL),
(634, 7, 1, 'Kustiyatun', 2, 157, -8.163526, 110.945618, NULL),
(635, 7, 1, 'Sethasia Septhytianti', 2, 157, -7.132639, 110.244431, NULL),
(636, 7, 1, 'Yuli Setyani', 2, 157, -7.510060, 108.998482, NULL),
(637, 7, 1, 'Dwi Yuliana', 2, 158, -7.195876, 108.708672, NULL),
(638, 7, 1, 'Novita Sari', 2, 158, -7.051088, 109.011063, NULL),
(639, 7, 1, 'Ariana Eka Puja Rahayu', 2, 158, -6.767556, 111.198067, NULL),
(640, 7, 1, 'Witari', 2, 158, -7.076560, 111.148216, NULL),
(641, 7, 11, 'Linggar Rudi S.', 1, 159, -7.213217, 110.129211, NULL),
(642, 7, 11, 'Aditya Adji S.', 1, 159, -6.873759, 111.218124, NULL),
(643, 7, 11, 'Andre Irwan Fauzi', 1, 159, -6.916991, 109.190598, NULL),
(644, 7, 11, 'Dwi Ari W', 1, 159, -6.614115, 110.878716, NULL),
(645, 7, 11, 'Vera Agustina', 2, 159, -8.039368, 110.987915, NULL),
(646, 7, 11, 'Fitri Adi', 2, 159, -7.162611, 110.905800, NULL),
(647, 7, 11, 'Desi Setiana', 2, 160, -7.396007, 109.325401, NULL),
(648, 7, 11, 'Harisya Widiatmoko', 2, 160, -6.697082, 111.007278, NULL),
(649, 7, 11, 'Anissa Pangestina', 2, 160, -6.969814, 110.411346, NULL),
(650, 7, 11, 'Dwi Purawaningsih', 2, 160, -6.914713, 109.081833, NULL),
(651, 7, 11, 'Arum Citralia Pertiwi Anggun S.', 2, 160, -7.545112, 110.806099, NULL),
(652, 7, 11, 'Siti Umaroh', 2, 160, -7.350219, 109.896446, NULL),
(653, 7, 8, 'Reza Ardianto', 1, 161, -7.388022, 108.929832, NULL),
(654, 7, 8, 'Mustaqfirin', 1, 161, -7.655621, 109.672813, NULL),
(655, 7, 8, 'Nur Kholis', 1, 161, -6.608332, 110.876167, NULL),
(656, 7, 8, 'C. Sena Aji Milanda', 1, 161, -6.586494, 111.029518, NULL),
(657, 7, 8, 'M. Zaini Hamdan', 1, 161, -7.063029, 110.741463, NULL),
(658, 7, 8, 'Supriyatno', 1, 161, -6.862894, 110.580170, NULL),
(659, 7, 8, 'Suryono', 1, 162, -7.558856, 110.808983, NULL),
(660, 7, 8, 'Budi Santoso', 1, 162, -7.339014, 111.041405, NULL),
(661, 7, 8, 'Awan Kurniawan', 1, 162, -6.646536, 110.747978, NULL),
(662, 7, 8, 'Hendrik Hermawan', 1, 162, -7.289346, 111.191772, NULL),
(663, 7, 8, 'Dani Slamet Pratama', 1, 162, -7.819008, 110.968391, NULL),
(664, 7, 8, 'Teguh Pambudi', 1, 162, -7.258195, 109.483368, NULL),
(665, 7, 2, 'Ivan Febrianto', 1, 163, -7.387256, 110.552338, NULL),
(666, 7, 2, 'Prakoso Adi Nurcahyo', 1, 163, -7.631327, 110.983528, NULL),
(667, 7, 2, 'Fendi Yulianto', 1, 163, -6.964805, 110.993317, NULL),
(668, 7, 2, 'Diyon Adi Pamungkas', 1, 163, -7.781023, 111.140747, NULL),
(669, 7, 2, 'Fahmidio Septian', 1, 163, -7.000313, 110.855659, NULL),
(670, 7, 2, 'Eky Taufiq Febriyanto', 1, 163, -7.193855, 110.112740, NULL),
(671, 7, 2, 'Nurhidayat', 1, 163, -7.222252, 111.035385, NULL),
(672, 7, 2, 'Agung Nugroho', 1, 163, -6.920070, 109.635506, NULL),
(673, 7, 2, 'Rizki Santoso', 1, 164, -7.273824, 110.680214, NULL),
(674, 7, 2, 'Rio Bestyan', 1, 164, -6.939571, 110.574989, NULL),
(675, 7, 2, 'Sendik Rizkiyanto', 1, 165, -7.002035, 109.800522, NULL),
(676, 7, 2, 'Reza Dini Azrul', 1, 164, -7.180603, 109.655197, NULL),
(677, 7, 2, 'Zauzan Karisma', 1, 164, -7.352656, 110.849129, NULL),
(678, 7, 2, 'Suparman', 1, 164, -7.327280, 110.161919, NULL),
(679, 7, 2, 'Fadil Afif', 1, 164, -6.486573, 111.040443, NULL),
(680, 7, 2, 'Indri Yoan Setyawan', 1, 165, -7.307264, 109.282959, NULL),
(681, 7, 2, 'Angga Dwi Pradana', 1, 165, -7.161524, 111.154945, NULL),
(682, 7, 2, 'Ade Firmanto', 1, 165, -7.741046, 110.952484, NULL),
(683, 7, 2, 'Yusepus Anugerah', 1, 165, -7.932478, 110.916412, NULL),
(684, 7, 2, 'Ilham Feri', 1, 165, -7.604773, 110.204781, NULL),
(685, 7, 2, 'Joni Arif Purwanto', 1, 165, -7.099886, 111.385437, NULL),
(686, 7, 2, 'Miko Ardianto', 1, 165, -7.644330, 111.117226, NULL),
(687, 7, 14, 'Risang Yanuar Sapta Arga', 1, 166, -7.922322, 111.245300, NULL),
(688, 7, 14, 'Fauzul Muflih Darmawan', 1, 166, -7.147839, 108.700089, NULL),
(689, 7, 14, 'Agus Setiawan', 1, 166, -7.604643, 110.010307, NULL),
(690, 7, 14, 'Anggrada Rindi Indrian', 1, 166, -7.179421, 109.095993, NULL),
(691, 7, 14, 'Jovan', 1, 166, -6.519506, 110.870918, NULL),
(692, 7, 14, 'Johan Prasetyo Adi', 1, 166, -7.207048, 108.864227, NULL),
(693, 7, 14, 'David Dwi Prabowo', 1, 166, -7.616451, 109.301186, NULL),
(694, 7, 14, 'Mundali Ismail', 1, 166, -7.174312, 109.847321, NULL),
(695, 7, 14, 'Heru Prasetya', 1, 166, -7.718533, 110.030945, NULL),
(696, 7, 14, 'Ferry Kusbandono', 1, 166, -7.701782, 109.660164, NULL),
(697, 7, 14, 'Sirih Arum Sari Mulyawati', 2, 167, -7.438639, 109.823433, NULL),
(698, 7, 14, 'A. M. Santi Febiani', 2, 167, -7.411964, 108.785385, NULL),
(699, 7, 14, 'Ana Yuliastuti', 2, 167, -7.483761, 110.990463, NULL),
(700, 7, 14, 'Ayu Yulianti', 2, 167, -7.124221, 111.530739, NULL),
(701, 7, 14, 'Fitria Arifa', 2, 167, -7.429691, 109.606461, NULL),
(702, 7, 14, 'Rustiah Dewi', 2, 167, -7.641650, 109.993561, NULL),
(703, 7, 14, 'Shaquila', 2, 167, -6.947721, 111.335747, NULL),
(704, 7, 14, 'Tirsa Uliarta Novianti S.', 2, 167, -7.074229, 109.682671, NULL),
(705, 7, 10, 'Tristian', 1, 169, -6.962693, 111.226471, NULL),
(706, 7, 10, 'Much. Ridwan', 1, 169, -6.949337, 110.639008, NULL),
(707, 7, 10, 'Mohtar', 1, 169, -7.871963, 110.853615, NULL),
(708, 7, 10, 'Ahmad Dedi', 1, 169, -7.408724, 109.661949, NULL),
(709, 7, 10, 'Adi Setiawan', 1, 169, -7.331706, 109.110924, NULL),
(710, 7, 10, 'Muhtyan Eko Supriyanto', 1, 170, -7.510972, 108.925140, NULL),
(711, 7, 10, 'Albertus Dimas Indra Jaya', 1, 170, -7.595398, 109.535912, NULL),
(712, 7, 10, 'Agus Prasetyo N.', 1, 170, -7.000503, 110.558968, NULL),
(713, 7, 10, 'Muhtian Dwi N.', 1, 170, -7.129012, 111.134529, NULL),
(714, 7, 10, 'Ahmad Sucipto', 1, 170, -7.268714, 110.715446, NULL),
(715, 32, 1, 'Yordan Meokbun', 1, 171, -3.912376, 136.895370, NULL),
(716, 32, 1, 'Genius Wetipo', 1, 171, -7.785905, 139.621048, NULL),
(717, 32, 1, 'Aleks Yunus Kbarek', 1, 171, -5.454881, 140.658936, NULL),
(718, 32, 1, 'Yosias Wabiser', 1, 171, -4.568682, 139.803741, NULL),
(719, 32, 1, 'Philipus Dauteyau', 1, 171, -7.366005, 140.349915, NULL),
(720, 32, 1, 'Farnsiskus Nebore', 1, 172, -4.218568, 138.504684, NULL),
(721, 32, 1, 'Thomas Luturmas', 1, 172, -4.164242, 138.643234, NULL),
(722, 32, 1, 'Januarius Haluk', 1, 172, -5.975215, 140.165024, NULL),
(723, 32, 1, 'Inhanis  Kaisa', 1, 172, -3.229312, 139.529266, NULL),
(724, 32, 1, 'HeronimusKaise', 1, 173, -4.115466, 137.763519, NULL),
(725, 32, 1, 'Lukas Mashuse', 1, 173, -3.109472, 139.114838, NULL),
(726, 32, 1, 'Herit Yapun', 1, 173, -2.735390, 140.276123, NULL),
(727, 32, 1, 'Jemi Baimo', 1, 173, -3.434844, 134.741852, NULL),
(728, 32, 1, 'Apolos Patay', 1, 174, -2.551082, 140.580429, NULL),
(729, 32, 1, 'Musa Bisay', 1, 174, -2.508715, 137.927933, NULL),
(730, 32, 1, 'Deisi Ebe', 2, 174, -2.219069, 138.241043, NULL),
(731, 32, 1, 'Fince Pigai', 2, 175, -8.742461, 140.632843, NULL),
(732, 32, 1, 'Alfonsina Sada', 2, 175, -3.299029, 134.688644, NULL),
(733, 32, 1, 'Heidi Baransano', 2, 175, -8.679741, 140.684357, NULL),
(734, 32, 1, 'Jubelina Sniwinik', 2, 176, -1.782284, 137.575211, NULL),
(735, 32, 1, 'Paulina Patiperne', 2, 176, -7.505900, 140.334824, NULL),
(736, 32, 1, 'Amalia Dawan', 2, 176, -2.986981, 139.416473, NULL),
(737, 32, 2, 'Elvis Harewang', 1, 177, -8.560293, 140.616318, NULL),
(738, 32, 2, 'Danikus Ramandey', 1, 177, -7.166145, 140.648560, NULL),
(739, 32, 2, 'David Laly', 1, 177, -6.991963, 140.751175, NULL),
(740, 32, 2, 'Kristison Dimara', 1, 177, -4.840065, 138.102753, NULL),
(741, 32, 2, 'Imanuel Waromi', 1, 177, -3.491101, 136.119476, NULL),
(742, 32, 2, 'Libertus Saragih', 1, 177, -2.877678, 136.447174, NULL),
(743, 32, 2, 'Yansen Howay', 1, 177, -4.423632, 140.349716, NULL),
(744, 32, 2, 'Romario Bauw', 1, 177, -3.970600, 135.146591, NULL),
(745, 32, 2, 'Roland Rahael', 1, 177, -3.016716, 138.624924, NULL),
(746, 32, 2, 'Moses Banggo', 1, 177, -4.040553, 138.427841, NULL),
(747, 32, 2, 'Risman So', 1, 177, -5.859448, 140.097717, NULL),
(748, 32, 2, 'Hendrik F.Rewang', 1, 177, -3.146314, 139.653824, NULL),
(749, 32, 2, 'Muklis Ronald Heay', 1, 178, -3.730410, 140.411682, NULL),
(750, 32, 2, 'Efradus Wanimbo', 1, 178, -4.907758, 137.994751, NULL),
(751, 32, 2, 'Julius Taribaba', 1, 178, -3.218767, 136.178162, NULL),
(752, 32, 2, 'Elivisa Daat', 1, 178, -3.339275, 138.485947, NULL),
(753, 32, 2, 'Michael Nasadit', 1, 178, -5.853318, 139.940674, NULL),
(754, 32, 2, 'Marco Kabiay', 1, 178, -6.849472, 140.564362, NULL),
(755, 32, 2, 'Yongki Simbiak', 1, 178, -4.090010, 136.025070, NULL),
(756, 32, 2, 'Soleman Dimara', 1, 178, -2.741506, 136.050430, NULL),
(757, 32, 2, 'Christian Mahuse', 1, 178, -3.362033, 135.950699, NULL),
(758, 32, 2, 'Jefry Haay', 1, 178, -5.366955, 137.949860, NULL),
(759, 32, 2, 'Irvin Sokoy', 1, 178, -3.770012, 135.493988, NULL),
(760, 32, 2, 'Wilyam Msiren', 1, 178, -5.358448, 140.814301, NULL),
(761, 33, 1, 'Joni Rio', 1, 179, -2.554213, 101.633766, NULL),
(762, 33, 1, 'Indra Lesmana', 1, 179, -3.295865, 102.410194, NULL),
(763, 33, 1, 'Alan Septian', 1, 179, -3.597993, 102.807190, NULL),
(764, 33, 1, 'Firman Yuliansyah', 1, 179, -3.910104, 102.393738, NULL),
(765, 33, 1, 'Selka Sari', 2, 179, -4.194174, 102.831345, NULL),
(766, 33, 1, 'Rianis Marfatul Azizah', 2, 180, -2.514048, 101.170448, NULL);
INSERT INTO `tbl_atlet` (`id_atlet`, `id_propinsi`, `id_cabor`, `atlet`, `id_jk`, `id_pelatih`, `lat`, `lng`, `alamat`) VALUES
(767, 33, 1, 'Alfriani Safitri', 2, 179, -2.605269, 101.441986, NULL),
(768, 33, 1, 'Febri Eka Lestari', 2, 180, -4.162772, 103.015137, NULL),
(769, 33, 1, 'Rindu Wati', 2, 180, -4.639858, 103.247658, NULL),
(770, 33, 1, 'Rista Mardiyanti', 2, 180, -4.126967, 102.745819, NULL),
(771, 33, 11, 'Yugo Bareta', 1, 181, -3.316566, 102.500587, NULL),
(772, 33, 11, 'Izal Hardiansa', 1, 181, -3.408480, 102.977997, NULL),
(773, 33, 11, 'Barnon Lee', 1, 181, -4.525889, 103.512589, NULL),
(774, 33, 11, 'Reki Eswari', 1, 181, -4.405774, 102.906258, NULL),
(775, 33, 11, 'Deki Giraldi Santoso', 1, 181, -3.595783, 102.759903, NULL),
(776, 33, 11, 'Mahdianto', 1, 182, -4.398489, 102.922600, NULL),
(777, 33, 11, 'Maliki Akbar', 1, 182, -2.638851, 101.630539, NULL),
(778, 33, 11, 'Sonya Nostalgiana', 2, 182, -2.506742, 101.326561, NULL),
(779, 33, 11, 'Angga Sisilia Lestari', 2, 182, -4.550378, 103.113762, NULL),
(780, 33, 11, 'Suharti Ningsih', 2, 182, -4.144153, 103.119965, NULL),
(781, 27, 1, 'Ahmad Hidayat', 1, 183, -0.053613, 99.934486, NULL),
(782, 27, 1, 'Putra Adiguna', 1, 183, -1.778736, 100.854019, NULL),
(783, 27, 1, 'Firman', 1, 183, -0.464257, 100.451263, NULL),
(784, 27, 1, 'Yulvi Saputra', 1, 183, -0.721337, 100.391754, NULL),
(785, 27, 1, 'Agus Hari Kusuma', 1, 183, -0.186689, 99.918076, NULL),
(786, 27, 1, 'Rizki Ramadhan', 1, 183, -1.355918, 101.047455, NULL),
(787, 27, 1, 'Mayangsari', 2, 184, -0.251597, 99.830132, NULL),
(788, 27, 1, 'Lusiana Satriani', 2, 184, 0.404036, 99.693466, NULL),
(789, 27, 1, 'Riri Aprilla', 2, 184, -1.178061, 100.499298, NULL),
(790, 27, 1, 'Helsita', 2, 184, 0.146216, 100.474998, NULL),
(791, 27, 1, 'Ika Melisa S.', 2, 185, -0.191978, 100.582153, NULL),
(792, 27, 1, 'Tyara Septi Vidian', 2, 185, -1.090897, 100.438164, NULL),
(793, 27, 1, 'Osa Fitri', 2, 185, -0.226251, 100.734985, NULL),
(794, 27, 1, 'Rizki Pratama', 2, 185, -1.104253, 101.474808, NULL),
(795, 27, 11, 'Anton Yus Permana', 1, 186, 0.062520, 100.060638, NULL),
(796, 27, 11, 'Sabran Jamil', 1, 186, -0.455383, 100.105179, NULL),
(797, 27, 11, 'Devi Putera', 1, 186, -1.584345, 100.651596, NULL),
(798, 27, 11, 'Usano Mardanel', 1, 186, -1.128456, 101.072685, NULL),
(799, 27, 11, 'Erwan Edrianto', 1, 186, -0.268335, 100.334724, NULL),
(800, 27, 11, 'Yandrizal', 1, 187, -2.311390, 100.940758, NULL),
(801, 27, 11, 'Huriatul Fauzi', 2, 187, -0.297445, 100.646591, NULL),
(802, 27, 11, 'Rizka Hayatul Syarif', 2, 187, -1.608846, 100.777512, NULL),
(803, 27, 11, 'Avivah', 2, 187, -2.249990, 101.203255, NULL),
(804, 27, 11, 'Sri Intan Mega Sari', 2, 187, -1.343170, 101.294334, NULL),
(805, 27, 11, 'Agita Armelia', 2, 188, -1.452879, 101.374741, NULL),
(806, 27, 11, 'Cori Mita Kurnia', 2, 188, -0.819206, 101.040634, NULL),
(807, 27, 11, 'Fauziah Amrawati', 2, 188, -1.109295, 100.681480, NULL),
(808, 27, 11, 'Elsa Mayori', 2, 188, -0.007829, 100.655869, NULL),
(809, 27, 11, 'Hilda Wahyuni', 2, 188, -1.019193, 101.425835, NULL),
(810, 3, 14, 'Dede Amir Fadillah', 1, 189, 0.878881, 99.019928, NULL),
(811, 3, 14, 'Jerry Nico Barus', 1, 189, 1.954175, 99.366776, NULL),
(812, 3, 14, 'Effendi Pramono Bakara', 1, 189, 2.609087, 99.154076, NULL),
(813, 3, 14, 'M. Iqbal Purba', 1, 189, 2.913316, 99.519287, NULL),
(814, 3, 14, 'Lidya Novi Yanti', 2, 190, 2.869621, 98.110542, NULL),
(815, 3, 14, 'Sri Rahayu Damayanti', 2, 190, 1.999724, 98.777039, NULL),
(816, 3, 14, 'Amminiyani', 2, 190, 2.559771, 98.680466, NULL),
(817, 3, 14, 'Reni Warni Sitorus', 2, 190, 2.627533, 99.944679, NULL),
(818, 28, 1, 'Bambang Harianto', 1, 191, -1.449593, 102.319473, NULL),
(819, 28, 1, 'Harianto', 1, 191, -1.482672, 102.304573, NULL),
(820, 28, 1, 'Dikal Maryadi', 1, 191, -0.969903, 102.258324, NULL),
(821, 28, 1, 'Darius Dede Sirait', 1, 191, -1.471869, 102.392456, NULL),
(822, 28, 1, 'Sri Mulyati', 2, 191, -1.337066, 101.803307, NULL),
(823, 28, 1, 'Rani Oktavia', 2, 191, -1.946046, 103.151901, NULL),
(824, 28, 1, 'Siti Khotijah', 2, 192, -1.723094, 102.700096, NULL),
(825, 28, 1, 'Yenny Haryati', 2, 192, -1.851159, 101.967323, NULL),
(826, 28, 1, 'Fatmawati', 2, 192, -2.199778, 102.423836, NULL),
(827, 28, 1, 'Eka Pradijaya', 2, 192, -1.841426, 102.819557, NULL),
(828, 28, 1, 'Astriana', 2, 192, -0.852664, 103.363068, NULL),
(829, 28, 22, 'Novriteza', 1, 193, -1.226199, 102.555252, NULL),
(830, 28, 22, 'Dedek Hartono', 1, 193, -2.310868, 102.759102, NULL),
(831, 28, 22, 'Bima Adiansyah', 1, 193, -1.302880, 104.319427, NULL),
(832, 28, 22, 'M. Anton', 1, 193, -1.323138, 102.043518, NULL),
(833, 28, 22, 'Irwanto', 1, 193, -1.970676, 103.030617, NULL),
(834, 28, 22, 'Eko Lestari', 1, 193, -1.190836, 103.693741, NULL),
(835, 28, 22, 'Novita Sari', 2, 194, -1.393214, 102.731125, NULL),
(836, 28, 22, 'Yulita Ratnasari', 2, 194, -1.962378, 101.328636, NULL),
(837, 28, 22, 'Fitri Ayu', 2, 194, -1.820191, 101.541786, NULL),
(838, 28, 22, 'Hersis Dian Fransisca', 2, 194, -2.274801, 101.810181, NULL),
(839, 28, 22, 'Putri Yunita', 2, 194, -1.132329, 103.176285, NULL),
(840, 3, 1, 'Gembira Ginting', 1, 195, 2.682247, 98.475655, NULL),
(841, 3, 1, 'Ahmad Fauzan', 1, 195, 0.786680, 99.384071, NULL),
(842, 3, 1, 'Ahmad Fauzi', 1, 195, 2.498259, 99.109238, NULL),
(843, 3, 1, 'Aryadi Seftian', 1, 195, 1.757233, 98.773918, NULL),
(844, 3, 1, 'Irawan Syahputra', 1, 195, 2.211688, 99.696869, NULL),
(845, 3, 1, 'Fahrur Rozi', 1, 195, 3.145994, 99.337181, NULL),
(846, 3, 1, 'Krisna Hadi Syahputra', 1, 196, 3.007032, 99.069801, NULL),
(847, 3, 1, 'Irfani', 1, 196, 1.373737, 99.835457, NULL),
(848, 3, 1, 'Dona Putra', 1, 196, 1.938502, 99.856812, NULL),
(849, 3, 1, 'Candra Hotman Pulungan', 1, 196, 1.441183, 99.057991, NULL),
(850, 3, 1, 'Putri Aulia', 2, 196, 3.757696, 97.973015, NULL),
(851, 3, 1, 'Alin Anggreni Ginting', 2, 197, 2.858036, 99.653397, NULL),
(852, 3, 1, 'Friska Boru Tarigan', 2, 197, 2.781901, 98.852859, NULL),
(853, 3, 1, 'Elvi Alvriyani', 2, 197, 1.296962, 99.070854, NULL),
(854, 3, 1, 'Linda Purwanti', 2, 197, 1.760169, 99.044022, NULL),
(855, 3, 1, 'Endang Sari Sitorus', 2, 197, 1.793337, 99.055824, NULL),
(856, 3, 11, 'William  Philipus', 1, 198, 2.025815, 98.623917, NULL),
(857, 3, 11, 'Dointa Kaban', 1, 198, 3.791987, 98.026962, NULL),
(858, 3, 11, 'Dion Prika Ginting', 1, 198, 2.042988, 98.295319, NULL),
(859, 3, 11, 'Raya Yonanda', 2, 198, 2.870578, 98.680176, NULL),
(860, 3, 11, 'Mawar Sari', 2, 199, 3.511986, 98.603233, NULL),
(861, 3, 11, 'Nia Anggreini S.', 2, 199, 2.053634, 98.707588, NULL),
(862, 3, 11, 'Sella Tanadi', 2, 199, 2.387450, 98.722511, NULL),
(863, 3, 11, 'Rini Arianis', 2, 199, 3.807717, 98.075310, NULL),
(864, 29, 28, 'Angga Wedaswara', 1, 200, -2.332179, 104.586052, NULL),
(865, 29, 28, 'Hendra Setiawan', 1, 200, -3.385051, 104.240616, NULL),
(866, 29, 28, 'Rahmat Hidayat', 1, 200, -3.174767, 105.849434, NULL),
(867, 29, 28, 'Tri Ratna Fitri Alami', 2, 201, -2.914224, 102.895508, NULL),
(868, 29, 28, 'Mike', 2, 201, -2.794450, 105.484261, NULL),
(869, 31, 1, 'Supriana', 1, 202, -5.680416, 105.729408, NULL),
(870, 31, 1, 'Tedi', 1, 202, -5.233711, 105.669411, NULL),
(871, 31, 1, 'Ana Novelia', 2, 202, -5.402465, 105.573067, NULL),
(872, 31, 1, 'Eka Permata Sari', 2, 202, -5.254133, 104.528526, NULL),
(873, 31, 1, 'Febriana Ulfa', 2, 203, -4.905926, 105.393890, NULL),
(874, 31, 1, 'Maesaroh', 2, 203, -5.726576, 105.673157, NULL),
(875, 31, 1, 'Rusmiatin', 2, 204, -3.933213, 105.504082, NULL),
(876, 31, 1, 'Setianingsih', 2, 204, -4.760208, 104.407257, NULL),
(877, 31, 14, 'Alfidani', 1, 205, -5.011237, 103.884216, NULL),
(878, 31, 14, 'Aji Saputra', 1, 205, -4.820160, 104.427544, NULL),
(879, 31, 14, 'Fuji Atun Hasanah', 2, 206, -4.618592, 104.518509, NULL),
(880, 31, 14, 'Latifahturomaniati', 2, 206, -4.708201, 104.785629, NULL),
(881, 31, 14, 'Lisa Kurnia Sari', 2, 207, -5.602736, 105.510399, NULL),
(882, 15, 1, 'Mulyanto', 1, 209, -3.792958, 115.302849, NULL),
(883, 15, 1, 'Dewi Risnawati', 2, 209, -3.566280, 115.519592, NULL),
(884, 15, 1, 'Rahma Wati', 2, 209, -3.176113, 114.468170, NULL),
(885, 15, 1, 'Dina Mariana', 2, 210, -2.533809, 115.402046, NULL),
(886, 15, 1, 'Siti Mukhlisiah', 2, 210, -2.204287, 115.786354, NULL),
(887, 15, 10, 'M. Ricky Fajar A.P', 1, 211, -3.500044, 115.095894, NULL),
(888, 15, 10, 'Brian Akbar Prahara', 1, 211, -2.710489, 116.175491, NULL),
(889, 15, 10, 'Khaidir', 1, 211, -3.225554, 114.410408, NULL),
(890, 15, 10, 'Arbainsyah', 1, 211, -3.625005, 115.590958, NULL),
(891, 15, 10, 'Oktariadi', 1, 212, -2.409456, 115.387154, NULL),
(892, 15, 10, 'Sulaiman', 1, 212, -2.421963, 115.266319, NULL),
(893, 15, 10, 'Rendy A.S', 1, 212, -2.496896, 115.768173, NULL),
(894, 15, 11, 'Hendry', 1, 213, -2.625592, 115.371773, NULL),
(895, 15, 11, 'Wahyudi Nur', 1, 213, -3.485617, 115.267967, NULL),
(896, 15, 11, 'Jamiatul Huda', 1, 213, -2.884592, 116.209900, NULL),
(897, 15, 11, 'Aulia Ridwan', 2, 214, -2.426445, 115.500954, NULL),
(898, 15, 11, 'Listihani', 2, 214, -3.089697, 114.964058, NULL),
(899, 9, 1, 'Nafin Izzema Hendra', 1, 215, -7.759292, 113.468811, NULL),
(900, 9, 1, 'Mujianto', 1, 215, -8.360821, 113.842804, NULL),
(901, 9, 1, 'M. Abdul Wafa', 1, 215, -7.120070, 112.223938, NULL),
(902, 9, 1, 'Dwinda Abi Permana', 1, 215, -8.548480, 114.060333, NULL),
(903, 9, 1, 'Mamat Saini', 1, 215, -7.021584, 112.368942, NULL),
(904, 9, 1, 'Riyanto', 1, 216, -7.647730, 112.778152, NULL),
(905, 9, 1, 'Jevri Ardila', 1, 216, -7.943977, 111.963303, NULL),
(906, 9, 1, 'Sugeng Dwi Santoso', 1, 216, -7.681785, 111.529922, NULL),
(907, 9, 1, 'Yourdawan Satria Pamungkas', 1, 216, -7.290179, 112.215080, NULL),
(908, 9, 1, 'Misnatun', 1, 216, -8.136473, 111.522171, NULL),
(909, 9, 1, 'Bagus Subianto', 1, 217, -8.399851, 114.004593, NULL),
(910, 9, 1, 'Marion Kristian Karniselar', 1, 217, -7.823711, 111.924828, NULL),
(911, 9, 1, 'Inayati', 2, 217, -7.636672, 112.179337, NULL),
(912, 9, 1, 'Tri Setyo Utami', 2, 217, -7.175490, 111.953781, NULL),
(913, 9, 1, 'Nena Achdia Yanuarinda D', 2, 218, -7.715424, 113.102722, NULL),
(914, 9, 1, 'Candra Ning Tiasari', 2, 218, -7.972772, 111.728241, NULL),
(915, 9, 1, 'Dwi Khusnul Wulandari', 2, 218, -8.160587, 111.227013, NULL),
(916, 9, 1, 'Santika Fatrisiana', 2, 218, -7.972401, 112.176361, NULL),
(917, 9, 1, 'Fitria Indah Wahyuni', 2, 219, -7.925263, 112.761581, NULL),
(918, 9, 1, 'Erna', 2, 219, -8.068949, 113.054573, NULL),
(919, 9, 1, 'Ika Setyawati Ratnasari', 2, 219, -7.973253, 113.698715, NULL),
(920, 9, 1, 'Sulastri', 2, 219, -7.401959, 112.440132, NULL),
(921, 8, 1, 'Andi Setyawan', 1, 220, -7.728784, 110.351196, NULL),
(922, 8, 1, 'Dwi Bayu Yuli Asa', 1, 220, -7.833162, 110.715576, NULL),
(923, 8, 1, 'Riza Galih Mustika Rini', 2, 220, -8.022191, 110.373787, NULL),
(924, 8, 1, 'Pajri Ayu D', 2, 221, -8.094258, 110.779800, NULL),
(925, 8, 1, 'Nita Suryani', 2, 221, -7.954394, 110.237068, NULL),
(926, 8, 1, 'Revian Laras Wati', 2, 221, -7.850308, 110.053261, NULL),
(927, 13, 1, 'Falahuddin Fitrianto', 1, 222, -0.559002, 110.125580, NULL),
(928, 13, 1, 'Khairul Ikhwan Parinduri', 1, 222, 1.542378, 109.153992, NULL),
(929, 13, 1, 'Irwin Maulana', 1, 222, 0.043219, 110.800972, NULL),
(930, 13, 1, 'Yogi Ernawan', 1, 222, -0.384030, 111.025642, NULL),
(931, 13, 1, 'Noni', 2, 223, -0.575854, 111.876526, NULL),
(932, 13, 1, 'Meita Silviana', 2, 223, 0.856563, 110.269501, NULL),
(933, 13, 1, 'Eva Monica', 2, 223, 0.833470, 111.352837, NULL),
(934, 13, 1, 'Sri Julyani', 2, 224, -0.449178, 112.942818, NULL),
(935, 13, 1, 'Inda Fitriyana', 2, 224, 1.126281, 112.783218, NULL),
(936, 13, 1, 'Juliana Dika', 2, 224, -2.678219, 110.318886, NULL),
(937, 13, 8, 'Darwin', 1, 225, 0.893328, 109.415909, NULL),
(938, 13, 8, 'Eef Niza', 1, 225, -2.193209, 110.221062, NULL),
(939, 13, 8, 'Zulkarnain', 1, 225, 0.803116, 109.580078, NULL),
(940, 13, 8, 'Nawi Setyo Pambudi', 1, 225, 0.556301, 111.782692, NULL),
(941, 13, 8, 'Delin', 1, 225, 0.708562, 112.217613, NULL),
(942, 13, 8, 'Kalisthus', 1, 226, -0.549247, 112.808945, NULL),
(943, 13, 8, 'Muhammad Roji', 1, 226, 1.138190, 113.294044, NULL),
(944, 13, 8, 'Dedi Subana', 1, 226, -0.412619, 109.958534, NULL),
(945, 13, 8, 'Apriyadi', 1, 226, 0.577416, 110.415047, NULL),
(946, 13, 8, 'M. Angie Agusta Ananda', 1, 226, 1.308423, 109.102417, NULL),
(947, 1, 1, 'Fadli As'' Ari Lubis ', 1, 227, 0.000000, 0.000000, NULL),
(948, 1, 1, 'Syahrial', 1, 227, 5.008453, 96.285156, NULL),
(949, 1, 1, 'Agustini', 1, 227, 3.188610, 97.879143, NULL),
(950, 1, 1, 'Hasrizal', 1, 227, 4.660293, 97.193886, NULL),
(951, 1, 1, 'Abdul Wahid', 1, 227, 3.444031, 97.141869, NULL),
(952, 1, 1, 'Siska Soraya', 2, 227, 2.479171, 97.676247, NULL),
(953, 1, 1, 'Ragil Rahmat', 2, 227, 5.263192, 96.054237, NULL),
(954, 1, 22, 'Hendri Saputra', 1, 228, 5.504979, 95.364212, NULL),
(955, 1, 22, 'Dekron Irawan', 1, 228, 4.108850, 97.238358, NULL),
(956, 1, 22, 'Hendra Irawandi P. Harahap', 1, 229, 5.375845, 95.638321, NULL),
(957, 1, 22, 'Safrina', 2, 229, 3.552906, 97.135681, NULL),
(958, 1, 14, 'Hasmizan', 1, 230, 3.186243, 97.288452, NULL),
(959, 1, 14, 'Fahrul Razi', 1, 230, 2.333305, 97.728867, NULL),
(960, 1, 14, 'Zulfikar', 1, 230, 5.510634, 95.344009, NULL),
(961, 1, 14, 'Aisyah', 2, 230, 4.858114, 97.881386, NULL),
(962, 1, 11, 'Rizki Meirizal', 1, 231, 2.625975, 97.928795, NULL),
(963, 1, 11, 'Ihsan Dirahmadana', 1, 231, 3.725511, 97.163948, NULL),
(964, 1, 11, 'Dewi Hijjah Wulandari', 2, 231, 5.220878, 96.162003, NULL),
(965, 1, 11, 'Masytah', 2, 231, 4.990639, 96.715302, NULL),
(966, 4, 1, 'Dewa Pertiwi', 1, 232, -6.379795, 106.119179, NULL),
(967, 4, 1, 'Fajar Sidik', 1, 232, -6.349438, 106.741425, NULL),
(968, 4, 1, 'Aditya Bagus Susanto', 1, 232, -6.794764, 106.160217, NULL),
(969, 4, 1, 'William S. Lokollo', 1, 232, -6.109426, 106.492004, NULL),
(970, 4, 1, 'Tiren Enumbi', 1, 232, -6.086179, 106.031204, NULL),
(971, 4, 1, 'Ely Elkana S', 1, 233, -6.023396, 106.595230, NULL),
(972, 4, 1, 'Harti Yuaningsih', 2, 233, -6.210385, 105.975227, NULL),
(973, 4, 1, 'Wida Agustina', 2, 233, -6.730493, 105.675926, NULL),
(974, 4, 1, 'Dwi Ajijah', 2, 233, -6.204534, 106.563751, NULL),
(975, 4, 1, 'Monika Mayasari', 2, 233, -6.663364, 106.068977, NULL),
(976, 4, 22, 'Indra Saputra Budiyono', 1, 234, -6.677424, 105.631737, NULL),
(977, 4, 22, 'Spen Stuber M.', 1, 234, -6.639210, 106.028473, NULL),
(978, 4, 22, 'James Meraudje', 1, 235, -6.250238, 105.950012, NULL),
(979, 4, 22, 'Sulastri', 2, 235, -6.759629, 106.066833, NULL),
(980, 4, 11, 'Edi Kusnaedi', 1, 236, -6.809911, 106.345261, NULL),
(981, 4, 11, 'Iwan Purwanda', 1, 236, -6.212464, 106.602547, NULL),
(982, 4, 11, 'Hamami', 1, 236, -6.048527, 106.269035, NULL),
(983, 4, 11, 'Nurhasan', 1, 236, -6.715531, 106.421608, NULL),
(984, 4, 11, 'Suhadi', 1, 236, -6.633778, 105.731316, NULL),
(985, 4, 11, 'Hufron', 1, 237, -6.667753, 106.367043, NULL),
(986, 4, 11, 'Dio Allif Utama Prasetyo', 1, 237, -6.400846, 106.333397, NULL),
(987, 4, 11, 'Furi Wahyu Handayani', 2, 237, -6.287809, 106.493195, NULL),
(988, 4, 11, 'T. Ghasanny F. Zanzani', 2, 237, -6.201887, 106.696960, NULL),
(989, 4, 11, 'Shenndy Limpratama', 2, 237, -6.200365, 106.091125, NULL),
(990, 22, 1, 'Ferdy Takalaude', 1, 238, 0.840193, 124.033562, NULL),
(991, 22, 1, 'Truly J. Paulus', 1, 238, 0.921768, 124.198647, NULL),
(992, 22, 1, 'Brian Tampi', 1, 238, 0.918916, 124.207588, NULL),
(993, 22, 1, 'Gerry Pesik', 1, 238, 0.825502, 124.678535, NULL),
(994, 22, 1, 'Recky Wowor', 1, 238, 0.412689, 124.221001, NULL),
(995, 22, 1, 'Riantri M. Lombone', 2, 239, 1.479207, 125.156631, NULL),
(996, 22, 1, 'Dian Monintja', 2, 239, 1.001640, 124.300713, NULL),
(997, 22, 1, 'Anggraini Rorong', 2, 239, 0.736193, 124.305168, NULL),
(998, 22, 1, 'Melvi Tumbelaka', 2, 239, 1.117386, 124.685478, NULL),
(999, 22, 1, 'Santy Sangkoy', 2, 239, 1.331268, 124.694237, NULL),
(1000, 22, 11, 'Keviano Koloay', 1, 240, 0.708190, 123.882721, NULL),
(1001, 22, 11, 'Faisal Moningkey', 1, 240, 0.622679, 123.880585, NULL),
(1002, 22, 11, 'Roger Bambungan', 1, 240, 0.801541, 123.625671, NULL),
(1003, 22, 11, 'Jendry Kaligis', 1, 240, 1.575796, 125.092453, NULL),
(1004, 22, 11, 'Jeifi J. Lakoy', 1, 240, 0.605814, 124.323509, NULL),
(1005, 22, 11, 'Monica Dengan', 2, 241, 0.877999, 123.255302, NULL),
(1006, 22, 11, 'Indri Paulus', 2, 241, 0.335412, 123.636963, NULL),
(1007, 22, 11, 'Winda Ateng', 2, 241, 0.825155, 123.322090, NULL),
(1008, 22, 11, 'Weynly M. Ateng', 2, 241, 1.144233, 124.917732, NULL),
(1009, 22, 11, 'Rosnata Kaudis', 2, 241, 1.355850, 124.892517, NULL),
(1010, 14, 1, 'Marto', 1, 242, -1.543696, 112.997803, NULL),
(1011, 14, 1, 'Denny', 1, 242, -3.310961, 111.857315, NULL),
(1012, 14, 1, 'Ali Suprapto', 1, 242, -1.750990, 114.475807, NULL),
(1013, 14, 1, 'Muahmmad Gajali', 1, 243, -1.100734, 112.517982, NULL),
(1014, 14, 1, 'Supardi', 1, 243, -1.837988, 112.748634, NULL),
(1015, 14, 8, 'Rintha Septenia', 2, 244, -1.175521, 112.942642, NULL),
(1016, 14, 8, 'Arbayati', 2, 244, -2.093491, 114.103523, NULL),
(1017, 14, 8, 'Krismela Mara Vitha', 2, 244, -0.694779, 115.172569, NULL),
(1018, 14, 8, 'Fitriani', 2, 245, -0.640634, 112.798073, NULL),
(1019, 14, 8, 'Rani Marlina', 2, 245, -3.029613, 113.857948, NULL),
(1020, 14, 8, 'Ola Maya', 2, 245, -3.425187, 112.005669, NULL),
(1021, 14, 22, 'Dedy Chandra', 1, 246, -1.646711, 114.468643, NULL),
(1022, 14, 22, 'April Leri', 1, 246, -2.130852, 111.296860, NULL),
(1023, 14, 22, 'Aldri', 1, 246, -2.552012, 113.587975, NULL),
(1024, 14, 22, 'Melky', 1, 246, -1.466010, 113.139648, NULL),
(1025, 14, 22, 'Mido', 1, 246, -0.639153, 113.526169, NULL),
(1026, 14, 22, 'Leo Fredy', 1, 247, -0.968605, 111.898216, NULL),
(1027, 14, 22, 'Frisco Brilyan V.', 1, 247, -0.198759, 115.236572, NULL),
(1028, 14, 22, 'Poliyansyah', 1, 247, 0.122808, 113.793686, NULL),
(1029, 14, 22, 'Agunawan DMS', 1, 247, -2.842072, 111.566818, NULL),
(1030, 14, 22, 'Jhon Tommy', 1, 247, -1.476851, 113.957512, NULL),
(1031, 14, 22, 'Agus Riandi', 1, 248, -1.626334, 112.154877, NULL),
(1032, 14, 22, 'Listra Lestari', 2, 248, -2.491829, 112.017838, NULL),
(1033, 14, 22, 'Etra Yusmalia', 2, 248, -1.152924, 112.310631, NULL),
(1034, 14, 22, 'Indra Yeni', 2, 248, -1.750301, 114.829353, NULL),
(1035, 14, 22, 'Andria Pratiwi Maria', 2, 249, 0.338720, 114.374489, NULL),
(1036, 14, 22, 'Carolla', 2, 249, -2.246593, 114.231827, NULL),
(1037, 14, 22, 'Pila', 2, 249, -0.546699, 113.759911, NULL),
(1038, 14, 22, 'Itae', 2, 249, -2.364841, 114.535027, NULL),
(1039, 19, 1, 'Rengki', 1, 250, -1.543442, 116.283234, NULL),
(1040, 19, 1, 'Eki Saputra', 1, 250, 1.086387, 114.546364, NULL),
(1041, 19, 1, 'Ilham', 1, 250, 3.331331, 115.925423, NULL),
(1042, 19, 1, 'Irwan', 1, 250, 0.563870, 117.657356, NULL),
(1043, 19, 1, 'Hamsul', 1, 250, 0.229265, 115.498268, NULL),
(1044, 19, 1, 'Sadar', 1, 251, 0.570146, 116.121506, NULL),
(1045, 19, 1, 'Agusti Randa', 1, 251, 1.374078, 117.096947, NULL),
(1046, 19, 1, 'Rezky Latif', 1, 251, 1.089452, 116.237556, NULL),
(1047, 19, 1, 'Rudi Saputra', 1, 251, 0.721360, 114.836784, NULL),
(1048, 19, 1, 'Abraham Emes', 1, 251, 2.776121, 117.631065, NULL),
(1049, 19, 10, 'Bayu Hadi Saputra', 1, 252, 2.650722, 117.532616, NULL),
(1050, 19, 10, 'Jabal Nur Rahman', 1, 252, -0.654728, 117.034676, NULL),
(1051, 19, 10, 'Anggi Anggara', 1, 252, 1.866363, 116.823540, NULL),
(1052, 19, 10, 'Hendry Hidayat', 1, 252, 1.128672, 116.021484, NULL),
(1053, 19, 10, 'Gusti Anugrah', 1, 252, 0.938517, 116.051689, NULL),
(1054, 19, 10, 'Wendi Pratama P.', 1, 253, 3.558553, 116.719040, NULL),
(1055, 19, 10, 'Fredy Angga P.', 1, 253, 3.978135, 117.454971, NULL),
(1056, 19, 10, 'Mario', 1, 253, -0.581841, 117.165627, NULL),
(1057, 19, 10, 'Indra Ramadhana', 1, 253, 0.848036, 117.581047, NULL),
(1058, 19, 10, 'Danar Septi Cahyono', 1, 253, 1.463466, 116.333855, NULL),
(1059, 19, 10, 'Suparmanto', 1, 254, 2.392398, 116.255051, NULL),
(1060, 19, 10, 'Muh. Suyitno', 1, 254, 1.305217, 117.262436, NULL),
(1061, 19, 10, 'Agus Jumardi', 1, 254, 3.462595, 115.699448, NULL),
(1062, 19, 10, 'Hamidan', 1, 254, 1.464015, 118.401123, NULL),
(1063, 19, 10, 'Martin', 1, 254, 2.368843, 116.835693, NULL),
(1064, 19, 11, 'Dwi Candra Wijaya', 1, 255, 3.155638, 116.155571, NULL),
(1065, 19, 11, 'Adnan Ash''ary', 1, 255, 0.000000, 0.000000, NULL),
(1066, 19, 11, 'Alamsyah', 1, 255, 1.961151, 116.794075, NULL),
(1067, 19, 11, 'Sunyoto', 1, 255, 2.702857, 116.283684, NULL),
(1068, 19, 11, 'Ferry Padliansyah', 1, 256, 0.421786, 116.776390, NULL),
(1069, 19, 11, 'Andi Syahrul', 1, 256, 1.587946, 117.941910, NULL),
(1070, 19, 11, 'Asep Sumantri', 1, 256, 1.667843, 118.077484, NULL),
(1071, 19, 11, 'Riky Suardi', 1, 256, 1.477968, 116.591713, NULL),
(1072, 19, 11, 'As''ari', 1, 256, 0.000000, 0.000000, NULL),
(1073, 19, 11, 'Bakri Wahid', 1, 255, 2.615936, 117.214745, NULL),
(1074, 16, 1, 'Akil', 1, 257, -5.255621, 119.876701, NULL),
(1075, 16, 1, 'Syahrul M.T', 1, 257, -4.825292, 120.092262, NULL),
(1076, 16, 1, 'Barnabas Kiminon', 1, 257, -4.689072, 119.709145, NULL),
(1077, 16, 1, 'Suwandi', 1, 257, -3.084892, 119.993179, NULL),
(1078, 16, 1, 'Gulam Ishaq', 1, 257, -2.613477, 121.392868, NULL),
(1079, 16, 1, 'Taufik', 1, 257, -3.187543, 120.127548, NULL),
(1080, 16, 1, 'Syarifuddin', 1, 258, -3.448168, 120.116478, NULL),
(1081, 16, 1, 'Jumriani', 2, 258, -2.788935, 119.762978, NULL),
(1082, 16, 1, 'Novianti Limbong', 2, 258, -3.718816, 119.720749, NULL),
(1083, 16, 1, 'Rina Wulandari', 2, 258, -2.841275, 121.321762, NULL),
(1084, 16, 1, 'Sri Umi Utari', 2, 258, -5.358946, 119.631561, NULL),
(1085, 16, 1, 'Bertha Soriro Bone', 2, 258, -4.170306, 119.775948, NULL),
(1086, 16, 22, 'Sahrul Saputra', 1, 259, -3.206390, 119.771652, NULL),
(1087, 16, 22, 'Amri Agung', 1, 259, -2.514076, 120.339989, NULL),
(1088, 16, 22, 'Safaruddin', 1, 259, -5.562186, 120.425140, NULL),
(1089, 16, 22, 'Samsul Bahri', 1, 259, -2.613221, 121.176773, NULL),
(1090, 16, 22, 'Alkarmani', 1, 259, -3.590409, 119.858353, NULL),
(1091, 16, 22, 'Supriadi', 1, 259, -4.699827, 120.139984, NULL),
(1092, 16, 22, 'Zulkarnaen', 1, 259, -2.854918, 120.256332, NULL),
(1093, 16, 22, 'Muh. Ali Imran', 1, 259, -4.725038, 120.224182, NULL),
(1094, 16, 22, 'Tanca', 1, 260, -2.608897, 120.154770, NULL),
(1095, 16, 22, 'Rahmat R.', 1, 260, -5.059720, 119.662796, NULL),
(1096, 16, 22, 'Putri Amanda', 2, 260, -5.422978, 119.532227, NULL),
(1097, 16, 22, 'Hardianti', 2, 260, -4.861856, 119.885857, NULL),
(1098, 16, 22, 'Salwiyah', 2, 260, -3.504698, 119.772423, NULL),
(1099, 16, 22, 'Maylisa Fitriani', 2, 260, -4.908426, 120.003677, NULL),
(1100, 16, 22, 'Sunarti', 2, 260, -2.117380, 120.050880, NULL),
(1101, 16, 22, 'Supriadi S.', 2, 260, -5.240037, 119.424484, NULL),
(1102, 16, 2, 'Sunaryo', 1, 261, -3.621004, 120.033096, NULL),
(1103, 16, 2, 'Muh. Arizona SM', 1, 261, -3.025475, 120.099976, NULL),
(1104, 16, 2, 'Jumardi', 1, 261, -4.677395, 119.787720, NULL),
(1105, 16, 2, 'Saidang', 1, 261, -3.301992, 119.736641, NULL),
(1106, 16, 2, 'Muhammad Ikbal', 1, 261, -2.819904, 121.091507, NULL),
(1107, 16, 2, 'Davis Nugraha Husain', 1, 261, -2.693901, 120.499062, NULL),
(1108, 16, 2, 'Anugrah Agung R.', 1, 261, -4.244125, 119.804184, NULL),
(1109, 16, 2, 'Budi Harianto', 1, 261, -5.413439, 120.333916, NULL),
(1110, 16, 2, 'M. Al Irman Syafri DM.', 1, 261, -4.036154, 120.312248, NULL),
(1111, 16, 2, 'Edi Khalik', 1, 261, -2.550640, 120.912888, NULL),
(1112, 16, 2, 'A. Pradana Kusuma', 1, 262, -2.294070, 120.155777, NULL),
(1113, 16, 2, 'M. Reza Trialdhy Amran', 1, 262, -2.187210, 120.661446, NULL),
(1114, 16, 2, 'Mu''arif', 1, 262, 0.000000, 0.000000, NULL),
(1115, 16, 2, 'Ahmad Jafar', 1, 262, -2.350904, 121.324150, NULL),
(1116, 16, 2, 'Ahmad Riadhi', 1, 262, -4.890505, 119.876312, NULL),
(1117, 16, 2, 'Masda', 1, 262, -2.544680, 121.529320, NULL),
(1118, 16, 2, 'Romi Saputra', 1, 262, -2.891678, 121.490265, NULL),
(1119, 16, 2, 'Moh. Lutfi Tirdin', 1, 262, -4.201440, 119.683037, NULL),
(1120, 16, 2, 'Sumitro', 1, 262, -3.632036, 119.763016, NULL),
(1121, 16, 2, 'M. Syukur Asmun', 1, 262, -2.097042, 120.458290, NULL),
(1122, 16, 8, 'Askar', 1, 263, -4.206456, 120.204308, NULL),
(1123, 16, 8, 'Muh. Ramli', 1, 263, -3.366791, 120.028290, NULL),
(1124, 16, 8, 'Akbar Tanjung', 1, 263, -2.444756, 119.743462, NULL),
(1125, 16, 8, 'Adi Purnomo', 1, 263, -3.244860, 120.267906, NULL),
(1126, 16, 8, 'Muh. Zulfikar Wahab', 1, 263, -3.825202, 120.338821, NULL),
(1127, 16, 8, 'Abdullah', 1, 263, -2.048849, 120.203156, NULL),
(1128, 16, 8, 'Agussalim Basrung', 1, 263, -5.238514, 119.395119, NULL),
(1129, 16, 8, 'Kastan', 1, 263, -2.471664, 119.726738, NULL),
(1130, 16, 8, 'Thamrin', 1, 264, -3.994251, 119.827866, NULL),
(1131, 16, 8, 'Amiruddin', 1, 264, -2.881716, 121.656761, NULL),
(1132, 16, 8, 'Arfandi Saputra', 1, 264, -4.561671, 120.255409, NULL),
(1133, 16, 8, 'Serlianti, S.', 2, 264, -1.931227, 120.397179, NULL),
(1134, 16, 8, 'Ayu Syamsuddin', 2, 264, -5.487719, 120.156960, NULL),
(1135, 16, 8, 'Surianti B.', 2, 264, -4.120363, 119.641472, NULL),
(1136, 16, 8, 'Suhartiwi', 2, 264, -3.420697, 119.739311, NULL),
(1137, 16, 10, 'Mas''ud', 1, 265, 0.000000, 0.000000, NULL),
(1138, 16, 10, 'Muh. Misbar', 1, 265, -2.411925, 120.100464, NULL),
(1139, 16, 10, 'Muh. Jhaidir Said', 1, 265, -5.427602, 120.204056, NULL),
(1140, 16, 10, 'Arisandy', 1, 265, -3.723261, 119.874855, NULL),
(1141, 16, 10, 'Randy', 1, 266, -4.587323, 119.616127, NULL),
(1142, 16, 10, 'Rahmat Arham', 1, 266, -3.497480, 120.031921, NULL),
(1143, 16, 10, 'Ronald Matta', 1, 266, -2.905844, 121.543892, NULL),
(1144, 16, 10, 'Wahyu', 1, 266, -2.551370, 120.440323, NULL),
(1145, 16, 11, 'Johan', 1, 267, -3.846341, 119.809364, NULL),
(1146, 16, 11, 'Saldi TTR', 1, 267, -4.662817, 120.413910, NULL),
(1147, 16, 11, 'Ahmad Jayadi', 1, 267, -2.584079, 120.983940, NULL),
(1148, 16, 11, 'Muh. Iskandar', 1, 267, -3.201958, 119.487328, NULL),
(1149, 16, 11, 'Ahmad Sidiq Maulana R.', 1, 267, -2.677678, 121.692863, NULL),
(1150, 16, 11, 'Ilham Ikhwal', 1, 267, -4.675700, 120.382736, NULL),
(1151, 16, 11, 'Jusmawandi', 1, 267, -4.147275, 119.687721, NULL),
(1152, 16, 11, 'Kaharuddin', 1, 268, -4.549598, 120.128563, NULL),
(1153, 16, 11, 'Emmi Selfiani', 2, 268, -2.465603, 120.480362, NULL),
(1154, 16, 11, 'Elis', 2, 268, -5.171477, 119.825218, NULL),
(1155, 16, 11, 'Musrahayu', 2, 268, -2.224025, 120.404953, NULL),
(1156, 16, 11, 'Arisna', 2, 268, -2.804182, 120.082397, NULL),
(1157, 16, 11, 'Kasmawati', 2, 268, -3.088122, 119.959259, NULL),
(1158, 16, 11, 'Asniati', 2, 268, -4.228699, 120.263954, NULL),
(1159, 17, 8, 'Muh. Ryan Hasan', 1, 270, -2.889859, 119.493004, NULL),
(1160, 17, 8, 'Jawaril', 1, 270, -3.074947, 118.837601, NULL),
(1161, 17, 8, 'M. Idrus Y', 1, 270, -2.116877, 119.223824, NULL),
(1162, 17, 8, 'Abd. Fais Gaus', 1, 270, -3.192002, 119.207733, NULL),
(1163, 17, 8, 'Fathur Tjinta', 1, 270, -3.054051, 119.388969, NULL),
(1164, 17, 8, 'Mustakim', 1, 270, -3.028019, 118.910980, NULL),
(1165, 17, 8, 'Ilham A.', 1, 271, -1.833869, 119.759529, NULL),
(1166, 17, 8, 'Mustari', 1, 271, -2.417811, 119.700478, NULL),
(1167, 17, 8, 'Nasbir', 1, 271, -2.026000, 119.526039, NULL),
(1168, 17, 8, 'Usman Akbar', 1, 271, -2.742939, 119.238411, NULL),
(1169, 17, 8, 'Dwi Spangat', 1, 271, -2.965470, 118.872292, NULL),
(1170, 17, 8, 'Tursilo', 1, 271, -2.328271, 119.440475, NULL),
(1171, 17, 8, 'Nisma', 2, 272, -1.963007, 119.662643, NULL),
(1172, 17, 8, 'Ayu Lestari', 2, 272, -3.319301, 119.227280, NULL),
(1173, 17, 8, 'Andi Nur Alifa', 2, 272, -2.079552, 119.200798, NULL),
(1174, 17, 8, 'Risnawati', 2, 272, -2.522082, 119.229675, NULL),
(1175, 17, 8, 'Okta Viang', 2, 272, -2.578264, 119.469955, NULL),
(1176, 17, 8, 'Nani Karmila', 2, 272, -1.728793, 119.548935, NULL),
(1177, 10, 1, 'Ni Kadek Ernawati', 2, 273, -8.155385, 115.085213, NULL),
(1178, 10, 1, 'I Made Sukariata', 2, 273, -8.279846, 115.579582, NULL),
(1179, 10, 1, 'Ni Komang Nilawati', 2, 273, -8.165330, 115.073486, NULL),
(1180, 10, 1, 'Maria Natalia Londa', 2, 273, -8.379584, 115.654007, NULL),
(1181, 10, 1, 'I Ketut Trisna', 2, 274, -8.368194, 114.726028, NULL),
(1182, 10, 1, 'Ni Kadek Hendrawati', 2, 274, -8.328960, 115.356987, NULL),
(1183, 10, 1, 'Ni Putu Kasih Indriani', 2, 275, -8.338694, 115.458061, NULL),
(1184, 10, 1, 'Ni Kadek Putri Indriani', 2, 275, -8.226590, 115.502327, NULL),
(1185, 10, 11, 'I Nyoman Budiasa', 1, 276, -8.152559, 114.737183, NULL),
(1186, 10, 11, 'Kadek Sukarata', 1, 276, -8.380269, 114.938370, NULL),
(1187, 10, 11, 'I Made Julianta', 1, 276, -8.654480, 115.192909, NULL),
(1188, 10, 11, 'Fariz Binsyeh Abu Bakar', 1, 276, -8.394668, 114.677956, NULL),
(1189, 10, 11, 'Wayan Agus Suryanatha', 1, 277, -8.406645, 115.307083, NULL),
(1190, 10, 11, 'Ni Komang Sri Handayani', 2, 277, -8.149683, 114.570343, NULL),
(1191, 10, 11, 'Ni Made Leoni Agustini', 2, 277, -8.339494, 114.728912, NULL),
(1192, 10, 11, 'Ni Made Suastiari', 2, 278, -8.461568, 114.983665, NULL),
(1193, 10, 11, 'Kadek Yuni Hendrayani', 2, 278, -8.197558, 114.973396, NULL),
(1194, 10, 11, 'Evi Dwi Lestari', 2, 278, -8.416866, 114.996704, NULL),
(1195, 23, 1, 'Hasim Albaar', 1, 279, 1.360199, 127.701874, NULL),
(1196, 23, 1, 'Faisal Nasir', 1, 279, 0.028373, 127.779709, NULL),
(1197, 23, 1, 'Sarif Usman', 1, 280, 1.251542, 127.541336, NULL),
(1198, 23, 1, 'Samsia Arsad', 2, 280, 1.034003, 127.642281, NULL),
(1199, 23, 1, 'Nuraini Usman', 2, 281, 0.841027, 128.109818, NULL),
(1200, 23, 1, 'Nurdiana Mahmud', 2, 281, 0.507440, 127.970139, NULL),
(1201, 23, 1, 'Hisdayanti Cao', 2, 282, 1.639267, 127.794952, NULL),
(1202, 23, 11, 'Isnardi Ismail', 1, 283, -0.111465, 127.770081, NULL),
(1203, 23, 11, 'Fauzi Marajabessy', 1, 283, 0.807259, 128.078827, NULL),
(1204, 23, 11, 'Junaidi Abdullah', 1, 284, 0.446698, 128.541718, NULL),
(1205, 23, 11, 'Susiana La Ode', 2, 284, -0.283080, 127.810555, NULL),
(1206, 23, 11, 'Nurlina Armayn', 2, 285, -0.231427, 127.934486, NULL),
(1207, 23, 11, 'Talha Iskandar', 2, 285, 1.479862, 127.946144, NULL),
(1208, 18, 1, 'Asmin Arif', 1, 286, -3.330030, 121.312035, NULL),
(1209, 18, 1, 'Kaharuddin', 1, 286, -3.894839, 122.256386, NULL),
(1210, 18, 1, 'Ali Aziz', 1, 286, -4.339515, 122.221397, NULL),
(1211, 18, 1, 'Andris', 1, 286, -4.295345, 122.759285, NULL),
(1212, 18, 1, 'Guntur', 1, 287, -3.103572, 121.933464, NULL),
(1213, 18, 1, 'Hasdaniati', 2, 287, -4.680156, 121.961281, NULL),
(1214, 18, 1, 'Asmawati', 2, 287, -3.605781, 121.441216, NULL),
(1215, 18, 1, 'Sufiani', 2, 287, -3.372054, 121.188446, NULL),
(1216, 18, 22, 'Marjuki', 1, 288, -4.383733, 122.429298, NULL),
(1217, 18, 22, 'LD. Harminto', 1, 288, -2.942525, 121.175789, NULL),
(1218, 18, 22, 'Marwan', 1, 288, -3.096375, 122.103783, NULL),
(1219, 18, 22, 'LD. Jumardin', 1, 288, -3.111328, 121.637192, NULL),
(1220, 18, 22, 'Alfredo Dwi Adrian S.', 1, 288, -3.597903, 121.863884, NULL),
(1221, 18, 22, 'Hardianto', 1, 289, -4.604045, 121.965157, NULL),
(1222, 18, 22, 'Salim', 1, 289, -3.421590, 121.339531, NULL),
(1223, 18, 22, 'Jusman', 1, 289, -3.891241, 122.523804, NULL),
(1224, 18, 22, 'Asman Halmas', 1, 289, -3.484198, 121.765114, NULL),
(1225, 18, 22, 'Rahmat Yamir', 1, 289, -4.231897, 122.622322, NULL),
(1226, 18, 22, 'Imran', 1, 290, -4.407579, 121.694893, NULL),
(1227, 18, 22, 'Arfin', 1, 290, -3.612255, 121.682487, NULL),
(1228, 18, 22, 'Asdar', 1, 290, -4.171584, 121.738708, NULL),
(1229, 18, 22, 'Awan Saputra', 1, 290, -3.954207, 122.153252, NULL),
(1230, 18, 22, 'Jekki', 2, 291, -3.049249, 121.834663, NULL),
(1231, 18, 22, 'Marnia', 2, 291, -4.179181, 122.752007, NULL),
(1232, 18, 22, 'Yanti', 2, 291, -4.328719, 122.408463, NULL),
(1233, 18, 22, 'Dayumin', 2, 291, -3.785206, 122.204391, NULL),
(1234, 18, 22, 'Evita S.', 2, 292, -3.342868, 121.386322, NULL),
(1235, 18, 22, 'Yana', 2, 292, -3.887432, 122.321762, NULL),
(1236, 18, 22, 'Siti Hasna', 2, 292, -4.150909, 121.864929, NULL),
(1237, 18, 22, 'Jamiati', 2, 292, -4.196888, 121.742065, NULL),
(1238, 18, 11, 'Silafar Saputra', 1, 293, -3.736441, 121.592255, NULL),
(1239, 18, 11, 'Sarjani Ahmadi', 1, 293, -3.010793, 121.534782, NULL),
(1240, 18, 11, 'LD. Marsalin', 1, 293, -3.110320, 121.675308, NULL),
(1241, 18, 11, 'Herdin', 1, 293, -3.032174, 121.087067, NULL),
(1242, 18, 11, 'Sarlin', 1, 293, -3.855983, 121.961685, NULL),
(1243, 18, 11, 'Agus Hendratno', 1, 294, -3.112441, 121.306847, NULL),
(1244, 18, 11, 'Zumarlin', 1, 294, -4.350747, 122.019875, NULL),
(1245, 18, 11, 'Muh. Akbar S.', 1, 294, -4.416395, 122.404037, NULL),
(1246, 18, 11, 'Sarlin Rahmawan', 1, 294, -3.991701, 121.732803, NULL),
(1247, 18, 11, 'Husni', 2, 294, -3.138749, 121.584549, NULL),
(1248, 18, 11, 'Yuniarsih', 2, 295, -4.396449, 122.394669, NULL),
(1249, 18, 11, 'Wiwik Nirwana Hara. H', 2, 295, -4.224053, 122.182434, NULL),
(1250, 18, 11, 'WD. Iti', 2, 295, -2.898884, 121.135521, NULL),
(1251, 18, 11, 'Israwati', 2, 295, -4.672343, 121.609322, NULL),
(1252, 18, 11, 'Helfira', 2, 296, -3.124901, 122.031944, NULL),
(1253, 18, 11, 'Ayu', 2, 296, -3.410478, 121.459244, NULL),
(1254, 18, 11, 'Murni Wahyuni', 2, 296, -4.070851, 122.152061, NULL),
(1255, 18, 11, 'Iin Safitri', 2, 296, -3.326538, 121.466148, NULL),
(1256, 18, 8, 'Takdir', 1, 297, -3.561522, 121.934937, NULL),
(1257, 18, 8, 'Safaruddin', 1, 297, -4.044601, 122.088356, NULL),
(1258, 18, 8, 'La Ode Andi Amala', 1, 297, -4.332659, 122.444405, NULL),
(1259, 18, 8, 'Laode Amran', 1, 297, -4.258475, 122.727608, NULL),
(1260, 18, 8, 'Sumarno', 1, 297, -3.752191, 122.059532, NULL),
(1261, 18, 8, 'Firdaus', 1, 298, -3.509899, 121.733704, NULL),
(1262, 18, 8, 'Hasrin', 1, 298, -3.552096, 121.058449, NULL),
(1263, 18, 8, 'Aladin', 1, 298, -4.285303, 121.864540, NULL),
(1264, 18, 8, 'Sapril', 1, 298, -3.093672, 121.918869, NULL),
(1265, 18, 8, 'Said', 1, 298, -3.661638, 121.117310, NULL),
(1266, 24, 1, 'Yopi Eduard Fader', 1, 299, -3.092741, 128.841705, NULL),
(1267, 24, 1, 'Alfred Tuhumena', 1, 299, -3.446935, 130.725601, NULL),
(1268, 24, 1, 'Abraham Pelamonia', 1, 299, -3.225308, 127.967941, NULL),
(1269, 24, 1, 'Yan Zakarias Somae', 1, 299, -3.145104, 130.377457, NULL),
(1270, 24, 1, 'Felix Pieters', 1, 299, -3.137567, 128.334427, NULL),
(1271, 24, 1, 'Anwar Selfara', 1, 300, -3.189847, 130.436584, NULL),
(1272, 24, 1, 'Rikwan Petrus Welerubun', 1, 300, -3.385763, 130.011703, NULL),
(1273, 24, 1, 'Agustinus Leuwol', 1, 300, -3.186089, 127.913277, NULL),
(1274, 24, 1, 'Rinto Lewenussa', 1, 300, -3.401317, 129.371506, NULL),
(1275, 24, 1, 'Rika Kailuhu', 2, 300, -3.032585, 130.085388, NULL),
(1276, 24, 1, 'Reny Carla Tehupeiory', 2, 301, -3.021340, 129.266510, NULL),
(1277, 24, 1, 'Carolina Leiwakabessy', 2, 301, -3.332282, 130.459610, NULL),
(1278, 24, 1, 'Natalia Totonunu', 2, 301, -3.010431, 128.909729, NULL),
(1279, 24, 1, 'Beblyn Latupeirissa', 2, 301, -3.215372, 129.767395, NULL),
(1280, 24, 1, 'Ana M. Kelanit', 2, 301, -3.198995, 128.423782, NULL),
(1281, 24, 1, 'Sarah Imlabia', 2, 302, -2.989761, 128.255798, NULL),
(1282, 24, 1, 'Nining Sohali', 2, 302, -3.186222, 129.808716, NULL),
(1283, 24, 1, 'Yami Pelamonia', 2, 302, -2.940282, 129.388931, NULL),
(1284, 24, 1, 'Olga Samalo', 2, 302, -3.122682, 130.397644, NULL),
(1285, 24, 1, 'Dessy Pelamonia', 2, 302, -2.858951, 128.517578, NULL),
(1286, 24, 2, 'Muhamad G. W.', 1, 303, -3.213643, 129.994064, NULL),
(1287, 24, 2, 'Christian Tentua', 1, 303, -3.083995, 128.421036, NULL),
(1288, 24, 2, 'Munir Lessy', 1, 303, -3.521377, 130.812378, NULL),
(1289, 24, 2, 'Riskandy Lestaluhu', 1, 303, -2.942375, 129.682190, NULL),
(1290, 24, 2, 'Abu Irsal Lestaluhu', 1, 303, -3.091658, 129.099808, NULL),
(1291, 24, 2, 'Fabril Sangadji', 1, 304, -2.872462, 129.025787, NULL),
(1292, 24, 2, 'Abdul Samad Semarang', 1, 304, -3.164483, 129.067429, NULL),
(1293, 24, 2, 'Scorpio R. Wabula', 1, 304, -3.309645, 129.670166, NULL),
(1294, 24, 2, 'Jemris Marantika', 1, 304, -3.341707, 130.289612, NULL),
(1295, 24, 2, 'Ramlan Lewenussa', 1, 304, -3.091119, 129.074692, NULL),
(1296, 24, 2, 'Hary S. Lestaluhu', 1, 305, -2.991730, 129.131973, NULL),
(1297, 24, 2, 'Mevian Hetharia', 1, 305, -3.048221, 128.624832, NULL),
(1298, 24, 2, 'Salembe Ohorella', 1, 305, -3.097396, 128.624084, NULL),
(1299, 24, 2, 'Syahrir Pesanlaw', 1, 305, -3.278831, 130.037903, NULL),
(1300, 24, 2, 'Mario Silooy', 1, 305, -3.140040, 129.685516, NULL),
(1301, 24, 2, 'Ricardo Manuputyy', 1, 306, -3.060646, 129.998032, NULL),
(1302, 24, 2, 'Rivando Lewery', 1, 306, -2.942303, 129.603851, NULL),
(1303, 24, 2, 'Sayful Ohorella', 1, 306, -3.625251, 130.544388, NULL),
(1304, 24, 2, 'Yulius Nussy', 1, 306, -3.092526, 128.235092, NULL),
(1305, 24, 2, 'Marthen Tahya', 1, 306, -3.261321, 129.737198, NULL),
(1306, 12, 1, 'Melidianus Tampani', 1, 307, -8.283169, 120.396561, NULL),
(1307, 12, 1, 'Misran Syaiful', 1, 307, -8.715291, 121.616257, NULL),
(1308, 12, 1, 'Fransiskus Radja', 1, 307, -8.606598, 120.195335, NULL),
(1309, 12, 1, 'RobertusK. Nono', 1, 307, -8.843589, 120.923172, NULL),
(1310, 12, 1, 'Hironimus Kase', 1, 307, -8.703925, 120.464813, NULL),
(1311, 12, 1, 'Kelsilanus Dana', 1, 307, -8.735476, 121.313095, NULL),
(1312, 12, 1, 'Marthen Baunsele', 1, 308, -8.710618, 120.671608, NULL),
(1313, 12, 1, 'Sarfina Nenokeba', 2, 308, -8.583984, 122.786011, NULL),
(1314, 12, 1, 'Afriana Paidjo', 2, 308, -8.680494, 120.640877, NULL),
(1315, 12, 1, 'Maria F. Wea Dede', 2, 308, -8.577254, 122.746155, NULL),
(1316, 12, 1, 'Katarina Banu', 2, 308, -8.809480, 120.937881, NULL),
(1317, 12, 1, 'Elisabeth Nufninu', 2, 308, -8.436435, 122.726974, NULL),
(1318, 12, 8, 'Melany C. S. Lay', 2, 309, -8.705027, 121.057495, NULL),
(1319, 12, 8, 'M. Mentari Pa Nyola', 2, 309, -8.687748, 121.480675, NULL),
(1320, 12, 8, 'Roslina Dida', 2, 310, -8.574409, 120.380867, NULL),
(1321, 12, 8, 'Sara Da Rego', 2, 310, -8.643845, 121.188766, NULL),
(1322, 5, 1, 'Anita Rohma', 2, 311, -6.095453, 106.927399, NULL),
(1323, 5, 1, 'Hani Sangadji', 2, 311, -6.234708, 106.950371, NULL),
(1324, 5, 1, 'Hanny Puspita', 2, 311, -6.184859, 106.964226, NULL),
(1325, 5, 1, 'Putri Winarni', 2, 311, -6.253660, 106.834999, NULL),
(1326, 5, 1, 'Andiyani Octavia', 2, 311, -6.294190, 106.886459, NULL),
(1327, 5, 1, 'Elvira Khusnul Khotima', 2, 312, -6.229856, 106.744568, NULL),
(1328, 5, 1, 'Nurul Sofiah', 2, 312, -6.141380, 106.840973, NULL),
(1329, 5, 1, 'Djan Phanto Fanny', 2, 312, -6.169651, 106.766098, NULL),
(1330, 5, 1, 'Innaka Murti Laras', 2, 312, -6.339766, 106.825348, NULL),
(1331, 5, 1, 'R. Siti Murniati', 2, 312, -6.318794, 106.917725, NULL),
(1332, 5, 22, 'Mayarham', 1, 313, -6.191936, 106.835854, NULL),
(1333, 5, 22, 'Mupasil', 1, 313, -6.310370, 106.792213, NULL),
(1334, 5, 22, 'Jamhuri', 1, 313, -6.293480, 106.920471, NULL),
(1335, 5, 22, 'Agus Mujiono', 1, 313, -6.254356, 106.743874, NULL),
(1336, 5, 22, 'Irvan Fachri', 1, 313, -6.324165, 106.920021, NULL),
(1337, 5, 22, 'Adang S.', 1, 314, -6.200156, 106.766266, NULL),
(1338, 5, 22, 'Umi S.', 2, 314, -6.211075, 106.928505, NULL),
(1339, 5, 22, 'Haryati', 2, 314, -6.150641, 106.919701, NULL),
(1340, 5, 22, 'Rohayati', 2, 314, -6.216444, 106.961143, NULL),
(1341, 5, 22, 'Siti Marsito', 2, 314, -6.105095, 106.742981, NULL),
(1342, 5, 8, 'Hasmiwati', 2, 315, -6.132087, 106.713341, NULL),
(1343, 5, 8, 'Desi Indah Kurniasari', 2, 315, -6.174479, 106.960068, NULL),
(1344, 5, 8, 'Aliya Prihatini', 2, 315, -6.227326, 106.792908, NULL),
(1345, 5, 8, 'Nasrawati', 2, 316, -6.293594, 106.794731, NULL),
(1346, 5, 8, 'Nurhidayah', 2, 316, -6.106349, 106.818344, NULL),
(1347, 5, 8, 'Anisa Mega Ningrum', 2, 316, -6.134166, 106.836929, NULL),
(1348, 7, 18, 'Ajeng S.', 2, 101, -7.988126, 111.028130, NULL),
(1349, 32, 11, 'Silvester Hanok', 1, 68, -5.073574, 139.682800, NULL),
(1350, 33, 10, 'M. Nuh', 1, 41, -2.356837, 101.365990, NULL),
(1351, 11, 1, 'Joni Iskandar', 1, 23, -8.337006, 118.969345, NULL),
(1353, 1, 1, 'Ragil Rahmat Jaya Saputra', 1, 1, 4.326798, 97.263313, NULL),
(1354, 1, 1, 'Muhammad Mustafa', 1, 1, 4.804923, 95.783310, NULL),
(1355, 1, 1, 'Muhammad Razi', 1, 1, 5.122057, 95.401237, NULL),
(1356, 1, 1, 'Prilianti Khairunnisa', 2, 1, 4.641604, 95.799538, NULL),
(1357, 1, 1, 'Sisika Soraya', 2, 1, 4.783268, 95.816902, NULL),
(1358, 1, 27, 'T.Muhammad Aqfa', 1, 27, 4.427684, 96.403175, NULL),
(1359, 1, 27, 'Ridho Baskoro', 1, 27, 4.791722, 96.908791, NULL),
(1360, 1, 27, 'Indriana Nursasmita', 2, 27, 3.153077, 97.588722, NULL),
(1371, 1, 22, 'Amanda Syukriadi', 1, 0, 5.030594, 95.637848, NULL),
(1372, 1, 14, 'Dedi Surahman', 1, 0, 4.190649, 97.314552, NULL),
(1373, 1, 14, 'Muhammada Yani', 1, 0, 4.236861, 96.831718, NULL),
(1374, 1, 12, 'Muhthadin', 1, 0, 3.796912, 97.749428, NULL),
(1375, 1, 12, 'Narsya', 2, 0, 4.428608, 96.800728, NULL),
(1376, 1, 12, 'Aulia Rahman', 2, 0, 3.585393, 97.665421, NULL),
(1377, 1, 12, 'Asmaul Husna', 2, 0, 5.131545, 95.941177, NULL),
(1378, 1, 11, 'Irsandi Rahmadana', 1, 0, 3.887554, 97.585831, NULL),
(1379, 1, 11, 'Aprilia Kartini', 2, 0, 3.912332, 97.442177, NULL),
(1380, 1, 11, 'Masyitah', 2, 0, 4.456333, 96.853149, NULL),
(1381, 26, 8, 'Arifatul Fahmi', 1, 0, 1.396699, 100.882820, NULL),
(1382, 26, 8, 'Hendri Sugianto', 1, 0, 0.197586, 102.544060, NULL),
(1383, 26, 8, 'Marwan Hendro', 1, 0, 0.865233, 100.993492, NULL),
(1384, 26, 8, 'M.Yandra', 1, 0, 1.089162, 101.793320, NULL),
(1385, 26, 8, 'Patriadi', 1, 0, 0.674408, 101.683922, NULL),
(1386, 26, 8, 'Rahim Syah', 1, 0, 1.281882, 100.251228, NULL),
(1387, 26, 8, 'Risky Herwandi', 1, 0, 2.205059, 101.033546, NULL),
(1388, 26, 8, 'Wan Rahmat Hidayat', 1, 0, 0.348994, 102.862801, NULL),
(1389, 26, 8, 'Asmira', 2, 0, 1.172820, 101.629448, NULL),
(1390, 26, 8, 'Ratu Canny', 2, 0, 0.300433, 103.138130, NULL),
(1391, 26, 8, 'Rizanov.K', 2, 0, 0.849278, 100.965469, NULL),
(1392, 26, 8, 'Triyana Devi', 2, 0, -0.317329, 102.657326, NULL),
(1393, 26, 23, 'M.Lutfi', 1, 0, 0.980890, 100.238266, NULL),
(1394, 26, 23, 'Marjui', 1, 0, -0.028793, 101.485619, NULL),
(1395, 26, 23, 'Charlos', 1, 0, -0.192781, 103.137749, NULL),
(1396, 26, 23, 'Ira Yohana', 2, 0, -0.651567, 103.236153, NULL),
(1397, 26, 23, 'Nur Hidayah', 2, 0, 0.753874, 101.081963, NULL),
(1398, 26, 23, 'Katrina', 2, 0, -0.474271, 102.853951, NULL),
(1399, 2, 8, 'Elfian Isdiansyah', 1, 0, 3.871379, 108.210938, NULL),
(1400, 2, 8, 'Masriadi', 1, 0, 3.750797, 108.221924, NULL),
(1401, 2, 8, 'Kurnia', 1, 0, 3.791907, 108.136780, NULL),
(1402, 2, 8, 'Mulheri', 1, 0, 3.693241, 108.279602, NULL),
(1403, 2, 8, 'Nurazelin', 1, 0, 3.989205, 108.227417, NULL),
(1404, 2, 8, 'Bima Putra', 1, 0, 3.989205, 108.150513, NULL),
(1405, 2, 8, 'M.Hakim', 1, 0, 4.049481, 108.073608, NULL),
(1406, 2, 8, 'Udil Adha', 1, 0, 4.191934, 108.210938, NULL),
(1407, 2, 8, 'Aswad', 1, 0, 4.689488, 107.974182, NULL),
(1408, 2, 8, 'Rismar Ardiaonto', 1, 0, 4.757919, 107.997528, NULL),
(1409, 27, 11, 'Anton Yuspermana', 1, 0, -0.515441, 100.892792, NULL),
(1410, 27, 11, 'Ilsano Mardnel', 1, 0, -1.143600, 100.978706, NULL),
(1411, 27, 11, 'Irvandi Aprianto', 1, 0, -1.904806, 100.925545, NULL),
(1412, 27, 11, 'Aldi Wirnata', 1, 0, -1.678280, 101.401222, NULL),
(1413, 27, 11, 'Fikri Wahyudi', 1, 0, 0.478058, 99.418144, NULL),
(1414, 27, 11, 'Dede Pratama Chandra', 1, 0, 0.188434, 100.442039, NULL),
(1415, 27, 11, 'M. Hendrajaya', 1, 0, -0.275302, 100.222862, NULL),
(1416, 27, 11, 'Tri Andika Fadil', 1, 0, 0.133637, 100.255692, NULL),
(1417, 27, 11, 'Jandrinal Murdi', 1, 0, -0.370793, 100.023628, NULL),
(1418, 27, 11, 'Ryan Indra Pratama', 1, 0, -1.253058, 101.028946, NULL),
(1419, 27, 11, 'Rezki Rido Putra', 1, 0, -1.232292, 100.443161, NULL),
(1420, 27, 11, 'Cory Mita Kurnia', 2, 0, -1.114877, 100.860565, NULL),
(1421, 27, 11, 'Siti Aisyah', 2, 0, -1.792543, 101.102493, NULL),
(1422, 27, 11, 'Kory Yolanda', 2, 0, -1.063760, 101.172775, NULL),
(1423, 27, 11, 'Weny Sasmitha', 2, 0, -0.632867, 101.025490, NULL),
(1424, 27, 11, 'Lailatul Husna Armen', 2, 0, 0.806799, 99.999008, NULL),
(1425, 27, 11, 'Suci Wulandari', 2, 0, -1.430137, 101.577843, NULL),
(1426, 27, 2, 'Anggia Tofano', 1, 0, -0.758925, 101.196663, NULL),
(1427, 27, 2, 'Fadillah', 1, 0, -1.695768, 101.263870, NULL),
(1428, 27, 2, 'Arifan Fitra Masril', 1, 0, -1.120351, 100.734695, NULL),
(1429, 27, 2, 'Jerry Giovani Galli', 1, 0, -1.360538, 100.795883, NULL),
(1430, 27, 2, 'Imam Iqbal Tawakal', 1, 0, -0.603165, 100.912743, NULL),
(1431, 27, 2, 'Irsyad Maulana', 1, 0, -0.245890, 99.887993, NULL),
(1432, 27, 2, 'Adek Gustinal', 1, 0, -0.581456, 100.193054, NULL),
(1433, 27, 2, 'Andre Riyustofan', 1, 0, -0.072412, 99.846527, NULL),
(1434, 27, 2, 'Mardiono', 1, 0, -0.422222, 100.413795, NULL),
(1435, 27, 16, 'Ridho Musta', 1, 0, 0.124230, 99.825851, NULL),
(1436, 27, 16, 'Restu Widayaka', 1, 0, -0.926303, 100.350922, NULL),
(1437, 27, 16, 'Ikram Nurhamid', 1, 0, -1.601230, 101.450211, NULL),
(1438, 27, 16, 'Neneng Widyas Tuti', 2, 0, 0.321062, 99.346313, NULL),
(1439, 27, 16, 'Lili Suwarni', 2, 0, 0.081322, 100.018402, NULL),
(1440, 27, 16, 'Nabila Yulianda Putri', 2, 0, -0.289582, 99.933121, NULL),
(1441, 27, 8, 'Jefri Maldi', 1, 0, -1.292696, 101.562805, NULL),
(1442, 27, 8, 'Riko Syaputra', 1, 0, -1.247137, 101.617409, NULL),
(1443, 27, 8, 'Dimentsco Elrado', 1, 0, 0.219299, 99.688019, NULL),
(1444, 27, 8, 'Dayu Sahmento', 1, 0, -0.715805, 101.128548, NULL),
(1445, 27, 8, 'Jasman', 1, 0, -1.523615, 101.406616, NULL),
(1446, 27, 8, 'Afrido Caniago', 1, 0, 0.398149, 100.455688, NULL),
(1447, 27, 8, 'M. Alfatoni', 1, 0, 0.234978, 99.368507, NULL),
(1448, 27, 8, 'Dona Afrilita', 2, 0, 0.010530, 99.770218, NULL),
(1449, 27, 8, 'Vivien Eddy', 2, 0, -0.659949, 100.999420, NULL),
(1450, 27, 10, 'Firda Nanda Zetmi', 1, 0, -0.788943, 101.054642, NULL),
(1451, 27, 10, 'Gunawan Adi Utama', 1, 0, -1.963599, 100.890945, NULL),
(1452, 27, 10, 'Trijoni Andespi', 1, 0, -0.918948, 100.375160, NULL),
(1453, 27, 10, 'Gulastyo Mardian P.', 1, 0, -1.271338, 100.513573, NULL),
(1454, 27, 10, 'Alwin Effendi', 1, 0, -0.520412, 100.699379, NULL),
(1455, 27, 10, 'Heru Fernandes', 1, 0, 0.449573, 100.067841, NULL),
(1456, 27, 1, 'Putra Adi Guna', 1, 0, -0.784369, 101.156296, NULL),
(1457, 27, 1, 'Wiko Tri Opera', 1, 0, -1.547224, 101.014008, NULL),
(1458, 27, 1, 'Rizky Ewderia', 1, 0, 0.397010, 99.985153, NULL),
(1459, 27, 1, 'Fakta Indra', 1, 0, -0.698279, 101.220932, NULL),
(1460, 27, 1, 'Windo Aldino', 1, 0, -1.294180, 101.220505, NULL),
(1461, 27, 1, 'Mayang Sari', 2, 0, 0.403330, 100.429611, NULL),
(1462, 27, 1, 'Ika Melisha. S', 2, 0, -2.246511, 101.149559, NULL),
(1463, 27, 1, 'Riri Afrilla Sandi', 2, 0, -1.243984, 101.779938, NULL),
(1464, 27, 1, 'Yuni Putri', 2, 0, 0.311648, 99.858414, NULL),
(1465, 29, 27, 'Hendri Eko B', 1, 0, -3.295380, 104.483971, NULL),
(1466, 29, 27, 'Hendrawan', 1, 0, -2.999917, 104.406334, NULL),
(1467, 29, 27, 'R.Dwi Wahyu', 1, 0, -2.968637, 105.420059, NULL),
(1468, 29, 27, 'Jeaned Alfida N', 2, 0, -4.928023, 103.932541, NULL),
(1469, 29, 27, 'Lestari', 2, 0, -3.740606, 103.463684, NULL),
(1470, 29, 27, 'Rizky Wahyuni', 2, 0, -2.351982, 103.765755, NULL),
(1471, 29, 13, 'Abdul Rohim', 1, 0, -3.795639, 104.789635, NULL),
(1472, 29, 13, 'Kms.Yunus', 1, 0, -3.502121, 105.781502, NULL),
(1473, 29, 13, 'M.Indra', 1, 0, -2.743741, 103.756157, NULL),
(1474, 29, 13, 'Maliatul F', 2, 0, -3.172900, 102.971390, NULL),
(1475, 29, 13, 'Nadia Hemalia P', 2, 0, -2.646660, 105.220909, NULL),
(1476, 29, 13, 'Citia Utami ', 2, 0, -3.975418, 103.165298, NULL),
(1477, 29, 13, 'Nur Fadillah ', 2, 0, -4.077361, 104.991699, NULL),
(1478, 29, 28, 'Ramdan Hilman', 1, 0, -3.193912, 104.665619, NULL),
(1479, 29, 28, 'Rusthandi A', 1, 0, -2.999162, 105.188805, NULL),
(1480, 29, 28, 'Mailina', 2, 0, -2.752642, 103.435623, NULL),
(1481, 29, 28, 'Yunika A', 2, 0, -2.762473, 102.529030, NULL),
(1482, 29, 28, 'Nabiia ', 2, 0, -1.963148, 104.094170, NULL),
(1483, 29, 12, 'M.Zaki Zen', 1, 0, -2.604508, 103.354301, NULL),
(1484, 29, 12, 'Ade Andika S', 1, 0, -2.876526, 104.255089, NULL),
(1485, 29, 12, 'Hesti Fitriani', 2, 0, -4.042915, 104.940552, NULL),
(1486, 29, 12, 'YuNdha Anggraeni', 2, 0, -3.499501, 104.931328, NULL),
(1487, 31, 14, 'Anggi Septian', 1, 0, -5.198447, 104.869156, NULL),
(1488, 31, 14, 'Nugraha Afiano Saputra', 1, 0, -5.197063, 104.365486, NULL),
(1489, 31, 14, 'Achmad Junaidi', 1, 0, -4.511276, 105.456947, NULL),
(1490, 31, 14, 'Rahmat Sanjaya', 1, 0, -4.651904, 105.422409, NULL),
(1491, 31, 14, 'Quraini Nurayatilah', 2, 0, -5.566383, 105.030510, NULL),
(1492, 31, 14, 'Mela Larasita', 2, 0, -4.995752, 103.730652, NULL),
(1493, 31, 14, 'Martina Fitri Astuti', 2, 0, -4.854782, 105.456421, NULL),
(1494, 31, 14, 'Ika Wulandari', 2, 0, -5.044839, 104.571075, NULL),
(1495, 31, 14, 'Gurining Agil Saputra', 2, 0, -5.165457, 105.029343, NULL),
(1496, 31, 1, 'Eko Wicaksono', 1, 0, -5.001637, 105.536270, NULL),
(1497, 31, 1, 'Supiana', 2, 0, -4.986796, 104.193855, NULL),
(1498, 31, 1, 'Melawati Cendra Kasih', 2, 0, -5.178660, 104.625008, NULL),
(1499, 31, 10, 'Satria Jaya Abli', 1, 0, -5.813730, 104.645508, NULL),
(1500, 31, 10, 'Anggi Sitanggang', 1, 0, -5.154200, 105.244377, NULL),
(1501, 31, 10, 'Olo''an Marhata', 1, 0, 0.000000, 0.000000, NULL),
(1502, 31, 10, 'Ranu Ragil Putra', 1, 0, -5.011944, 104.333611, NULL),
(1503, 31, 10, 'Husin', 1, 0, -4.227141, 105.318993, NULL),
(1504, 31, 16, 'Lathfatur Rohmaniyati', 2, 0, -4.197065, 105.253365, NULL),
(1505, 31, 16, 'Yuni Dwi Rahmawati', 2, 0, -4.660908, 104.446686, NULL),
(1506, 31, 16, 'Muhammad Nasrullah', 1, 0, -5.144228, 104.376701, NULL),
(1507, 33, 1, 'Ade Putra', 1, 0, -3.487423, 102.525627, NULL),
(1508, 33, 1, 'Adrianus', 1, 0, -3.098189, 101.854630, NULL),
(1509, 33, 1, 'Andi Hermawan', 1, 0, -3.423607, 102.657822, NULL),
(1510, 33, 1, 'Dita', 1, 0, -3.012399, 101.976624, NULL),
(1511, 33, 1, 'Indara Resmana', 1, 0, -3.353073, 102.045815, NULL),
(1512, 33, 1, 'Miko Setiawan', 1, 0, -3.412323, 102.277748, NULL),
(1513, 33, 1, 'Rianis Marfatul', 2, 0, -4.095599, 102.704529, NULL),
(1514, 33, 1, 'Tri Susanti', 2, 0, -4.755548, 103.338623, NULL),
(1515, 33, 10, 'Ahmad Haidar', 1, 0, -2.892591, 101.447975, NULL),
(1516, 33, 10, 'Nuzi Zulian', 1, 0, -3.201716, 101.954544, NULL),
(1517, 33, 10, 'Heri Pangkustu', 1, 0, -3.914322, 102.619133, NULL),
(1518, 33, 10, 'Jaka Hadi W', 1, 0, -3.512791, 102.245361, NULL),
(1519, 33, 10, 'Apriyanto Hangga', 1, 0, -4.360756, 102.986107, NULL),
(1520, 33, 10, 'Ita Septiono', 1, 0, -3.131518, 101.673050, NULL),
(1521, 33, 11, 'A.Rafiief Agustian', 1, 0, -3.203758, 102.178299, NULL),
(1522, 33, 11, 'Barnon Lie', 1, 0, -2.967544, 101.676826, NULL),
(1523, 33, 11, 'Izal Herdiansyah', 1, 0, -3.566912, 102.841797, NULL),
(1524, 33, 11, 'Julius Effendy', 1, 0, -3.064489, 101.611702, NULL),
(1525, 33, 11, 'Andi Afrizal', 1, 0, -3.496359, 102.440880, NULL),
(1526, 33, 11, 'Sonya Nostagiana', 2, 0, -4.635920, 103.240845, NULL),
(1527, 33, 11, 'Tri Murti', 2, 0, -2.715398, 101.707108, NULL),
(1528, 33, 12, 'Alexander P.Bukit', 1, 0, -3.352513, 101.984222, NULL),
(1529, 33, 12, 'Alfia Uluandari', 2, 0, -3.353415, 102.005806, NULL),
(1530, 30, 1, 'Rikmat Hardi', 2, 0, -2.983593, 106.496750, NULL),
(1531, 30, 1, 'Dwi Rizki A', 2, 0, -1.874475, 105.758774, NULL),
(1532, 30, 1, 'Fitriani DL', 2, 0, -1.849951, 105.810776, NULL),
(1533, 30, 1, 'Fim Fitriani', 2, 0, -2.809396, 106.176659, NULL),
(1534, 30, 1, 'Marial AL. Q', 2, 0, -2.117026, 105.888641, NULL),
(1535, 30, 1, 'Zahra', 2, 0, -2.920723, 106.449959, NULL);
INSERT INTO `tbl_atlet` (`id_atlet`, `id_propinsi`, `id_cabor`, `atlet`, `id_jk`, `id_pelatih`, `lat`, `lng`, `alamat`) VALUES
(1536, 30, 1, 'M. Fikri', 2, 0, -2.646857, 105.953506, NULL),
(1537, 30, 1, 'M. Oza Azeba', 2, 0, -1.884635, 105.906448, NULL),
(1538, 30, 1, 'Sulistiani', 2, 0, -2.439915, 105.983231, NULL),
(1539, 30, 1, 'Alisia Dwi Kartini', 2, 0, -1.855200, 105.405228, NULL),
(1540, 30, 1, 'Fachrurozi', 2, 0, -2.300033, 105.935570, NULL),
(1541, 30, 1, 'Ade Dwi Putra', 2, 0, -2.710337, 106.335129, NULL),
(1542, 30, 1, 'Rabiatul A', 2, 0, -1.885274, 105.527824, NULL),
(1543, 30, 1, 'Edo Wahyudi', 2, 0, -2.916555, 106.556419, NULL),
(1544, 4, 1, 'Abdul Halim', 1, 0, -6.692646, 105.686798, NULL),
(1545, 4, 1, 'William S. Lakolo', 1, 0, -6.236058, 106.176926, NULL),
(1546, 4, 4, 'Rusyidina', 1, 0, -6.162166, 106.670860, NULL),
(1547, 4, 29, 'Dedi Salman', 1, 0, -6.257865, 106.010429, NULL),
(1548, 4, 29, 'Petri Lisnawati', 2, 0, -6.977101, 106.339241, NULL),
(1549, 4, 10, 'Edi Sudrajat', 1, 0, -6.678651, 106.076683, NULL),
(1550, 4, 10, 'Erpin', 1, 0, -6.051233, 106.197105, NULL),
(1551, 4, 25, 'Dian Kusuma', 1, 0, -6.651075, 105.701286, NULL),
(1552, 4, 25, 'Dicky Zulfikar', 1, 0, -6.726797, 105.573174, NULL),
(1553, 4, 11, 'Anggraini Dwi Lestari ', 1, 0, -6.256561, 105.999649, NULL),
(1554, 4, 11, 'Atika Hilmia Pari', 1, 0, -6.678654, 105.859200, NULL),
(1555, 4, 11, 'Furi Wahyu', 1, 0, -6.025308, 106.443665, NULL),
(1556, 4, 11, 'Shendi Lim Pratama ', 1, 0, -6.559569, 106.138786, NULL),
(1557, 4, 17, 'M. Delvas G', 1, 0, -6.103862, 105.996956, NULL),
(1558, 4, 30, 'Dodi Bale', 1, 0, -6.046019, 106.080208, NULL),
(1559, 4, 30, 'Dodi Bale/ Yoyoh', 1, 0, -6.628627, 105.669876, NULL),
(1560, 4, 30, 'Maryanta', 2, 0, -6.601256, 106.275299, NULL),
(1561, 4, 30, 'Yoyoh', 2, 0, -6.511762, 105.965637, NULL),
(1562, 4, 18, 'Mawadji', 1, 0, -6.628971, 106.318497, NULL),
(1563, 4, 18, 'Sarah Wijaya', 2, 0, -6.584130, 106.397865, NULL),
(1564, 4, 18, 'Susi Susilawati', 2, 0, -6.341286, 106.061607, NULL),
(1565, 6, 1, 'Emma Anita', 2, 0, -6.552283, 108.026382, NULL),
(1566, 6, 1, 'Samsuri', 2, 0, -6.863205, 106.922455, NULL),
(1567, 6, 1, 'Nuraena Riefani', 2, 0, -6.936345, 106.781174, NULL),
(1568, 6, 1, 'Erik Aditya Nugraha', 2, 0, -6.783529, 107.145355, NULL),
(1569, 6, 1, 'Warsudin', 2, 0, -6.450805, 107.590477, NULL),
(1570, 6, 1, 'Febrian Ramdhan', 2, 0, -7.300615, 107.961739, NULL),
(1571, 6, 1, 'Fauzziyah Khansa', 2, 0, -6.728600, 108.576340, NULL),
(1572, 6, 1, 'Anjarsari Dewi', 2, 0, -6.499388, 107.745590, NULL),
(1573, 6, 1, 'Neneng Risna', 2, 0, -6.830702, 108.134598, NULL),
(1574, 6, 1, 'Lingga Jumantara', 2, 0, -7.767611, 108.471001, NULL),
(1575, 6, 11, 'Meira Andini', 2, 0, -7.490411, 108.170372, NULL),
(1576, 6, 11, 'Efriel Syah Bayan', 2, 0, -7.222536, 107.230812, NULL),
(1577, 6, 11, 'Alftah', 2, 0, -6.905616, 108.490944, NULL),
(1578, 6, 11, 'Diki Dwi Permana', 2, 0, -6.715772, 108.389168, NULL),
(1579, 6, 11, 'Bambang Nugroho', 2, 0, -7.216217, 107.758949, NULL),
(1580, 6, 11, 'Rani Saputri', 2, 0, -6.446186, 106.785690, NULL),
(1581, 6, 11, 'Tri Resmi', 2, 0, -6.833361, 108.742325, NULL),
(1582, 6, 31, 'Achmad Qadir Zaelani', 2, 0, -7.001288, 108.623619, NULL),
(1583, 6, 31, 'Agung Wilant', 2, 0, -6.972240, 108.727394, NULL),
(1584, 6, 31, 'Robby Adhitama', 2, 0, -6.551581, 107.212433, NULL),
(1585, 6, 31, 'Afif Syauqi', 2, 0, -7.022554, 108.770248, NULL),
(1586, 6, 31, 'M. Nur Tastaftyan', 2, 0, -7.611110, 108.271118, NULL),
(1587, 6, 31, 'M. Faisal', 2, 0, -7.354437, 108.236794, NULL),
(1588, 6, 31, 'Maudy Wafa N', 2, 0, -6.428285, 107.995987, NULL),
(1589, 6, 31, 'Rinduri maulida', 2, 0, -6.504824, 108.343719, NULL),
(1590, 6, 31, 'Elis Mustikawati', 2, 0, -7.398001, 106.794739, NULL),
(1591, 6, 31, 'Hanasella F.', 2, 0, -7.146470, 107.423676, NULL),
(1592, 5, 1, 'Heri Satriawan', 1, 0, -6.213855, 106.876320, NULL),
(1593, 5, 1, 'Fauzan', 1, 0, -6.330846, 106.889175, NULL),
(1594, 5, 1, 'Nurul Sopiah ', 2, 0, -6.293979, 106.898338, NULL),
(1595, 5, 22, 'Asuro', 1, 0, -6.282351, 106.823265, NULL),
(1596, 5, 22, 'Tedi Rudiyanto', 1, 0, -6.274712, 106.856300, NULL),
(1597, 5, 22, 'Andre Surya', 1, 0, -6.170595, 106.921806, NULL),
(1598, 5, 22, 'Meidari', 2, 0, -6.302904, 106.922691, NULL),
(1599, 5, 8, 'Karlina Mesyela', 2, 0, -6.149592, 106.746605, NULL),
(1600, 5, 8, 'Rina Susanti', 2, 0, -6.168731, 106.697464, NULL),
(1601, 5, 8, 'Indah Yulianti', 2, 0, -6.116653, 106.784920, NULL),
(1602, 5, 8, 'Zainal Abidin', 2, 0, -6.302711, 106.846130, NULL),
(1603, 5, 8, 'Lisya Danianti', 2, 0, -6.225834, 106.856819, NULL),
(1604, 5, 8, 'Rostyowati', 2, 0, -6.104036, 106.718147, NULL),
(1605, 8, 1, 'Faizal Nurahman', 1, 0, -7.896180, 110.478416, NULL),
(1606, 8, 1, 'Hastanto Kurniawan ', 1, 0, -7.838378, 110.216454, NULL),
(1607, 8, 1, 'Nur Laila Watimewa', 2, 0, -7.597591, 110.423843, NULL),
(1608, 8, 1, 'Nadzifah Qurniawati', 2, 0, -8.114533, 110.792290, NULL),
(1609, 8, 1, 'Nur Laila Watimena', 2, 0, -7.887946, 110.102692, NULL),
(1610, 8, 1, 'Brina Pramesti Irajaya', 2, 0, -7.795211, 110.512344, NULL),
(1611, 8, 1, 'Nobita Windi Damara Putri', 2, 0, -8.072623, 110.584427, NULL),
(1612, 8, 1, 'Tria Suryatiningsih', 2, 0, -7.947896, 110.293953, NULL),
(1613, 8, 9, 'Fahmi Dwi Nuraeni', 2, 0, -7.773411, 110.188431, NULL),
(1614, 8, 9, 'Ayudya Winnesa', 2, 0, -7.639932, 110.393448, NULL),
(1615, 8, 9, 'Nur Amalia Rozanah', 2, 0, -8.097253, 110.499405, NULL),
(1616, 8, 9, 'Rufaidah Indriyana Nurrohmah', 2, 0, -7.633442, 110.419914, NULL),
(1617, 8, 9, 'Nindyan Hastukoro', 2, 0, -7.805605, 110.511940, NULL),
(1618, 8, 9, 'Devi Widyaningtyas', 2, 0, -7.777066, 110.227013, NULL),
(1619, 8, 9, 'Agatha Dewi Puspita', 2, 0, -7.734924, 110.447227, NULL),
(1620, 8, 9, 'Donna Oktavia Maharani', 2, 0, -7.724085, 110.293655, NULL),
(1621, 8, 9, 'Auria Dyah Retno Palupi', 2, 0, -7.991383, 110.492554, NULL),
(1622, 8, 9, 'Nindya Iga Gita Harsa', 2, 0, -8.001825, 110.597389, NULL),
(1623, 8, 9, 'Fahmi Dwi Nuraini', 2, 0, -7.729317, 110.298157, NULL),
(1624, 8, 9, 'Delkha Nindya K', 2, 0, -7.754789, 110.153496, NULL),
(1625, 8, 9, 'Mustika Ayu', 2, 0, -7.850298, 110.414619, NULL),
(1626, 8, 9, 'Nur Indah Prasasti', 2, 0, -7.872191, 110.323997, NULL),
(1627, 8, 9, 'Erna Setyaningsih', 2, 0, -7.822967, 110.692413, NULL),
(1628, 8, 14, 'Oki Sakti Kurniawan', 1, 0, -7.861730, 110.626785, NULL),
(1629, 8, 14, 'Prima Wisnu Wardana', 2, 0, -7.809196, 110.306602, NULL),
(1630, 8, 14, 'Ika Septi Kurniawati', 2, 0, -7.839179, 110.318306, NULL),
(1631, 8, 14, 'Furinike Susanti', 2, 0, -7.774945, 110.350601, NULL),
(1632, 8, 14, 'Levina Febiola Vistalita', 2, 0, -8.111095, 110.791023, NULL),
(1633, 8, 14, 'Kurnia Dwi Ariayani', 2, 0, -7.984535, 110.772758, NULL),
(1634, 8, 14, 'Shidiq Eko Saputro', 1, 0, -7.747876, 110.291901, NULL),
(1635, 8, 14, 'Azizul Aulia Rachman', 1, 0, -7.836592, 110.185623, NULL),
(1636, 8, 17, 'Fiska Atia L', 2, 0, -8.075429, 110.690903, NULL),
(1637, 8, 17, 'Ryan Tansakanta Pribadi', 1, 0, -7.875986, 110.253929, NULL),
(1638, 8, 17, 'Fisna Desta P', 2, 0, -7.685249, 110.407593, NULL),
(1639, 8, 17, 'Anisa Dara P', 2, 0, -7.629935, 110.363503, NULL),
(1640, 8, 17, 'Ervan Apriyangga', 1, 0, -7.837254, 110.276749, NULL),
(1641, 8, 17, 'Roy Adlian Putra', 1, 0, -7.953837, 110.588715, NULL),
(1642, 9, 1, 'Marlon Kristian Karniselar', 1, 0, -7.899199, 111.847427, NULL),
(1643, 9, 1, 'Nena Achdia Yanuarinda D.', 2, 0, -7.535934, 112.317520, NULL),
(1644, 9, 26, 'MS Permadi', 1, 0, -8.394821, 113.996071, NULL),
(1645, 9, 26, 'Bayu Eko Saputro', 1, 0, -8.019399, 112.565971, NULL),
(1646, 9, 26, 'Devi Nur Vita Sari', 2, 0, -7.818436, 111.809715, NULL),
(1647, 9, 14, 'Ilham Prakoso Juniar', 1, 0, -8.269281, 112.608261, NULL),
(1648, 9, 14, 'Afiatus Sobriana ', 1, 0, -7.981445, 113.383369, NULL),
(1649, 9, 14, 'Aghata Prapdita', 2, 0, -8.208095, 111.549522, NULL),
(1650, 9, 14, 'Triyastika Kurnia Putri', 2, 0, -6.809969, 111.634033, NULL),
(1651, 9, 14, 'Farisah Asfarina', 2, 0, -7.747190, 113.592834, NULL),
(1652, 9, 14, 'Dellie Threesyadinda', 2, 0, -7.421352, 111.486198, NULL),
(1653, 9, 14, 'Nia Agustina Ayu', 2, 0, -7.859283, 112.449677, NULL),
(1654, 9, 14, 'Dela Adisty Handayani', 2, 0, -8.111968, 112.160271, NULL),
(1655, 9, 14, 'Diananda Choirunisa', 2, 0, -7.777249, 111.651146, NULL),
(1656, 9, 14, 'Riau Ega Agatha Salsabila', 2, 0, -7.771961, 112.045052, NULL),
(1657, 9, 14, 'Eko Darmawan Slamet P', 1, 0, -8.270428, 112.535240, NULL),
(1658, 9, 14, 'Raha Syaifudin Hamzah', 1, 0, -7.298230, 112.498184, NULL),
(1659, 9, 14, 'Aditya Wahyu D.K', 1, 0, -8.152247, 112.315208, NULL),
(1660, 9, 14, 'FX.Eka Bayu Ariesta', 1, 0, -6.973118, 111.850060, NULL),
(1661, 9, 14, 'Wildan Lazuardi Fajar', 1, 0, -7.633757, 111.903008, NULL),
(1662, 9, 14, 'Irvaldi Ananda Putera', 1, 0, -7.959279, 113.057617, NULL),
(1663, 10, 1, 'I Komang Harik Adi Putra', 1, 0, -8.219991, 114.754601, NULL),
(1664, 10, 1, 'Ahmad Teguh Prakasa', 1, 0, -8.206623, 115.324356, NULL),
(1665, 10, 1, 'Made Adi Kusumah', 1, 0, -8.257965, 114.999268, NULL),
(1666, 10, 1, 'Ni Wyn.Ayu Anggun R.U', 2, 0, -8.319395, 114.627739, NULL),
(1667, 10, 1, 'Ni Komang Tri Mardianti', 2, 0, -8.277863, 115.045418, NULL),
(1668, 10, 1, 'Ni Made Sutiani', 2, 0, -8.237387, 114.840111, NULL),
(1669, 12, 1, 'Yoseph Bela Belo', 1, 0, -8.568564, 120.739067, NULL),
(1670, 12, 1, 'Yulius Wempi', 1, 0, -8.834446, 120.728043, NULL),
(1671, 12, 1, 'Maria Soro', 2, 0, -8.540764, 122.108833, NULL),
(1672, 12, 1, 'Desty Konkase', 2, 0, -8.677467, 121.396721, NULL),
(1673, 12, 1, 'Maria Dendo', 2, 0, -8.693968, 121.504128, NULL),
(1674, 12, 11, 'Abraham Lay Lena', 1, 0, -8.604950, 122.189697, NULL),
(1675, 12, 11, 'Bonifasius Lau', 1, 0, -8.357648, 120.624962, NULL),
(1676, 12, 11, 'Jainal Aksa', 1, 0, -8.769619, 122.037834, NULL),
(1677, 12, 11, 'Yosin R.Ndun', 1, 0, -8.166902, 122.964317, NULL),
(1678, 12, 11, 'Melkison K.Dua', 1, 0, -8.794529, 119.972420, NULL),
(1679, 12, 11, 'Murni Dahlia Nasution', 2, 0, -8.540438, 120.527267, NULL),
(1680, 12, 11, 'Irawati Longso', 2, 0, -8.385243, 120.230087, NULL),
(1681, 12, 11, 'Riski Mata Ratu', 2, 0, -8.552195, 121.731918, NULL),
(1682, 12, 8, 'Rimala Sandy Riki', 2, 0, -8.708751, 120.611046, NULL),
(1683, 12, 8, 'Siti Fajaria Golu', 2, 0, -8.786375, 121.380264, NULL),
(1684, 12, 6, 'Ardianus Gavur', 1, 0, -8.205174, 122.956268, NULL),
(1685, 12, 6, 'Waldy Mahilaka', 1, 0, -8.566700, 121.345840, NULL),
(1686, 12, 6, 'Yohanes N. D. Mela', 1, 0, -8.579139, 120.703194, NULL),
(1687, 12, 6, 'Lazarus Lassa', 1, 0, -8.543031, 120.434998, NULL),
(1688, 12, 6, 'Rico Banabera', 1, 0, -8.661998, 122.334633, NULL),
(1689, 12, 6, 'Zet Toy', 1, 0, -8.548532, 119.863838, NULL),
(1690, 12, 6, 'Randy M', 1, 0, -8.790202, 121.099541, NULL),
(1691, 12, 6, 'Kristian Bana', 1, 0, -8.490089, 120.761414, NULL),
(1692, 22, 1, 'Fransiscus manan', 1, 0, 1.608199, 124.895187, NULL),
(1693, 22, 1, 'Mirawati salili', 2, 0, 0.406464, 123.983406, NULL),
(1694, 22, 27, 'Jimmy CH M Ruhuat', 1, 0, 0.416803, 123.741783, NULL),
(1695, 22, 27, 'Yeheskiel Tamuntuan', 1, 0, 1.352053, 124.773621, NULL),
(1696, 22, 27, 'Richard Tarega', 1, 0, 0.775047, 124.177483, NULL),
(1697, 22, 27, 'Randy Ibrahim', 1, 0, 1.009806, 124.729065, NULL),
(1698, 22, 27, 'Sientia N .Eman', 2, 0, 0.626420, 124.421432, NULL),
(1699, 22, 27, 'Anggraini Rottie', 2, 0, 1.552426, 125.012337, NULL),
(1700, 22, 27, 'Cintya  Pua', 2, 0, 1.288598, 124.954048, NULL),
(1701, 22, 11, 'Christopel Sumampaouw', 1, 0, 1.032354, 124.861259, NULL),
(1702, 22, 11, 'Keviano Kolay', 1, 0, 0.742451, 123.339722, NULL),
(1703, 22, 11, 'Farly Binti', 1, 0, 0.615227, 123.714516, NULL),
(1704, 22, 11, 'Novel Manopo', 2, 0, 0.781433, 123.601517, NULL),
(1705, 22, 11, 'Novita Rumengan', 2, 0, 1.659045, 124.999969, NULL),
(1706, 22, 11, 'Prilly Paulus', 2, 0, 0.530450, 124.029259, NULL),
(1707, 22, 11, 'Felimka Maengkom', 2, 0, 1.535617, 124.897385, NULL),
(1708, 22, 15, 'Christofel Masengi', 1, 0, 0.530554, 124.483047, NULL),
(1709, 22, 6, 'Alfero Runturambi', 1, 0, 0.571437, 124.326820, NULL),
(1710, 22, 6, 'Ajuan Tatengkeng', 1, 0, 0.602330, 124.040146, NULL),
(1711, 22, 6, 'Ricky Mocodompis', 1, 0, 0.919833, 124.245987, NULL),
(1712, 22, 6, 'Geovano Marentek', 1, 0, 0.517842, 124.083382, NULL),
(1713, 22, 6, 'Nigen Singon', 1, 0, 0.796111, 123.259239, NULL),
(1714, 22, 6, 'Enggelino H.Y Londa', 1, 0, 0.990330, 124.374718, NULL),
(1715, 22, 6, 'Fernando Tumandang', 1, 0, 0.933826, 124.661232, NULL),
(1716, 22, 6, 'Faren Papendang', 1, 0, 0.531249, 123.984375, NULL),
(1717, 22, 6, 'Valentino F Pangandahaeng', 1, 0, 1.078658, 124.554459, NULL),
(1718, 21, 1, 'R. H. Panigoro', 1, 0, 0.541137, 121.358421, NULL),
(1719, 21, 1, 'Abd. Wahab P', 1, 0, 0.794798, 122.488419, NULL),
(1720, 21, 1, 'Winarti Pakaya', 2, 0, 0.858009, 123.056190, NULL),
(1721, 21, 1, 'Hamdan Maasi', 1, 0, 0.694037, 122.424606, NULL),
(1722, 21, 11, 'Ismail Abdullah', 1, 0, 0.696632, 122.401428, NULL),
(1723, 21, 11, 'Rois Otoluwa', 1, 0, 0.636100, 121.756882, NULL),
(1724, 21, 11, 'Saputra R. A', 1, 0, 0.732312, 122.085320, NULL),
(1725, 21, 11, 'Rahmad Haliki', 1, 0, 0.722927, 121.876160, NULL),
(1726, 21, 11, 'Elsye  M. Idji', 2, 0, 0.460248, 121.891075, NULL),
(1727, 21, 11, 'Wulandari P', 2, 0, 0.641781, 122.161087, NULL),
(1728, 21, 8, 'Resky Djaina', 1, 0, 0.784145, 123.096924, NULL),
(1729, 21, 8, 'Budiyanto Sahi', 1, 0, 0.919548, 121.915764, NULL),
(1730, 21, 8, 'Cinintia Diko', 1, 0, 0.526970, 121.895805, NULL),
(1731, 21, 8, 'Glazuardi Talamati', 1, 0, 0.517849, 121.707832, NULL),
(1732, 21, 8, 'Herson Moh', 1, 0, 0.390400, 123.288231, NULL),
(1733, 21, 8, 'Fangky Lakoro', 1, 0, 0.444194, 121.942711, NULL),
(1734, 21, 8, 'Ikram Tine', 1, 0, 0.564646, 122.514503, NULL),
(1735, 21, 8, 'Yusran Lakoro', 1, 0, 0.634902, 121.227989, NULL),
(1736, 21, 8, 'Frengki Hasan', 1, 0, 0.831245, 123.181618, NULL),
(1737, 21, 8, 'Abd. Halim R', 1, 0, 0.925482, 123.062080, NULL),
(1738, 21, 8, 'Rizky Pago', 1, 0, 0.517645, 121.452324, NULL),
(1739, 21, 8, 'Moh. Wolinelo', 1, 0, 0.808623, 122.562332, NULL),
(1740, 21, 8, 'Tim sepak takraw double event', 2, 0, 0.464740, 123.162010, NULL),
(1741, 21, 8, 'Hendra Pago', 1, 0, 0.550952, 122.932396, NULL),
(1742, 17, 8, 'Hasrianto', 1, 0, -3.407338, 119.417992, NULL),
(1743, 17, 8, 'Harman', 1, 0, -2.797929, 119.430901, NULL),
(1744, 17, 8, 'Agus Usman', 1, 0, -2.033201, 119.498032, NULL),
(1745, 17, 8, 'Irwan.M', 1, 0, -1.357355, 119.520195, NULL),
(1746, 17, 8, 'Wahyuni Lestari', 2, 0, -3.432129, 119.046227, NULL),
(1747, 17, 8, 'Ratnasari', 2, 0, -2.777998, 119.115448, NULL),
(1748, 17, 11, 'Maskur', 1, 0, -2.023228, 119.751335, NULL),
(1749, 17, 11, 'Rahmat', 1, 0, -2.395488, 119.185265, NULL),
(1750, 17, 11, 'Reza B', 1, 0, -3.346943, 119.075493, NULL),
(1751, 17, 11, 'Ruslan yusuf', 1, 0, -3.149229, 119.483780, NULL),
(1752, 17, 11, 'Burhanudin', 1, 0, -3.269527, 119.401123, NULL),
(1753, 17, 11, 'Hasnur', 2, 0, -1.290513, 119.454468, NULL),
(1754, 17, 11, 'Icha Purnama', 2, 0, -1.867920, 119.621521, NULL),
(1755, 17, 11, 'Irma', 2, 0, -3.227860, 119.200401, NULL),
(1756, 17, 11, 'Sakiyah Magfirah', 2, 0, -2.783724, 119.194557, NULL),
(1757, 17, 11, 'Hasnidar', 2, 0, -2.418669, 119.704285, NULL),
(1758, 16, 22, 'Hafida', 2, 0, -2.901553, 121.575912, NULL),
(1759, 16, 14, 'Akhlan Fauzi Hadrawi', 1, 0, -2.815117, 121.345032, NULL),
(1760, 16, 14, 'Hasrul', 1, 0, -4.256605, 120.079124, NULL),
(1761, 16, 14, 'Arafik Sulfiadi', 1, 0, -2.235105, 119.674767, NULL),
(1762, 16, 14, 'Aslan Fajri', 1, 0, -3.683230, 120.112045, NULL),
(1763, 16, 14, 'Munandar', 1, 0, -5.022064, 120.226295, NULL),
(1764, 16, 14, 'Achmad Irsan', 1, 0, -2.431333, 120.504883, NULL),
(1765, 16, 14, 'Taufik Johar', 1, 0, -2.251373, 119.680115, NULL),
(1766, 16, 14, 'Novi Sulistiowati', 2, 0, -4.995000, 119.499863, NULL),
(1767, 16, 14, 'Amanda Fajriana', 2, 0, -5.276799, 119.632797, NULL),
(1768, 16, 14, 'Dewi Kusuma', 2, 0, -2.180081, 120.040817, NULL),
(1769, 16, 14, 'Risfa Maulidya Nurdin', 2, 0, -2.483413, 120.493225, NULL),
(1770, 16, 14, 'Cindy Astryid A.S', 2, 0, -4.810525, 119.952187, NULL),
(1771, 16, 16, 'Dewi Mayasari', 1, 0, -4.807314, 120.254204, NULL),
(1772, 16, 16, 'Dwi Astuti', 1, 0, -2.981910, 120.070763, NULL),
(1773, 16, 16, 'M. Ayyub', 2, 0, -3.110756, 119.789024, NULL),
(1774, 16, 16, 'Rini Anggraini', 2, 0, -4.502418, 120.361504, NULL),
(1775, 16, 16, 'Muh. Afdal', 2, 0, -3.242091, 120.283730, NULL),
(1776, 16, 16, 'Hasti Indah', 2, 0, -5.306862, 119.894897, NULL),
(1777, 20, 0, 'Agus T', 1, 0, -0.791856, 119.670403, NULL),
(1778, 20, 0, 'M.Siad', 1, 0, 0.427878, 120.223198, NULL),
(1779, 20, 0, 'Muh.Fikri', 1, 0, -1.213176, 119.762115, NULL),
(1780, 20, 0, 'Abd.Setiawan', 1, 0, 0.525962, 121.294495, NULL),
(1781, 20, 0, 'Moh.Ridik', 1, 0, -0.125924, 119.987289, NULL),
(1782, 20, 0, 'Moh.Aksir', 1, 0, 0.580230, 120.601974, NULL),
(1783, 20, 0, 'Aswar Anas', 1, 0, 0.633619, 120.905655, NULL),
(1784, 20, 0, 'Riski', 2, 0, -1.163181, 121.884750, NULL),
(1785, 20, 0, 'Windi', 2, 0, -1.024980, 122.555672, NULL),
(1786, 20, 0, 'Stef Predina.T', 2, 0, -1.014469, 121.802513, NULL),
(1787, 20, 0, 'Fatniawati', 2, 0, -1.310296, 120.215302, NULL),
(1788, 20, 0, 'Niran', 2, 0, 1.121460, 120.848518, NULL),
(1789, 20, 0, 'Maswia', 2, 0, 1.054632, 121.798279, NULL),
(1790, 20, 8, 'Ishak Yusua', 1, 0, 0.450559, 120.049576, NULL),
(1791, 20, 8, 'Ryan Abu Bakar', 1, 0, -1.413174, 122.081863, NULL),
(1792, 20, 8, 'Sahrul', 1, 0, -0.004375, 119.992653, NULL),
(1793, 20, 8, 'Lirna', 2, 0, -1.383546, 121.219872, NULL),
(1794, 20, 8, 'Stevani', 2, 0, -1.706445, 121.677834, NULL),
(1795, 20, 8, 'Sri Rahayu Maedja', 2, 0, -1.284712, 119.767532, NULL),
(1796, 20, 8, 'Lita Pasepe', 2, 0, 0.984338, 121.284569, NULL),
(1797, 20, 8, 'Retisa', 2, 0, 1.257159, 120.873383, NULL),
(1798, 20, 11, 'Moh.Adhan', 1, 0, -0.933529, 123.253609, NULL),
(1799, 20, 11, 'Restyan Syawal', 1, 0, -1.564373, 120.738991, NULL),
(1800, 20, 11, 'fajrin Abdullah', 1, 0, 0.850614, 121.106621, NULL),
(1801, 20, 11, 'Astri Windasari', 2, 0, -2.108783, 121.456650, NULL),
(1802, 20, 1, 'Candra Hotma Pulungan', 1, 0, -2.285250, 121.076080, NULL),
(1803, 20, 1, 'Ahmad Fauzan NST', 1, 0, 0.389132, 119.963768, NULL),
(1804, 20, 1, 'Ahmad Fauzi Nst', 1, 0, -0.827324, 123.230713, NULL),
(1805, 20, 1, 'Irpani', 1, 0, -2.766588, 121.986794, NULL),
(1806, 20, 1, 'Priska Br. Tarigan', 2, 0, -0.885767, 123.286789, NULL),
(1807, 20, 1, 'Winda Purwanti Malau', 2, 0, -0.852989, 120.131416, NULL),
(1808, 20, 1, 'Elvi Awriyani', 2, 0, -1.255194, 120.160423, NULL),
(1809, 20, 12, 'Muhammad Zein Nugraha', 1, 0, -2.328042, 121.493523, NULL),
(1810, 20, 12, 'Roy Gabe Pudopotan simbolon', 1, 0, -3.001658, 122.064705, NULL),
(1811, 20, 12, 'Indah Mogi Angkat', 2, 0, -2.812087, 122.004913, NULL),
(1812, 20, 12, 'Srunita Sari Br. Sukatendel', 2, 0, -0.907704, 122.131187, NULL),
(1813, 20, 10, 'Jan Bobby Nesra Barus', 1, 0, -1.908231, 120.651237, NULL),
(1814, 20, 10, 'Kliser Siswando Sinurat', 1, 0, 0.438225, 120.051392, NULL),
(1815, 20, 10, 'Sekda Tiberius Barus', 1, 0, -1.112133, 121.935974, NULL),
(1816, 20, 10, 'Mei Fernando Sitohang', 1, 0, -1.068726, 119.734818, NULL),
(1817, 20, 10, 'Parnel Silaban', 1, 0, -2.165948, 121.422234, NULL),
(1818, 20, 14, 'Efendi Pramono Bakara', 1, 0, -0.204968, 119.858307, NULL),
(1819, 20, 14, 'Dede Amir Phadilah', 1, 0, -1.210586, 121.809532, NULL),
(1820, 20, 14, 'Mohammad Iqbal Purba', 1, 0, -2.397261, 121.492493, NULL),
(1821, 20, 14, 'Sri Rahayu Damai Yanti', 2, 0, -1.167763, 122.109886, NULL),
(1822, 20, 14, 'Mia Anggreini Semb', 2, 0, -0.858575, 123.050743, NULL),
(1823, 20, 2, 'Peri Irawan', 1, 0, 0.610233, 121.016434, NULL),
(1824, 20, 2, 'Muhammad Ridwan', 1, 0, -1.754389, 119.940704, NULL),
(1825, 20, 2, 'Oki Rengga Winata', 1, 0, -1.785282, 120.900627, NULL),
(1826, 20, 2, 'Fhad Sadam', 1, 0, -0.813801, 122.458679, NULL),
(1827, 20, 2, 'Saffri Juanda', 1, 0, 0.535697, 121.080215, NULL),
(1828, 20, 2, 'Eko Bul Syahputra', 1, 0, -0.657611, 120.006958, NULL),
(1829, 20, 2, 'Sandi Mangihut Raja Sitanggang', 1, 0, -1.326301, 121.828453, NULL),
(1830, 20, 2, 'Muhammad Igbal Aflah', 1, 0, -1.195426, 122.319908, NULL),
(1831, 20, 2, 'Adityo Nugroho', 1, 0, 1.000939, 121.226601, NULL),
(1832, 20, 2, 'Bima Anugrah Putra Saing', 1, 0, -1.367901, 121.950500, NULL),
(1833, 20, 2, 'Arif Dermawan ', 1, 0, -1.535355, 121.186333, NULL),
(1834, 20, 2, 'Fachrur Rozi Pohan', 1, 0, -1.355302, 122.045242, NULL),
(1835, 18, 8, 'Andi Amala', 1, 0, -3.868648, 121.832428, NULL),
(1836, 18, 8, 'Muhamad Said', 1, 0, -3.907584, 122.168404, NULL),
(1837, 18, 8, 'Akhirman', 1, 0, -4.014543, 122.226151, NULL),
(1838, 18, 8, 'Boy Candra', 1, 0, -4.164902, 122.781647, NULL),
(1839, 18, 8, 'Sahidin', 1, 0, -3.448545, 120.920662, NULL),
(1840, 18, 8, 'La Ode Amran', 1, 0, -3.486187, 120.929237, NULL),
(1841, 18, 8, 'Ali Alis', 1, 0, -4.616785, 121.930496, NULL),
(1842, 18, 8, 'Andres', 1, 0, -4.131492, 121.913429, NULL),
(1843, 18, 8, 'Suhandri', 1, 0, -3.546622, 121.761955, NULL),
(1844, 18, 1, 'Agustinus', 1, 0, -3.774766, 121.282410, NULL),
(1845, 18, 1, 'Darmawati', 2, 0, -3.979815, 122.228859, NULL),
(1846, 18, 11, 'Muh. Akbar', 1, 0, -3.642438, 121.645981, NULL),
(1847, 18, 11, 'Andi', 1, 0, -4.478159, 121.911926, NULL),
(1848, 18, 11, 'Ilhamsyah', 1, 0, -4.401321, 122.852188, NULL),
(1849, 18, 11, 'Usman', 1, 0, -4.437767, 121.912971, NULL),
(1850, 18, 11, 'Helfira Alimin', 2, 0, -3.989699, 122.313919, NULL),
(1851, 18, 11, 'Ld. Marsalim', 1, 0, -4.149150, 122.213387, NULL),
(1852, 18, 11, 'Sarsani Ahmad', 1, 0, -4.834817, 121.937523, NULL),
(1853, 18, 11, 'Silfar Saputra', 1, 0, -3.406359, 121.539268, NULL),
(1854, 18, 11, 'Erdin Sapritno', 1, 0, -3.396069, 122.142395, NULL),
(1855, 18, 11, 'Sazdi TTR', 1, 0, -3.509574, 121.893677, NULL),
(1856, 18, 11, 'Wiwik Nirwana. H', 2, 0, -2.918925, 121.174423, NULL),
(1857, 18, 11, 'Farizka Lela S', 2, 0, -3.623593, 121.657326, NULL),
(1858, 18, 22, 'Ardianto', 1, 0, -4.479491, 121.638931, NULL),
(1859, 18, 22, 'Sapriani', 2, 0, -3.980880, 122.397163, NULL),
(1860, 18, 22, 'Arding', 2, 0, -3.325884, 121.301735, NULL),
(1861, 18, 22, 'La Edi', 2, 0, -3.092091, 121.173874, NULL),
(1862, 18, 22, 'Wiska', 1, 0, -3.506674, 121.056206, NULL),
(1863, 18, 22, 'Hasman Almas', 1, 0, -4.176777, 122.362602, NULL),
(1864, 18, 22, 'Awan', 1, 0, -3.051253, 121.094864, NULL),
(1865, 18, 22, 'Rinawati', 2, 0, -3.970317, 122.256584, NULL),
(1866, 18, 22, 'Mastaman', 1, 0, -4.770027, 121.970207, NULL),
(1867, 18, 22, 'Julianti', 2, 0, -4.801065, 121.732895, NULL),
(1868, 18, 22, 'Aswin', 2, 0, -4.408434, 122.302673, NULL),
(1869, 18, 22, 'Hasdar', 2, 0, -3.281655, 121.412766, NULL),
(1870, 18, 22, 'ST. Hasna', 2, 0, -4.045239, 122.238106, NULL),
(1871, 18, 22, 'Deni Setiawan', 1, 0, -4.037423, 121.769653, NULL),
(1872, 24, 1, 'Herlman Latulasai', 1, 0, -3.453579, 130.157104, NULL),
(1873, 24, 1, 'Moses Nikolebu', 1, 0, -3.289420, 128.360550, NULL),
(1874, 24, 1, 'Thomas Misa', 1, 0, -3.437590, 130.497498, NULL),
(1875, 24, 1, 'Steven Warella', 1, 0, -3.095799, 128.051041, NULL),
(1876, 24, 1, 'Eli Rikipiauw', 1, 0, -2.878640, 129.732925, NULL),
(1877, 24, 1, 'Rinto Welenussa', 1, 0, -2.842829, 129.411591, NULL),
(1878, 24, 1, 'Monika Maitimu', 2, 0, -3.463341, 130.246048, NULL),
(1879, 24, 1, 'Le a djukut', 2, 0, -3.409137, 128.443283, NULL),
(1880, 24, 1, 'Sarah Imblabla', 2, 0, -3.187893, 129.632767, NULL),
(1881, 24, 22, 'Fideles Ngamelubun', 1, 0, -3.059356, 129.784164, NULL),
(1882, 24, 22, 'Yohanis Nenkeula', 1, 0, -3.237503, 128.644577, NULL),
(1883, 24, 22, 'Jermina F. Wattimury', 1, 0, -3.087240, 129.725983, NULL),
(1884, 24, 22, 'Hobinrinsen Lekatompessy', 1, 0, -2.989111, 128.267990, NULL),
(1885, 24, 22, 'Dwi Eko Sucitno Tahitu', 1, 0, -2.967029, 129.656631, NULL),
(1886, 24, 22, 'Damaris Marlisa', 2, 0, -3.699823, 130.489609, NULL),
(1887, 24, 22, 'Nesye Yermias', 2, 0, -2.948459, 129.441910, NULL),
(1888, 24, 22, 'Natali Wararela', 2, 0, -3.256619, 130.046280, NULL),
(1889, 24, 2, 'Idrus Lestaluhu', 1, 0, -3.147254, 129.777756, NULL),
(1890, 24, 2, 'Isahaka Tehupelasury', 1, 0, -3.423338, 130.695236, NULL),
(1891, 24, 2, 'Hendra Bayaw', 1, 0, -3.091013, 129.171432, NULL),
(1892, 24, 2, 'Fingky Pasamba', 1, 0, -3.029579, 128.412827, NULL),
(1893, 24, 2, 'Riski Pellu', 1, 0, -3.348972, 130.618683, NULL),
(1894, 24, 2, 'Manahati Lestusen', 1, 0, -2.963451, 129.547089, NULL),
(1895, 24, 2, 'Sedek Sanaki', 1, 0, -3.359999, 130.214005, NULL),
(1896, 24, 2, 'Andy Wijaya', 1, 0, -2.981358, 129.148941, NULL),
(1897, 24, 2, 'Fangky Pasamba', 1, 0, -3.249002, 128.804092, NULL),
(1898, 24, 2, 'Rivaldo Manuputty', 1, 0, -3.278852, 129.412949, NULL),
(1899, 24, 2, 'Lisman Muchlis', 1, 0, -3.305717, 130.278809, NULL),
(1900, 24, 2, 'Junaedni Putra Relubun', 1, 0, -2.869254, 128.327667, NULL),
(1901, 24, 6, 'Falens Sapulete', 1, 0, -3.281580, 129.653000, NULL),
(1902, 24, 6, 'Julius Frando Lumoly', 1, 0, -2.966199, 129.433441, NULL),
(1903, 24, 6, 'Leo Toisuta', 1, 0, -3.072278, 129.499313, NULL),
(1904, 24, 6, 'Yohanis Fendi Nanlohy', 1, 0, -3.123080, 128.680786, NULL),
(1905, 24, 6, 'Korneles Pattipeilohy', 1, 0, -3.011491, 129.369324, NULL),
(1906, 24, 6, 'Agustinus Pattipeilohy', 1, 0, -3.044049, 128.819138, NULL),
(1907, 24, 6, 'Oktovianus Pattry ', 1, 0, -2.976121, 128.652267, NULL),
(1908, 24, 6, 'Marco Sameaputty', 1, 0, -3.793259, 130.735901, NULL),
(1909, 24, 6, 'Demsi Tibalemeten', 1, 0, -2.957393, 128.743332, NULL),
(1910, 23, 17, 'Abdul Fatah B', 1, 0, -0.626492, 128.030167, NULL),
(1911, 23, 17, 'Fahlis Ahmad', 1, 0, 0.878511, 128.205994, NULL),
(1912, 23, 17, 'HariEka Putra', 1, 0, 1.181353, 127.600136, NULL),
(1913, 23, 6, 'Set Flory', 1, 0, 1.438074, 127.536545, NULL),
(1914, 23, 6, 'Maurits Devitson', 1, 0, -0.161568, 127.860619, NULL),
(1915, 23, 11, 'Fikri Yunus', 1, 0, 0.594178, 128.099304, NULL),
(1916, 23, 11, 'Muji Intan Selayar', 2, 0, 0.500391, 127.568047, NULL),
(1917, 23, 11, 'Nirwana Wailowa', 2, 0, 0.369078, 127.754959, NULL),
(1918, 23, 1, 'M.Gatot', 1, 0, 1.577650, 127.905006, NULL),
(1919, 23, 1, 'Dahrin Juma', 1, 0, 1.645286, 127.870476, NULL),
(1920, 23, 1, 'Sahtar Ibrahim', 1, 0, 1.636756, 127.959061, NULL),
(1921, 23, 1, 'Sulastri Hanan', 2, 0, 0.048849, 127.861610, NULL),
(1922, 32, 1, 'Dede Supriatna', 1, 0, -4.589984, 140.169693, NULL),
(1923, 32, 1, 'Philiphus Dauteyauw', 1, 0, -4.379043, 138.825668, NULL),
(1924, 32, 1, 'Herit Aser Yappun', 1, 0, -3.524821, 139.103958, NULL),
(1925, 32, 1, 'Baltasar Heipon', 1, 0, -3.907706, 137.682068, NULL),
(1926, 32, 1, 'Erikson Heipon', 1, 0, -3.450445, 138.919098, NULL),
(1927, 32, 1, 'Anas Numberi', 1, 0, -5.296694, 139.507233, NULL),
(1928, 32, 1, 'Yulian Yeimo', 1, 0, -2.878702, 139.707077, NULL),
(1929, 32, 1, 'Erwin Burumi', 1, 0, -4.647607, 140.509995, NULL),
(1930, 32, 1, 'Lutvi Ikbal Mansawan', 1, 0, -4.457568, 138.949371, NULL),
(1931, 32, 1, 'Matius Arampi', 1, 0, -5.774339, 138.316574, NULL),
(1932, 32, 1, 'Frans de Boer', 1, 0, -3.751994, 140.908997, NULL),
(1933, 32, 1, 'Adios Andika Hukunaya', 1, 0, -2.359762, 138.444595, NULL),
(1934, 32, 1, 'Alfosina Sada', 2, 0, -4.862031, 138.434067, NULL),
(1935, 32, 1, 'Maria Patipeme', 2, 0, -2.802022, 136.585419, NULL),
(1936, 32, 1, 'Amelia Venska Dawan', 2, 0, -6.393539, 139.883347, NULL),
(1937, 32, 1, 'Dika Apaserai', 2, 0, -3.964007, 139.910416, NULL),
(1938, 32, 1, 'Vega Manori', 2, 0, -6.125765, 139.038147, NULL),
(1939, 32, 2, 'Marko M. Kabiay', 1, 0, -4.254939, 139.557861, NULL),
(1940, 32, 2, 'Everanus Wanimbo', 1, 0, -8.119891, 140.346603, NULL),
(1941, 32, 2, 'Mario M. Bauw', 1, 0, -2.684654, 136.918747, NULL),
(1942, 32, 2, 'Irvin J. Sokoy', 1, 0, -5.517320, 138.326447, NULL),
(1943, 32, 2, 'Micha Nasadith', 1, 0, -3.937695, 138.819931, NULL),
(1944, 32, 2, 'Arry Seltubir', 1, 0, -3.799876, 137.936569, NULL),
(1945, 32, 2, 'Mario Monim', 1, 0, -6.998744, 138.836502, NULL),
(1946, 32, 2, 'Rio F. Sagrim', 1, 0, -5.488449, 139.861374, NULL),
(1947, 32, 2, 'Ipurson Uropmabin', 1, 0, -4.413917, 135.517883, NULL),
(1948, 32, 2, 'Samuel Kowet', 1, 0, -3.365771, 136.244659, NULL),
(1949, 32, 2, 'William Msiren', 1, 0, -3.461598, 134.780624, NULL),
(1950, 32, 2, 'Agung SYS. Suparno', 1, 0, -3.539477, 138.361694, NULL),
(1951, 32, 2, 'Melianus D. Yaleget', 1, 0, -7.987717, 140.464737, NULL),
(1952, 32, 2, 'Ronald Setmot', 1, 0, -4.720459, 138.178589, NULL),
(1953, 32, 2, 'Ferry Kombo', 1, 0, -2.521940, 138.151031, NULL),
(1954, 32, 2, 'Iksan', 1, 0, -4.489772, 138.170364, NULL),
(1955, 32, 2, 'Emson Kogoya', 1, 0, -3.466357, 139.594528, NULL),
(1956, 32, 2, 'Ari Tahurui', 1, 0, -5.904720, 138.470276, NULL),
(1957, 32, 2, 'David Karuwai', 1, 0, -7.734524, 140.518707, NULL),
(1958, 32, 2, 'Vitalis Irahewa', 1, 0, -8.102215, 140.235458, NULL),
(1959, 32, 2, 'Yanuarius Potarade', 1, 0, -3.574107, 139.237534, NULL),
(1960, 32, 11, 'Moses F. M. Daundi', 1, 0, -5.362997, 140.879074, NULL),
(1961, 32, 11, 'Stevi Yani Kaleb', 1, 0, -3.234095, 137.480759, NULL),
(1962, 32, 11, 'Paulus Maniagasi', 1, 0, -3.258655, 138.255310, NULL),
(1963, 32, 11, 'Laurensius F.D. Kiop', 1, 0, -2.896405, 137.780121, NULL),
(1964, 32, 11, 'Stepen Sadam Kmur', 1, 0, -2.949866, 138.939911, NULL),
(1965, 32, 11, 'Juanda M. Putra', 1, 0, -2.695076, 136.673630, NULL),
(1966, 32, 9, 'Thurvah Turmey', 2, 0, -6.729900, 140.147583, NULL),
(1967, 32, 9, 'Ester  Glay', 2, 0, -6.649818, 140.057251, NULL),
(1968, 32, 9, 'Paakalia Rumbino', 2, 0, -7.778527, 140.174835, NULL),
(1969, 32, 9, 'Victoria Mebri', 2, 0, -2.781141, 138.555557, NULL),
(1970, 32, 9, 'Ruth Wambioio', 2, 0, -5.395852, 138.082047, NULL),
(1971, 32, 9, 'Regina Savoy', 2, 0, -5.481881, 138.929169, NULL),
(1972, 32, 9, 'Monica Lee', 2, 0, -3.383337, 136.586349, NULL),
(1973, 32, 9, 'Shenty Tabisu', 2, 0, -2.665725, 137.795181, NULL),
(1974, 32, 9, 'Magdalena Tuam', 2, 0, -2.911409, 139.691223, NULL),
(1975, 32, 9, 'Yuliana Klemensero', 2, 0, -8.034098, 140.490524, NULL),
(1976, 32, 9, 'Yeti Waspley', 2, 0, -6.862014, 140.811111, NULL),
(1977, 32, 9, 'Flora Hembring', 2, 0, -4.692374, 138.452194, NULL),
(1978, 32, 6, 'Kevas Sumisu', 1, 0, -5.824897, 139.993988, NULL),
(1979, 32, 6, 'Frits Ramela', 1, 0, -3.552331, 134.896500, NULL),
(1980, 32, 6, 'Agape Kawer', 1, 0, -5.430319, 139.770554, NULL),
(1981, 32, 6, 'Maikel Hamok', 1, 0, -5.936139, 138.494949, NULL),
(1982, 32, 6, 'Ludigo Yan Gebze', 1, 0, -2.119980, 138.346680, NULL),
(1983, 32, 21, 'Novalina R. Rumbino', 2, 0, -4.035195, 137.236969, NULL),
(1984, 32, 21, 'Jeini G.E. Pailokol', 2, 0, -4.952061, 137.426086, NULL),
(1985, 32, 21, 'Milena Wenda', 2, 0, -3.924024, 138.213837, NULL),
(1986, 32, 21, 'Yohana M. Momot', 2, 0, -3.895301, 135.171204, NULL),
(1987, 32, 21, 'Hosana G. Iaimeheriwa', 2, 0, -5.231598, 137.803131, NULL),
(1988, 32, 21, 'Meradit Koromat', 2, 0, -4.607233, 137.852173, NULL),
(1989, 32, 21, 'Inggrit Mambay', 2, 0, -4.440976, 137.067642, NULL),
(1990, 32, 21, 'Orpa Baransano', 2, 0, -2.508868, 139.931747, NULL),
(1991, 32, 21, 'Anastasia Lumi', 2, 0, -7.884570, 140.082382, NULL),
(1992, 32, 21, 'Maria M. Rumboirusi', 2, 0, -3.659064, 137.943893, NULL),
(1993, 32, 25, 'Roland Youwe', 1, 0, -8.513408, 140.793762, NULL),
(1994, 32, 25, 'Ibrahim Erari', 1, 0, -6.221494, 139.793900, NULL),
(1995, 32, 25, 'Marcelina Papara', 2, 0, -3.531897, 138.685730, NULL),
(1996, 32, 25, 'Jeniver Decosta', 2, 0, -8.163808, 139.317139, NULL),
(1997, 32, 25, 'Johana Wondiwoi', 2, 0, -2.864137, 139.655716, NULL),
(1998, 32, 10, 'Samsul Laode', 1, 0, -5.555273, 140.320618, NULL),
(1999, 32, 10, 'Arixon Mandoali', 1, 0, -3.577170, 139.104919, NULL),
(2000, 32, 10, 'Nurdin Ito', 1, 0, -4.291808, 135.517914, NULL),
(2001, 32, 10, 'Daniel Mamoribo', 1, 0, -3.133335, 138.036011, NULL),
(2002, 32, 10, 'Aries Wanimbo', 1, 0, -4.187306, 137.115723, NULL),
(2003, 32, 23, 'Eremina Inggibal', 2, 0, -8.464934, 140.500275, NULL),
(2004, 32, 23, 'Yosemina Gombo', 2, 0, -5.713665, 140.551163, NULL),
(2005, 32, 23, 'Ribaka H', 2, 0, -3.464077, 134.708450, NULL),
(2006, 32, 23, 'Amelia M', 2, 0, -4.646789, 140.217758, NULL),
(2007, 32, 23, 'Linda Yosika', 2, 0, -8.355166, 140.306030, NULL),
(2008, 32, 22, 'Sesnil Monim', 2, 0, -6.756687, 140.287109, NULL),
(2009, 32, 22, 'Ivana Monim', 2, 0, -8.333267, 140.187714, NULL),
(2010, 32, 22, 'Elsi Y Ibo', 2, 0, -4.058437, 140.272873, NULL),
(2011, 32, 22, 'Antomina A.S. Bilusi', 2, 0, -3.056326, 140.613327, NULL),
(2012, 32, 22, 'Juan Ohee', 1, 0, -7.927596, 140.619949, NULL),
(2013, 32, 22, 'Norwik Monim', 1, 0, -3.485795, 136.476654, NULL),
(2014, 32, 22, 'Adrowski K. Mando', 1, 0, -4.421735, 136.724167, NULL),
(2015, 32, 22, 'Idris Dawan', 1, 0, -5.167470, 140.357040, NULL),
(2016, 32, 22, 'Hermanus F. Theo', 1, 0, -5.701993, 138.322449, NULL),
(2017, 32, 22, 'Johan Rumbino', 1, 0, -3.028144, 137.320435, NULL),
(2018, 13, 1, 'Riska Firiathul Hasanah', 2, 0, -0.689736, 112.561226, NULL),
(2019, 13, 1, 'Siti Haira', 2, 0, 0.836249, 110.935898, NULL),
(2020, 13, 1, 'Lesia Nini', 2, 0, 0.379806, 109.099052, NULL),
(2021, 13, 1, 'Nilam Sari', 2, 0, 0.470958, 111.829346, NULL),
(2022, 13, 1, 'Rilo Aulia Fitri', 1, 0, -0.680798, 110.034088, NULL),
(2023, 13, 1, 'Fitra Ramadhan', 1, 0, 0.048505, 113.296242, NULL),
(2024, 13, 1, 'Zainudin', 1, 0, 1.273224, 112.978210, NULL),
(2025, 13, 1, 'Wira Aditya', 1, 0, 0.216068, 112.936882, NULL),
(2026, 13, 1, 'Aris Wahyudi', 1, 0, -0.479684, 109.135208, NULL),
(2027, 13, 1, 'Lulu Handayani   Adiennur', 2, 0, 1.555576, 112.909531, NULL),
(2028, 13, 8, 'Novianto', 1, 0, -0.115353, 109.354469, NULL),
(2029, 13, 8, 'DwiYusufDwi Subekti', 1, 0, -0.275483, 110.303528, NULL),
(2030, 13, 8, 'Jiji Raharji', 1, 0, 1.781216, 109.460869, NULL),
(2031, 13, 8, 'Shafil Hananda', 1, 0, 0.020628, 110.656441, NULL),
(2032, 13, 8, 'Sahrol Choir', 1, 0, -0.208677, 113.186600, NULL),
(2033, 13, 8, 'M. Tias Rahmadi', 1, 0, 1.246937, 112.205215, NULL),
(2034, 13, 8, 'Hhoirul Nizam', 1, 0, 0.689638, 110.738792, NULL),
(2035, 13, 8, 'Rahai', 1, 0, -0.670556, 110.277817, NULL),
(2036, 13, 8, 'Muhamad Nuriqbal', 1, 0, 0.104953, 111.425797, NULL),
(2037, 13, 14, 'Kurniasih Oktarini', 2, 0, 0.789181, 113.329857, NULL),
(2038, 13, 14, 'Dwi Yan Hadinurcahya', 1, 0, -2.237605, 110.567894, NULL),
(2039, 13, 14, 'Arief Gunawan', 1, 0, 0.202496, 112.491203, NULL),
(2040, 13, 27, 'Wahyu Alfarisi', 1, 0, 0.665349, 112.134567, NULL),
(2041, 13, 27, 'Devina Septiani', 2, 0, 0.621581, 112.558945, NULL),
(2042, 13, 27, 'Nadia Tiara Ulfa', 2, 0, -1.013142, 110.821823, NULL),
(2043, 13, 27, 'Andira Filbert Triandra', 1, 0, 0.770974, 110.695023, NULL),
(2044, 14, 22, 'Leo PredY', 1, 0, -2.883146, 111.844002, NULL),
(2045, 14, 22, 'Frisco Brilian', 1, 0, -2.569060, 111.999725, NULL),
(2046, 14, 22, 'Dedi Dermawan', 1, 0, -2.229915, 111.963211, NULL),
(2047, 14, 22, 'Memo', 1, 0, -1.633850, 112.682495, NULL),
(2048, 14, 22, 'Polpo', 1, 0, -1.053111, 113.110176, NULL),
(2049, 14, 22, 'Muihamad Yamin', 1, 0, -0.204444, 113.859627, NULL),
(2050, 14, 22, 'Tomy\n', 1, 0, -2.435016, 112.006248, NULL),
(2051, 14, 22, 'Lilis Katrina', 2, 0, -2.316904, 113.988457, NULL),
(2052, 14, 22, 'Septina', 2, 0, -1.638456, 114.669395, NULL),
(2053, 14, 22, 'Bayu Pratama', 1, 0, -2.018699, 112.831924, NULL),
(2054, 14, 22, 'Nurprida', 2, 0, -1.213378, 112.098396, NULL),
(2055, 14, 22, 'Hendra Jaya', 1, 0, -0.941586, 114.922539, NULL),
(2056, 14, 22, 'Siska', 2, 0, -3.093146, 111.922974, NULL),
(2057, 14, 22, 'Vicario', 1, 0, -3.026807, 112.773636, NULL),
(2058, 14, 14, 'Junaidi', 1, 0, -1.223270, 112.988213, NULL),
(2059, 14, 14, ' Alex Anwar', 1, 0, -1.385400, 112.152611, NULL),
(2060, 14, 14, 'Benny Priady', 1, 0, -2.795021, 112.926811, NULL),
(2061, 14, 14, 'Dedi natali\n', 1, 0, -1.008513, 112.432655, NULL),
(2062, 14, 14, 'Linda Lestari', 2, 0, -1.081753, 115.663177, NULL),
(2063, 14, 14, 'Rena Cristina', 2, 0, -1.085510, 115.261391, NULL),
(2064, 14, 14, 'Neu Lays', 2, 0, -2.269867, 111.627014, NULL),
(2065, 14, 14, 'Meiwati Puspita R', 2, 0, -0.976651, 111.882454, NULL),
(2066, 14, 8, 'Widya Andini', 2, 0, -3.008455, 112.751846, NULL),
(2067, 14, 8, 'Relly', 2, 0, -2.749792, 112.237442, NULL),
(2068, 14, 8, 'Rintha Septiana', 2, 0, -2.534743, 113.087944, NULL),
(2069, 14, 8, 'ella Ipriani P.', 2, 0, -1.916663, 114.698204, NULL),
(2070, 14, 1, 'M. Ali', 1, 0, -2.090691, 112.671402, NULL),
(2071, 14, 1, 'Sisilawati', 2, 0, -2.791765, 112.810791, NULL),
(2072, 14, 1, 'uli Sudania', 2, 0, 0.512703, 114.687225, NULL),
(2073, 14, 1, 'Astri Gencani', 2, 0, -3.018980, 113.665558, NULL),
(2074, 14, 1, 'Ika Marniawati', 2, 0, -0.656371, 114.205772, NULL),
(2075, 19, 10, 'David Wildan S', 1, 0, 2.936613, 116.891487, NULL),
(2076, 19, 10, 'Arbiansyah', 1, 0, 2.206047, 117.276009, NULL),
(2077, 19, 10, 'Ludvi Anwar', 1, 0, 1.077948, 115.231056, NULL),
(2078, 19, 10, 'Eko Saputra', 1, 0, -1.808621, 116.053734, NULL),
(2079, 19, 10, 'Sakay Heru Saputra', 1, 0, 0.650669, 115.371735, NULL),
(2080, 19, 10, 'Ryan Fahlefi', 1, 0, -0.295968, 117.048119, NULL),
(2081, 19, 10, 'M. Rizal Riswana', 1, 0, 2.123975, 116.944290, NULL),
(2082, 19, 10, 'Bayo Namora Harahap', 1, 0, 0.310105, 116.877045, NULL),
(2083, 19, 10, 'Ridwan Risnandi Harahap', 1, 0, 0.200846, 115.514290, NULL),
(2084, 19, 10, 'Dian Adi Kristiawan', 1, 0, 0.856860, 116.808289, NULL),
(2085, 19, 10, ' Deki Aditya', 1, 0, 2.226397, 117.169334, NULL),
(2086, 19, 10, ' Dimas  Rizaldi Nugroho', 1, 0, 0.313717, 115.770119, NULL),
(2087, 19, 10, ' Ahmad fauzi', 1, 0, -1.247770, 116.503448, NULL),
(2088, 19, 10, ' Bayu hadi Saputra', 1, 0, 2.431435, 117.615807, NULL),
(2089, 19, 10, ' Firman', 1, 0, 0.828353, 117.627846, NULL),
(2090, 19, 1, ' Abdul Rahim', 1, 0, 1.073641, 117.856972, NULL),
(2091, 19, 1, ' Andi M. Rifhaldi', 1, 0, 2.364968, 115.037704, NULL),
(2092, 19, 1, ' Jefriansyah', 1, 0, 0.214504, 115.439018, NULL),
(2093, 19, 1, ' Abror Mubarok', 1, 0, 3.212700, 117.090782, NULL),
(2094, 19, 1, ' Rio Alvin', 1, 0, 0.021859, 116.833763, NULL),
(2095, 19, 1, ' Andi Iman Akbar', 1, 0, -1.575916, 116.438484, NULL),
(2096, 19, 1, ' Tio San Leonardi', 1, 0, -1.159371, 116.615463, NULL),
(2097, 19, 1, ' Sukardiyanto', 1, 0, 1.378166, 117.416260, NULL),
(2098, 19, 1, ' Afton Ilman huda', 1, 0, 4.148943, 116.313164, NULL),
(2099, 19, 1, ' Goris Robin', 1, 0, 2.890421, 116.930832, NULL),
(2100, 19, 14, ' M. Tubagus Sukma W.', 1, 0, -2.232937, 115.891731, NULL),
(2101, 19, 14, ' M. Alhadi Akbar', 1, 0, 1.286021, 117.887672, NULL),
(2102, 19, 14, 'Supra Yoga Agil Setiawan', 1, 0, -0.588972, 116.035683, NULL),
(2103, 19, 14, ' bayu Putera Kesuma', 1, 0, -0.019592, 115.615059, NULL),
(2104, 19, 14, 'M. Fachrian Noor Hidayat', 1, 0, -1.074332, 115.820549, NULL),
(2105, 19, 11, ' Agung Setiabudi', 1, 0, 1.758264, 115.242004, NULL),
(2106, 19, 11, ' Artiandi Irfansyah', 1, 0, -0.683704, 116.365311, NULL),
(2107, 19, 11, ' Toni Hidayat', 1, 0, 1.184321, 118.674072, NULL),
(2108, 19, 11, ' Dicna Febrianti', 2, 0, 2.513781, 116.367401, NULL),
(2109, 19, 11, ' rahmawati ', 2, 0, 3.060566, 115.712074, NULL),
(2110, 19, 11, ' andy samsul Gunawan', 1, 0, 1.427843, 118.087776, NULL),
(2111, 19, 11, ' Arief Setyo Pambudi', 1, 0, 2.517900, 117.004852, NULL),
(2112, 19, 11, ' Randa Hari Saputra', 1, 0, -0.269605, 117.039146, NULL),
(2113, 19, 11, ' Risky Primadana', 1, 0, 3.113510, 116.340256, NULL),
(2114, 19, 11, ' Riduan Hakim', 1, 0, 2.196807, 117.211937, NULL),
(2115, 31, 14, 'Syuhada Ul Aulia', 1, 0, -4.009477, 105.371071, NULL),
(2116, 31, 14, 'Ruli Nofi Susanto', 1, 0, -5.382270, 104.780785, NULL),
(2117, 31, 14, 'Febri Hadi Saputra', 1, 0, -4.969691, 105.351242, NULL),
(2118, 31, 14, 'Andre Firmansyah', 1, 0, -4.638273, 104.843353, NULL),
(2119, 31, 14, 'Bayu Yustisianto Eka P', 1, 0, -5.029772, 104.782059, NULL),
(2120, 31, 14, 'Kiki Retnosari', 2, 0, -4.789398, 104.475433, NULL),
(2121, 31, 14, 'Mella Indah Sari', 2, 0, -4.403086, 104.501495, NULL),
(2122, 31, 1, 'Rizki Aripian', 1, 0, -4.540863, 105.142136, NULL),
(2123, 31, 1, 'Ari Rahmad Kurniawan', 1, 0, -4.166719, 105.318291, NULL),
(2124, 31, 1, 'Rizki Saputra', 1, 0, -5.583451, 104.766991, NULL),
(2125, 31, 1, 'Felinda Sari', 2, 0, -4.609607, 105.433853, NULL),
(2126, 31, 1, 'Juwarti Rahayuni', 2, 0, -4.987187, 104.010918, NULL),
(2127, 31, 10, 'L. Helmi Apriansyah', 1, 0, -4.740512, 104.711372, NULL),
(2128, 31, 10, 'Raidho Zamora', 1, 0, -4.810928, 104.983444, NULL),
(2129, 31, 10, 'Robbi Irawan', 1, 0, -5.124750, 105.103661, NULL),
(2130, 31, 10, 'Tri Sadewo', 1, 0, -5.009323, 104.617065, NULL),
(2131, 31, 10, 'Ade Surya Kusuma', 2, 0, -4.535626, 105.012939, NULL),
(2132, 31, 16, 'Febila Santia Putri', 2, 0, -5.285023, 104.309372, NULL),
(2133, 31, 16, 'Winda Musfita', 2, 0, -5.149337, 105.121002, NULL),
(2134, 31, 16, 'Wahyu Yolanda Putri', 2, 0, -4.893832, 104.316353, NULL),
(2135, 31, 16, 'Dimas Yogi Rahmadan', 1, 0, -5.791853, 105.650070, NULL),
(2136, 31, 16, 'Nafisa Hidayahtur R', 2, 0, -4.966578, 103.773750, NULL),
(2137, 23, 1, 'Muhammad Gatot', 1, 0, 1.195813, 127.552620, NULL),
(2138, 23, 1, 'M. Yamin Kadam', 1, 0, 0.552734, 127.710243, NULL),
(2139, 23, 1, 'Nasrun Sibela', 1, 0, 1.055215, 128.536636, NULL),
(2140, 23, 1, 'Julman Lossen ', 1, 0, 1.519426, 128.593185, NULL),
(2141, 23, 1, 'Natalia Hurumoro', 2, 0, 0.399504, 128.548050, NULL),
(2142, 23, 1, 'Fitria Abdjan', 2, 0, 0.847497, 128.259750, NULL),
(2143, 23, 1, 'Indah Wati Abas', 2, 0, -0.120839, 127.891556, NULL),
(2144, 23, 11, 'Nirwana Wailoa', 2, 0, 0.268759, 127.839653, NULL),
(2145, 23, 11, 'akbar Budi', 1, 0, -0.284268, 127.880646, NULL),
(2146, 23, 11, ' Atin Ridwan ', 1, 0, 0.469287, 128.062988, NULL),
(2147, 23, 11, 'Yusri Muhammad ', 1, 0, 0.839995, 128.151413, NULL),
(2148, 23, 11, 'Tonny Crystovel Baramuli', 1, 0, 0.559168, 127.544563, NULL),
(2149, 23, 11, 'M. Rizki Firdaus', 1, 0, 1.421245, 128.000290, NULL),
(2150, 23, 6, 'Abdul Kadir Jailani Razak', 1, 0, 1.906566, 127.807320, NULL),
(2151, 23, 6, 'Taufik Umagafur', 1, 0, 0.930837, 128.335342, NULL),
(2152, 23, 6, ' Jufri Hasan', 1, 0, 1.789234, 127.878166, NULL),
(2153, 23, 6, 'Ridwan Lajemi', 1, 0, 1.100355, 128.253693, NULL),
(2154, 11, 0, 'Alimuddin', 1, 0, -8.182558, 117.748329, NULL),
(2155, 11, 0, 'Sapwaturrahman', 1, 0, -8.763059, 118.585747, NULL),
(2156, 11, 0, 'Febrianto Ramdani', 1, 0, -8.844094, 117.719116, NULL),
(2157, 11, 0, 'Kokom Supriatnak', 1, 0, -8.555056, 118.974503, NULL),
(2158, 11, 0, 'Lalu Jakaria', 1, 0, -8.654205, 118.541611, NULL),
(2159, 11, 0, 'Muksin', 1, 0, -8.421076, 118.498390, NULL),
(2160, 11, 0, 'Nanang Fahmi Muchtar', 1, 0, -8.280261, 118.490562, NULL),
(2161, 11, 0, 'Sudirman Hadi', 1, 0, -8.588518, 117.314163, NULL),
(2162, 11, 0, 'Muhadir Muhammad', 1, 0, -8.315653, 118.094894, NULL),
(2163, 11, 0, 'Fajar Bahari', 1, 0, -8.816985, 117.396996, NULL),
(2164, 11, 0, 'Suryadin', 1, 0, -8.906020, 117.779602, NULL),
(2165, 11, 0, 'Aditiya Riski Haryo', 1, 0, -8.381916, 118.148918, NULL),
(2166, 11, 0, 'Ni Putu Yogiswari', 2, 0, -9.024683, 117.353653, NULL),
(2167, 11, 0, 'Yuliana', 2, 0, -8.560720, 117.363388, NULL),
(2168, 11, 0, 'Rizki Amelia', 2, 0, -8.782756, 117.873596, NULL),
(2169, 11, 0, 'Nurhasanah', 2, 0, -8.462875, 118.503448, NULL),
(2170, 11, 0, 'Wahizatul Hasanah', 2, 0, -8.660737, 118.119484, NULL),
(2171, 11, 0, 'Lilik Apriani', 2, 0, -8.689071, 119.105408, NULL),
(2172, 11, 0, 'Muh Iradat Putra', 1, 0, -8.565792, 117.280334, NULL),
(2173, 11, 0, 'M.Zukrullah Akbar', 1, 0, -8.591441, 117.264465, NULL),
(2174, 11, 0, 'Muhammad Zarkani', 1, 0, -8.197174, 117.974113, NULL),
(2175, 11, 0, 'Nova Setiawan', 1, 0, -8.118078, 117.922905, NULL),
(2176, 11, 0, 'Didik Haryanto', 1, 0, -8.249888, 117.752853, NULL),
(2177, 11, 0, 'Rendi Azwan', 1, 0, -8.736190, 117.558945, NULL),
(2178, 11, 0, 'Ahmad Adriaji', 1, 0, -8.713848, 117.616028, NULL),
(2179, 11, 0, 'Agus Hevsi Purnama', 1, 0, -8.900632, 117.741165, NULL),
(2180, 11, 0, 'Neneng Adriani Haryati', 2, 0, -8.623848, 117.399223, NULL),
(2181, 11, 0, 'Desi Hikmawati', 2, 0, -8.515836, 117.257240, NULL),
(2182, 11, 0, 'Ni Made Dwi Ariani', 2, 0, -8.725224, 117.169441, NULL),
(2183, 3, 2, 'Rosul Piliham Siregar', 1, 0, 2.205669, 99.722313, NULL),
(2184, 3, 2, 'Muhammad Andes Adinata', 1, 0, 2.357769, 98.700813, NULL),
(2185, 3, 2, 'Muhammad Fahmi Ridho', 1, 0, 3.759308, 98.421127, NULL),
(2186, 3, 2, 'Daniel Surung P Nadeak', 1, 0, 0.932703, 99.660507, NULL),
(2187, 3, 2, 'Heru Iswanda', 1, 0, 3.888720, 98.592033, NULL),
(2188, 3, 2, 'Miftahul Fazri', 1, 0, 2.339028, 99.018982, NULL),
(2189, 3, 2, 'Demastran Sitepu', 1, 0, 3.236693, 99.045174, NULL),
(2190, 3, 2, 'Zefri Ramadhan', 1, 0, 1.460723, 99.644226, NULL),
(2191, 3, 2, 'Zulfikar Lubis', 1, 0, 0.768492, 99.390778, NULL),
(2192, 3, 2, 'Rico Marciano Harahap', 1, 0, 3.285010, 98.093979, NULL),
(2193, 3, 2, 'Husni Alfalah lubis', 1, 0, 2.811118, 99.691299, NULL),
(2194, 3, 2, 'M Iqbal Tanjung', 1, 0, 1.121547, 99.553818, NULL),
(2195, 3, 2, 'M. Ridwan', 1, 0, 2.506618, 98.125832, NULL),
(2196, 3, 2, 'M. Budi Pranoto', 1, 0, 3.053251, 98.425293, NULL),
(2197, 3, 2, 'M. Dwi Syahputra', 1, 0, 2.514437, 98.905907, NULL),
(2198, 3, 2, 'M. Wahid Ramadhan S', 1, 0, 0.839552, 100.101189, NULL),
(2199, 3, 2, 'Topan Gusti Prabowo', 1, 0, 0.709867, 99.087669, NULL),
(2200, 3, 2, 'Yuga Pratama', 1, 0, 3.231193, 99.371193, NULL),
(2201, 3, 2, 'Dani Dizcky', 1, 0, 0.506819, 99.182396, NULL),
(2202, 3, 2, 'Fahmi Husairi', 1, 0, 3.071453, 99.581032, NULL),
(2203, 3, 8, 'Rahmadsyah Faisal Haisbuahn', 1, 0, 3.176419, 98.396774, NULL),
(2204, 3, 8, 'Rustam Effendi', 1, 0, 0.983354, 99.993706, NULL),
(2205, 3, 8, 'Muhammad Haris', 1, 0, 2.154076, 98.895958, NULL),
(2206, 3, 8, 'Rizky Ardian Samosir', 1, 0, 2.231310, 98.823044, NULL),
(2207, 3, 8, 'Ardian Syahputra', 1, 0, 3.658037, 98.888481, NULL),
(2208, 3, 8, 'Dede Sukamto', 1, 0, 2.550520, 99.333549, NULL),
(2209, 3, 1, 'Elvi Alvrianti ', 2, 0, 3.587455, 99.098846, NULL),
(2210, 3, 1, 'Nurika', 2, 0, 2.575033, 98.922531, NULL),
(2211, 3, 1, 'Tetty Suastry Br Tarigan', 2, 0, 3.766593, 98.196373, NULL),
(2212, 3, 1, 'Agustina Mardika Manik', 2, 0, 2.948494, 99.807922, NULL),
(2213, 3, 1, 'Sadar Pardamean Lumban Gaol', 1, 0, 1.131562, 99.855507, NULL),
(2214, 3, 1, 'Wahyudi Pialanta Ginting', 1, 0, 2.759380, 99.328148, NULL),
(2215, 3, 1, 'Dinda Primaya', 2, 0, 3.307882, 99.341225, NULL),
(2216, 3, 1, 'Aghnes Sandiova Br Ginting', 2, 0, 2.576817, 98.870468, NULL),
(2217, 3, 1, 'Abdul Hafiz', 1, 0, 0.647994, 99.800835, NULL),
(2218, 3, 1, 'Arie Sanjaya', 1, 0, 1.950694, 100.201859, NULL),
(2219, 3, 1, 'Winda Sari Waruwu', 2, 0, 3.671482, 98.641090, NULL),
(2220, 3, 1, 'Arif Hanafi ginting', 1, 0, 3.335745, 98.481979, NULL),
(2221, 3, 1, 'Joni Pranata Tarigan', 1, 0, 2.384472, 98.145531, NULL),
(2222, 3, 1, 'M Aswin Nasution', 1, 0, 3.204297, 98.489021, NULL),
(2223, 3, 1, 'Yolanda Teresia Ginting', 2, 0, 2.220994, 99.873100, NULL),
(2224, 3, 11, 'Affan Ansyari', 1, 0, 1.665085, 100.196342, NULL),
(2225, 3, 11, 'Elyas Bastanta Ginting', 1, 0, 3.392960, 98.309982, NULL),
(2226, 3, 11, 'Tirta Amertasari Br Ginting', 2, 0, 1.854160, 98.638710, NULL),
(2227, 3, 11, 'Bayu Ramadana', 1, 0, 2.134661, 98.972679, NULL),
(2228, 3, 11, 'Afriani Laurensia Br Barus', 2, 0, 3.091516, 98.067482, NULL),
(2229, 3, 11, 'Siti Amelia Nasuha', 2, 0, 1.491219, 99.638741, NULL),
(2230, 3, 11, 'Annur Riva''I Nasution', 1, 0, 0.000000, 0.000000, NULL),
(2231, 3, 11, 'Rizka Andini', 2, 0, 3.304344, 98.701546, NULL),
(2232, 3, 10, 'Eferaim Ginting', 1, 0, 0.534294, 99.199959, NULL),
(2233, 3, 10, 'M Dapit', 1, 0, 2.205815, 98.151901, NULL),
(2234, 3, 10, 'M. Muqsit Redha', 1, 0, 3.165443, 99.378967, NULL),
(2235, 3, 10, 'Iqbal Surya', 1, 0, 1.520689, 100.001656, NULL),
(2236, 3, 10, 'Oktavianus Tarigan', 1, 0, 0.887070, 99.222343, NULL),
(2237, 3, 10, 'Febrianto Sembiring', 1, 0, 3.020278, 98.153481, NULL),
(2238, 3, 10, 'M Husaini Barus', 1, 0, 3.224067, 99.222672, NULL),
(2239, 3, 10, 'Almario C Naibaho', 1, 0, 0.561917, 99.113548, NULL),
(2240, 3, 14, 'Ari Hermawan Bangun', 1, 0, 0.588910, 99.541405, NULL),
(2241, 3, 14, 'Dio Anggi Syahputra Saragih', 1, 0, 2.191259, 99.118500, NULL),
(2242, 3, 14, 'Alfi Sani', 2, 0, 4.041561, 98.242302, NULL),
(2243, 3, 14, 'Imanuel Ginting', 1, 0, 2.184989, 100.249168, NULL),
(2244, 3, 14, 'Sry Mala Br Tarigan', 2, 0, 3.875218, 97.955704, NULL),
(2245, 3, 14, 'Irna Alisha Nasution', 2, 0, 0.869263, 99.771362, NULL),
(2246, 3, 14, 'Juni Hartanta ', 1, 0, 3.042362, 98.567200, NULL),
(2247, 3, 14, 'Lisa Amirah Mutiara', 2, 0, 3.877410, 98.234474, NULL),
(2248, 3, 12, 'Muhammad Zein', 1, 0, 0.950214, 100.136604, NULL),
(2249, 3, 12, 'Agita Putri Dewi', 2, 0, 0.554808, 99.161873, NULL),
(2250, 3, 12, 'Nazamuddin Ibnu', 1, 0, 3.736513, 98.405533, NULL),
(2251, 3, 12, 'Delima Sari', 2, 0, 1.777053, 99.918877, NULL),
(2252, 3, 12, 'Jhoni Abdilllah', 1, 0, 2.924489, 97.978447, NULL),
(2253, 3, 12, 'Yeni Veronica  Saragih', 2, 0, 2.953764, 99.219376, NULL),
(2254, 7, 1, 'Ambar Winarsih', 2, 0, -7.610325, 110.971298, NULL),
(2255, 7, 1, 'Intan Dyah Prasetyo', 2, 0, -7.462209, 109.740334, NULL),
(2256, 7, 1, 'lydia novena sari', 2, 0, -6.892249, 109.803459, NULL),
(2257, 7, 1, 'yeni milasari', 2, 0, -6.944759, 110.764290, NULL),
(2258, 7, 1, 'Devita ayu maharani', 2, 0, -7.637748, 110.275208, NULL),
(2259, 7, 1, 'Parmi ', 2, 0, -7.315024, 110.009377, NULL),
(2260, 7, 1, 'Siti asiah', 2, 0, -7.640992, 108.990715, NULL),
(2261, 7, 1, 'Dewi indah sari', 2, 0, -7.149749, 110.322449, NULL),
(2262, 7, 1, 'Titi Janiati', 2, 0, -7.711431, 110.540337, NULL),
(2263, 7, 1, 'Galih Yoga Widya Utama  ', 1, 0, -7.137314, 110.416740, NULL),
(2264, 7, 1, ' Yunan Kurniansyah ', 1, 0, -7.307760, 109.050179, NULL),
(2265, 7, 1, 'Budi Ahmad Prayoga', 1, 0, -7.200915, 110.715942, NULL),
(2266, 7, 1, ' Hadi Nur Ehsan', 1, 0, -7.212489, 110.788368, NULL),
(2267, 7, 1, ' Roszi Wicaksono Adi', 1, 0, -6.751820, 111.156235, NULL),
(2268, 7, 1, ' Sigit Rohadi ', 1, 0, -6.971714, 109.801003, NULL),
(2269, 7, 1, ' Slamet Wahyu Jati', 1, 0, -8.074347, 110.906113, NULL),
(2270, 7, 1, ' Beni Santoso ', 1, 0, -7.036310, 110.710953, NULL),
(2271, 7, 1, ' Toni Slamet Haryadi', 1, 0, -7.670360, 110.071556, NULL),
(2272, 7, 1, 'Yohan Eko Saputra', 1, 0, -6.671815, 111.507256, NULL),
(2273, 7, 1, ' Imam Kristiawan', 1, 0, -7.633960, 111.104027, NULL),
(2274, 7, 11, 'Alfian Eko Budi S', 1, 0, -6.981993, 110.069122, NULL),
(2275, 7, 11, 'Pandu Prandika Tar', 1, 0, -7.777525, 111.029564, NULL),
(2276, 7, 11, 'M.Iqbal', 1, 0, -6.887083, 108.857536, NULL),
(2277, 7, 11, 'M.Nurul Yudi ', 1, 0, -7.591610, 109.267120, NULL),
(2278, 7, 11, 'Olan Budi Wardana', 1, 0, -7.313580, 110.998581, NULL),
(2279, 7, 11, 'Endrik Ahmad N', 1, 0, -7.186813, 108.849068, NULL),
(2280, 7, 11, 'Bangun Novembrian', 1, 0, -7.002216, 109.470039, NULL),
(2281, 7, 11, 'lih Yutikan ', 2, 0, -6.936656, 111.101929, NULL),
(2282, 7, 11, 'Bella  Rihadita A', 2, 0, -6.696772, 111.466347, NULL),
(2283, 7, 11, 'Arie Putri', 2, 0, -6.962643, 109.602081, NULL),
(2284, 7, 11, 'Suhastian', 2, 0, -7.318401, 109.480965, NULL),
(2285, 7, 2, 'Yosephus Anugrah CTH', 2, 0, -7.296907, 111.106583, NULL),
(2286, 7, 2, 'Fuzi Said Al Id Qoni', 2, 0, -7.397878, 109.107018, NULL),
(2287, 7, 2, 'Angga Prasetyo', 2, 0, -7.280831, 109.248695, NULL),
(2288, 7, 2, 'Timotius Iwan Purwanto', 2, 0, -7.053521, 111.363289, NULL);
INSERT INTO `tbl_atlet` (`id_atlet`, `id_propinsi`, `id_cabor`, `atlet`, `id_jk`, `id_pelatih`, `lat`, `lng`, `alamat`) VALUES
(2289, 7, 2, 'Krisna Jadi  ', 2, 0, -7.319891, 110.667046, NULL),
(2290, 7, 2, ' Medi Setiawan', 2, 0, -6.871134, 108.896797, NULL),
(2291, 7, 2, 'Yuda Mahmud Setiadi', 2, 0, -7.225652, 109.903580, NULL),
(2292, 7, 2, ' Thoifatul WAkid', 2, 0, -6.579902, 110.809158, NULL),
(2293, 7, 2, 'Tan Suwanto', 2, 0, -7.363988, 108.970039, NULL),
(2294, 7, 2, 'Zainal Arifin', 2, 0, -6.764671, 110.688538, NULL),
(2295, 7, 2, 'Wiwid Eko Prasetyo', 2, 0, -7.680670, 109.550087, NULL),
(2296, 7, 2, 'Yudistira Ade Setiawan', 2, 0, -7.727964, 111.103653, NULL),
(2297, 7, 2, 'Wahyu Tri Saputra', 2, 0, -6.848786, 109.563622, NULL),
(2298, 7, 2, 'Daryono', 2, 0, -7.569870, 109.742142, NULL),
(2299, 7, 2, 'Ravi Murdianto', 2, 0, -7.743621, 110.715263, NULL),
(2300, 7, 2, 'Toha Yasir Rizki', 2, 0, -7.188031, 111.057518, NULL),
(2301, 7, 2, 'Arif Hidayatullah', 2, 0, -7.420824, 108.929573, NULL),
(2302, 7, 2, 'Bangga Syahrani', 2, 0, -7.488717, 109.441956, NULL),
(2303, 7, 2, 'Novit Ade Perdana', 2, 0, -6.755610, 110.663391, NULL),
(2304, 7, 2, 'Randi Arjih Faizi G', 2, 0, -6.569644, 110.911240, NULL),
(2305, 7, 2, 'Didik Kurniawan', 2, 0, -7.171816, 110.048309, NULL),
(2306, 7, 2, 'Haudi Abdillah', 2, 0, -7.065814, 110.691078, NULL),
(2307, 7, 14, 'Saquila Awalia Fajri', 2, 0, -7.661706, 110.044289, NULL),
(2308, 7, 14, 'Tarsa Uliarta Vovianti S ', 2, 0, -7.557178, 111.044571, NULL),
(2309, 7, 14, 'Norika Yulandari ', 2, 0, -7.105364, 111.149513, NULL),
(2310, 7, 14, 'Anis Sahpul Yuliani', 2, 0, -7.428718, 108.845634, NULL),
(2311, 7, 14, 'Dewi Rahmawati Hahani', 2, 0, -7.206901, 110.403122, NULL),
(2312, 7, 14, 'Adinda Haga Gadiansha O', 2, 0, -7.119510, 111.441940, NULL),
(2313, 7, 14, 'Rifah Lailatin Mentari', 2, 0, -7.738149, 110.986404, NULL),
(2314, 7, 14, 'Rahmad Adi Setiawan', 1, 0, -7.487539, 108.728104, NULL),
(2315, 7, 14, 'Meigeta Jopan Prastoko', 1, 0, -7.263329, 110.331535, NULL),
(2316, 7, 14, 'Muh. Zainur Rahman', 1, 0, -7.305374, 108.960342, NULL),
(2317, 7, 14, 'Kamandanu Pamungkas MK', 1, 0, -7.315674, 110.261421, NULL),
(2318, 7, 14, 'Repan Bagus Aprianto', 1, 0, -7.085028, 111.063416, NULL),
(2319, 7, 14, 'Riko Adi Baskoro', 1, 0, -6.757913, 111.037827, NULL),
(2320, 7, 14, 'Anas Nur Sapai ', 1, 0, -7.022567, 109.425957, NULL),
(2321, 7, 14, 'Lukman Hakim Nurdi', 1, 0, -8.096095, 110.870995, NULL),
(2322, 7, 14, 'Wahyu Aryo Baskoro', 1, 0, -7.146174, 110.372635, NULL),
(2323, 7, 14, 'M.Batistuta Piton N ', 1, 0, -7.242585, 110.421509, NULL),
(2324, 7, 26, 'Jefri Irawan', 1, 0, -7.551420, 110.263657, NULL),
(2325, 7, 26, 'Denny Christian', 1, 0, -6.959953, 109.277565, NULL),
(2326, 7, 26, 'Muh Imam Arifin', 1, 0, -7.023709, 111.056129, NULL),
(2327, 7, 26, 'Diwan Fiar Pradana', 1, 0, -7.057413, 111.222244, NULL),
(2328, 7, 26, 'Brian Dwi Wicaksono', 1, 0, -7.691391, 110.868004, NULL),
(2329, 7, 26, 'Dimas Febri Dwi Saputra', 1, 0, -7.548864, 109.299644, NULL),
(2330, 7, 10, 'Rifki Rais', 1, 0, -7.014019, 108.903854, NULL),
(2331, 7, 10, 'M.Masrokan', 1, 0, -7.448526, 109.556374, NULL),
(2332, 7, 10, 'Adi Kurniawan', 1, 0, -7.660221, 109.032883, NULL),
(2333, 7, 0, 'Muamar Khadafi', 1, 0, -6.983323, 111.273514, NULL),
(2334, 7, 10, 'Nurdiaono', 1, 0, -7.575134, 110.549141, NULL),
(2335, 7, 0, 'Andri Bagus Budiyanto', 1, 0, -7.402481, 109.234451, NULL),
(2336, 7, 10, 'Bastomi Yunan', 1, 0, -7.250518, 109.027870, NULL),
(2337, 7, 10, 'Aris Muhammad Adi P', 1, 0, -6.872231, 109.408890, NULL),
(2338, 7, 10, 'Sulistiono', 1, 0, -7.724278, 110.835617, NULL),
(2339, 7, 10, 'Zaki Hidayat', 1, 0, -6.998092, 110.511047, NULL),
(2340, 7, 18, 'Rizal Mailanap', 1, 0, -6.841207, 108.898537, NULL),
(2341, 7, 18, 'Novi Hardiono', 1, 0, -6.935675, 111.063034, NULL),
(2342, 7, 18, 'Nurul Khawadis', 1, 0, -7.136381, 111.325554, NULL),
(2343, 7, 18, 'Pungkas PA', 1, 0, -6.939530, 109.367935, NULL),
(2344, 7, 18, 'Danang TP', 1, 0, -6.849709, 111.576759, NULL),
(2345, 7, 18, 'Mehacari S', 2, 0, -7.234698, 108.589294, NULL),
(2346, 7, 18, 'Lilis Indriani', 2, 0, -6.648307, 110.920158, NULL),
(2347, 7, 18, 'Anisa M', 2, 0, -7.705376, 110.007271, NULL),
(2348, 7, 18, 'Onara Desty', 2, 0, -7.536790, 109.488174, NULL),
(2349, 7, 18, 'Susi Wiji', 2, 0, -7.171214, 109.741417, NULL),
(2350, 15, 1, 'Rahmawati ', 2, 0, -3.186244, 115.103233, NULL),
(2351, 15, 1, 'Desi Ratnasari', 2, 0, -2.260773, 115.838081, NULL),
(2352, 15, 6, 'Johan Robianto', 1, 0, -3.135819, 116.096069, NULL),
(2353, 15, 6, 'Muhammad Idris', 1, 0, -3.293248, 115.984123, NULL),
(2354, 15, 6, 'Tri Putra Aris ', 1, 0, -1.938599, 115.345177, NULL),
(2355, 15, 10, 'Gunawan ', 1, 0, -3.218417, 114.860565, NULL),
(2356, 15, 10, 'Muchlissin ', 1, 0, -2.691317, 116.283203, NULL),
(2357, 15, 10, 'Akhmad Hamsadi', 1, 0, -3.611903, 115.051071, NULL),
(2358, 15, 10, 'Fauzirahman ', 1, 0, -3.284227, 114.681641, NULL),
(2359, 15, 10, 'Muhammad Noor', 1, 0, -3.903392, 114.999237, NULL),
(2360, 15, 10, 'M. Ifan Kasogi', 1, 0, -4.027792, 114.776016, NULL),
(2361, 15, 10, 'Muhammad Fuad ', 1, 0, -3.600852, 115.823280, NULL),
(2362, 15, 10, 'M. Arief Rahman H', 1, 0, -2.925299, 115.259636, NULL),
(2363, 15, 11, 'Helidah', 2, 0, -3.283237, 115.673904, NULL),
(2364, 15, 11, 'Akbar Alam ', 1, 0, -2.129977, 115.678543, NULL),
(2365, 15, 11, 'Marni', 2, 0, -2.584174, 115.254356, NULL),
(2366, 15, 11, 'Deas Ekamarliana ', 2, 0, -3.015185, 115.743301, NULL),
(2367, 15, 11, 'Hamdani', 1, 0, -2.860431, 115.030869, NULL),
(2368, 15, 11, 'Muhammad Khairudin', 1, 0, -3.390747, 115.736031, NULL),
(2369, 15, 11, 'Istilal Eko Saputra', 1, 0, -2.490435, 115.248001, NULL),
(2370, 15, 22, 'Rizka Wulandari', 2, 0, -2.539637, 116.124054, NULL),
(2371, 15, 22, 'Wulandari ', 2, 0, -2.722849, 116.070518, NULL),
(2372, 15, 22, 'Prayogi Setiawan ', 1, 0, -3.536461, 115.180519, NULL),
(2373, 15, 22, 'Khairuddin', 1, 0, -3.635082, 114.671860, NULL),
(2374, 15, 13, 'Alfianoor', 1, 0, -2.841886, 115.652405, NULL),
(2375, 15, 13, 'M. Ryan Fadillah ', 1, 0, -3.216365, 115.183113, NULL),
(2376, 25, 1, 'Arifin Kambu', 1, 0, -0.870106, 132.800491, NULL),
(2377, 25, 1, 'Charlres M.', 1, 0, -0.718781, 133.023163, NULL),
(2378, 25, 1, 'Junaedi Fimbay', 1, 0, -1.181408, 132.578888, NULL),
(2379, 25, 1, 'Septinus Wayega', 1, 0, -2.099354, 133.855606, NULL),
(2380, 25, 1, 'Aksamina Wanggai', 2, 0, -1.050886, 131.451721, NULL),
(2381, 25, 1, 'Levia Wanggai', 2, 0, -3.913734, 134.353592, NULL),
(2382, 25, 1, 'Antoneta Msiren', 2, 0, -3.858083, 134.405869, NULL),
(2383, 25, 1, 'Melani Rumaropen', 2, 0, -2.188042, 132.727676, NULL),
(2384, 25, 1, 'Arlin Arwakon', 2, 0, -1.824883, 134.035538, NULL),
(2385, 25, 6, 'Krisyanto Poyara', 1, 0, -1.086447, 131.507935, NULL),
(2386, 25, 6, 'Arthur Windesi', 1, 0, -1.746553, 133.037766, NULL),
(2387, 25, 6, 'Valdo mayor', 1, 0, -1.963829, 133.568222, NULL),
(2388, 25, 6, 'Rocky yamco', 1, 0, -2.266952, 134.041901, NULL),
(2389, 25, 6, 'Nathalino P. Maturlan', 1, 0, -2.120868, 132.638184, NULL),
(2390, 25, 14, 'Frans Meres', 1, 0, -1.499532, 133.444397, NULL),
(2391, 25, 14, 'Alfius Kambu', 1, 0, -1.747212, 133.573624, NULL),
(2392, 25, 14, 'Hubertus R', 1, 0, -0.780023, 131.564453, NULL),
(2393, 25, 14, 'Adriana Obinaru', 2, 0, -0.906944, 132.646027, NULL),
(2394, 25, 14, 'Stevani Suruan', 2, 0, -0.456740, 132.470688, NULL),
(2395, 28, 14, 'Kevin putra winata', 1, 0, -2.375071, 101.808029, NULL),
(2396, 28, 14, 'Anggi liano', 1, 0, -1.283657, 103.212486, NULL),
(2397, 28, 14, 'M. Sauri', 1, 0, -1.391605, 103.348953, NULL),
(2398, 28, 14, 'Wisnu Putra Raharja', 1, 0, -2.069127, 101.368431, NULL),
(2399, 28, 14, 'Nopri Sumandari', 2, 0, -1.207981, 103.711060, NULL),
(2400, 28, 14, 'Ness Thiah Mariani', 2, 0, -2.274438, 102.334702, NULL),
(2401, 28, 14, 'Litta Agisstiarini', 2, 0, -1.160005, 102.416054, NULL),
(2402, 28, 14, 'Riska Putri Dewi', 2, 0, -2.660640, 101.770912, NULL),
(2403, 28, 11, 'Dyzarefdyni', 2, 0, -2.644918, 102.646492, NULL),
(2404, 28, 11, 'Febriani sonya N', 2, 0, -1.356738, 103.598503, NULL),
(2405, 28, 11, 'Shara Anggriani', 2, 0, -1.708926, 103.775078, NULL),
(2406, 28, 11, 'Sukma Rianda', 1, 0, -2.176186, 102.078583, NULL),
(2407, 28, 11, 'Erik Dona', 1, 0, -1.544379, 103.780884, NULL),
(2408, 28, 11, 'Azis Mahmud, EF', 1, 0, -1.665536, 102.174736, NULL),
(2409, 28, 11, 'Suhendra', 1, 0, -1.005759, 103.033104, NULL),
(2410, 28, 10, 'Hadi Prabowo', 1, 0, -1.033754, 102.907463, NULL),
(2411, 28, 10, 'M. Afriandi Bogi Satrio', 1, 0, -1.950068, 102.986000, NULL),
(2412, 28, 10, 'Heriyanto', 1, 0, -0.871281, 103.356567, NULL),
(2413, 28, 10, 'Davis Pramadana', 1, 0, -0.994044, 103.953476, NULL),
(2414, 28, 10, 'Prihartono', 1, 0, -2.269215, 101.863632, NULL),
(2415, 28, 10, 'M. Firdaus', 1, 0, -1.549284, 102.866737, NULL),
(2416, 28, 10, 'Robby Sarminto', 1, 0, -1.335267, 102.902199, NULL),
(2417, 28, 1, 'Apriliana', 2, 0, -1.069157, 103.751831, NULL),
(2418, 28, 1, 'Rina Sapitri', 2, 0, -2.153790, 102.181465, NULL),
(2419, 28, 1, 'Dumra', 1, 0, -1.856256, 103.310265, NULL),
(2420, 28, 1, 'M. Suprianto', 1, 0, -1.564060, 104.260941, NULL),
(2421, 28, 1, 'Yanto Wawansari', 1, 0, -1.070932, 103.709000, NULL),
(2422, 28, 1, 'Yuni Artha', 2, 0, -2.547638, 102.412903, NULL),
(2423, 28, 1, 'Nadila Imam K', 2, 0, -1.963054, 101.254089, NULL),
(2424, 28, 1, 'Hanny Saraswati', 2, 0, -2.714747, 102.434212, NULL),
(2425, 28, 22, 'Niftah Istiwomah', 2, 0, -0.995645, 102.751945, NULL),
(2426, 28, 22, 'Ririn Anggraini', 2, 0, -1.341058, 102.011971, NULL),
(2427, 28, 22, 'Sri Rahayu Aprimayanti', 2, 0, -1.341311, 104.435478, NULL),
(2428, 28, 22, 'Riska Andriyani', 2, 0, -2.315787, 102.133972, NULL),
(2429, 28, 22, 'Anggi Arpan Aryan', 1, 0, -1.269033, 103.864891, NULL),
(2430, 28, 22, 'Zuhnan', 1, 0, -1.597653, 103.156807, NULL),
(2431, 28, 22, 'Arianto', 1, 0, -1.199465, 102.064125, NULL),
(2432, 28, 22, 'Andri Oktavianus', 1, 0, -1.660467, 103.228294, NULL),
(2433, 28, 22, 'Reva Novaniza', 1, 0, -1.782477, 104.063019, NULL),
(2434, 18, 22, 'Awang Saputra', 1, 0, -4.171335, 122.428513, NULL),
(2435, 18, 22, 'Mustaman', 1, 0, -4.019435, 122.220947, NULL),
(2436, 18, 22, 'Roning', 1, 0, -3.156437, 121.267860, NULL),
(2437, 18, 22, 'Jiach Sri Hartini', 2, 0, -3.516796, 121.359238, NULL),
(2438, 18, 22, 'Ambarani', 2, 0, -3.504229, 122.045143, NULL),
(2439, 18, 22, 'Ardin', 1, 0, -3.075845, 121.294907, NULL),
(2440, 18, 22, 'Ashami Suhardi', 1, 0, -4.680937, 121.843262, NULL),
(2441, 18, 22, 'Samsul Fajar', 1, 0, -4.284342, 121.653038, NULL),
(2442, 18, 22, 'Yudhis', 1, 0, -4.074038, 121.641724, NULL),
(2443, 18, 22, 'Harjuna', 1, 0, -4.439376, 122.029251, NULL),
(2444, 18, 22, 'Warniati', 2, 0, -3.734913, 121.552277, NULL),
(2445, 18, 22, 'St. Nurdiyanti', 2, 0, -3.911210, 121.722839, NULL),
(2446, 18, 11, 'Ricky Aris Munandar', 1, 0, -4.279943, 122.264214, NULL),
(2447, 18, 11, 'Jessi Nulpa Srifatni', 2, 0, -3.774634, 121.933105, NULL),
(2448, 18, 11, 'Silviana', 2, 0, -4.290538, 121.895714, NULL),
(2449, 18, 11, 'M. Irwan', 1, 0, -3.406351, 121.165741, NULL),
(2450, 18, 11, 'Ismail Arham', 1, 0, -4.083170, 122.084892, NULL),
(2451, 18, 11, 'Ismawati', 2, 0, -3.809619, 121.937851, NULL),
(2452, 18, 11, 'Ni Kadek Purnama Sari', 2, 0, -4.251841, 122.144691, NULL),
(2453, 18, 11, 'Sabir Bin Ali', 1, 0, -4.514631, 122.077591, NULL),
(2454, 18, 11, 'uslan', 1, 0, -4.283993, 121.623489, NULL),
(2455, 18, 11, 'Ld. Fajar Ali', 1, 0, -3.285565, 121.511330, NULL),
(2456, 18, 11, 'Ali Usman', 1, 0, -3.235895, 121.759796, NULL),
(2457, 18, 11, 'Muh Salim', 1, 0, -4.072222, 122.435890, NULL),
(2458, 18, 11, 'Fariska Lela', 2, 0, -4.422493, 122.303864, NULL),
(2459, 18, 11, 'St. Nurlisa', 2, 0, -4.389423, 121.530617, NULL),
(2460, 18, 11, 'Sriwahyuni', 2, 0, -4.215885, 122.291267, NULL),
(2461, 18, 8, 'Ahirman', 1, 0, -3.223584, 121.581001, NULL),
(2462, 18, 8, 'Saidan', 1, 0, -3.414534, 121.416039, NULL),
(2463, 18, 8, 'Hendrik', 1, 0, -3.532039, 121.018356, NULL),
(2464, 18, 8, 'Sugiono', 1, 0, -3.018786, 121.307045, NULL),
(2465, 18, 8, 'Arhan', 1, 0, -3.189840, 121.691711, NULL),
(2466, 18, 8, 'Ld. Safaron', 1, 0, -3.173396, 121.479988, NULL),
(2467, 18, 8, 'La Arjun ', 1, 0, -3.466319, 121.727806, NULL),
(2468, 18, 8, 'Ambas Supardin', 1, 0, -3.403060, 121.999619, NULL),
(2469, 18, 17, 'M. Rival Dinata', 1, 0, -4.322154, 122.659851, NULL),
(2470, 18, 17, 'Adin Irwansyah', 1, 0, -4.214115, 122.885452, NULL),
(2471, 18, 1, 'Sadam', 1, 0, -4.815668, 121.998085, NULL),
(2472, 18, 1, 'Yakobus', 1, 0, -4.044138, 122.478157, NULL),
(2473, 18, 1, 'Ketut Ardi', 1, 0, -3.690370, 121.748047, NULL),
(2474, 18, 1, 'Waliana', 2, 0, -4.220511, 121.839539, NULL),
(2475, 18, 1, 'Juliansyah', 1, 0, -3.826528, 121.359444, NULL),
(2476, 20, 8, 'Akyko Micheel Kapito', 2, 0, -0.653371, 119.916168, NULL),
(2477, 20, 8, 'Nur Isni Chikyta.S', 2, 0, -2.009153, 121.064957, NULL),
(2478, 20, 8, 'Lhita Astuty Pasepe', 2, 0, -0.930389, 121.509796, NULL),
(2479, 20, 8, 'Ritlina A.Rompis', 2, 0, -0.271932, 119.863014, NULL),
(2480, 20, 8, 'Vidya Andrini. N', 2, 0, -2.563124, 121.955780, NULL),
(2481, 20, 8, 'Rian Nugraha', 1, 0, 0.911805, 121.689636, NULL),
(2482, 20, 8, 'Ifan', 1, 0, 0.922885, 120.700096, NULL),
(2483, 20, 11, 'Moh.Adnan', 1, 0, -0.998512, 122.447823, NULL),
(2484, 20, 11, 'Fitrman', 1, 0, -0.407121, 119.951477, NULL),
(2485, 20, 11, 'Khalifia', 2, 0, -0.982256, 121.601357, NULL),
(2486, 20, 11, 'Ramdalifa', 2, 0, 1.100861, 121.196945, NULL),
(2487, 20, 11, 'Badin', 1, 0, -0.850219, 123.066963, NULL),
(2488, 20, 22, 'David Hendri Susanto', 1, 0, -1.209383, 120.314362, NULL),
(2489, 20, 22, 'Aiz Anugrah ', 1, 0, -1.662030, 120.056000, NULL),
(2490, 20, 22, 'Akram', 1, 0, -0.223825, 119.838394, NULL),
(2491, 20, 22, 'Azwar Anas', 1, 0, -1.753454, 120.222572, NULL),
(2492, 20, 22, 'M.Ridik', 1, 0, -0.843426, 122.955193, NULL),
(2493, 20, 22, 'Agus', 1, 0, -1.154275, 120.258827, NULL),
(2494, 20, 22, 'Fatniwati', 2, 0, -1.818544, 120.203209, NULL),
(2495, 20, 22, 'Mazwia', 2, 0, -2.514816, 121.736664, NULL),
(2496, 20, 22, 'Rizky', 1, 0, -1.136705, 119.670410, NULL),
(2497, 20, 22, 'Alma Vio Litha Lukman', 2, 0, -2.475571, 121.932625, NULL),
(2498, 21, 1, 'Mahmud Djafar ', 1, 0, 0.669874, 122.464920, NULL),
(2499, 21, 1, 'Abdul Wahab Pakaya', 1, 0, 0.833269, 122.072212, NULL),
(2500, 21, 1, 'Ronal Biki', 1, 0, 0.684295, 122.192459, NULL),
(2501, 21, 1, 'Fadli Mahmud', 1, 0, 0.735509, 122.375961, NULL),
(2502, 21, 1, 'Apriyandi Nggilu', 1, 0, 0.539667, 121.694481, NULL),
(2503, 21, 1, 'Wirnawati Pakaya', 2, 0, 0.921999, 122.323578, NULL),
(2504, 21, 11, 'Galib Mustafa ', 1, 0, 0.769951, 122.626404, NULL),
(2505, 21, 11, 'Tahir Yusuf ', 1, 0, 0.381565, 123.430748, NULL),
(2506, 21, 11, 'Erwin Yunus', 1, 0, 0.725338, 121.320900, NULL),
(2507, 21, 11, 'Yudin Mahmud ', 1, 0, 1.017685, 122.446266, NULL),
(2508, 21, 11, 'Rini Kamaru', 1, 0, 0.875327, 122.021103, NULL),
(2509, 21, 11, 'Ratna Djafar ', 2, 0, 0.698261, 121.347412, NULL),
(2510, 21, 11, 'Aditya R. Harun ', 1, 0, 0.992146, 122.285118, NULL),
(2511, 21, 11, 'Abdul Hasan M', 1, 0, 0.575406, 123.414948, NULL),
(2512, 21, 11, 'Mohamad Sakti ', 1, 0, 0.899262, 122.004997, NULL),
(2513, 21, 11, 'Fani Indah P. Karim', 2, 0, 0.887751, 122.165497, NULL),
(2514, 21, 8, 'Adriyanto Husain', 1, 0, 0.706116, 122.723946, NULL),
(2515, 21, 8, 'Arman Gani ', 1, 0, 0.530726, 122.891968, NULL),
(2516, 21, 8, 'Fadli Saleh', 1, 0, 0.642108, 122.179039, NULL),
(2517, 21, 8, 'Risman Lakoro', 1, 0, 0.829383, 121.876480, NULL),
(2518, 21, 8, 'Hasran Lakoro', 1, 0, 0.597182, 121.596939, NULL),
(2519, 21, 8, 'Kazman Taabi', 1, 0, 0.799980, 121.742798, NULL),
(2520, 21, 8, 'Bahtiar Yusuf', 1, 0, 0.446106, 121.888916, NULL),
(2521, 21, 8, 'Rezki Djaina ', 1, 0, 0.631819, 123.220154, NULL),
(2522, 21, 8, 'Rahmawan Thalib ', 1, 0, 0.834944, 122.729317, NULL),
(2523, 21, 8, 'Ahmad Aguweli', 1, 0, 0.659042, 122.156387, NULL),
(2524, 21, 8, 'Reski Iyonu', 1, 0, 0.569288, 122.552383, NULL),
(2525, 24, 1, 'Alfin Tehupeiory', 2, 0, -3.301777, 130.072830, NULL),
(2526, 24, 1, 'Bastian Souhuka', 1, 0, -3.110968, 129.637360, NULL),
(2527, 24, 1, 'Herman Latusuay', 1, 0, -3.050058, 128.902679, NULL),
(2528, 24, 1, 'Chores Waifiru', 1, 0, -3.158350, 128.728592, NULL),
(2529, 24, 1, 'Ely Lekipiow', 1, 0, -3.007680, 130.369186, NULL),
(2530, 24, 1, 'Moses R. Nikolebu', 1, 0, -2.995954, 128.930832, NULL),
(2531, 24, 1, 'Thomas Missa', 1, 0, -3.054869, 130.257446, NULL),
(2532, 24, 1, 'Nico Leowol ', 1, 0, -3.097095, 129.136429, NULL),
(2533, 24, 1, 'Nike Parinussa', 1, 0, -3.079430, 129.875427, NULL),
(2534, 24, 1, 'Desi Pelamonia', 2, 0, -2.945413, 129.345795, NULL),
(2535, 24, 1, 'Marselina Latupono ', 2, 0, -3.095335, 130.149765, NULL),
(2536, 24, 1, 'Eklesia Souisa', 2, 0, -3.188085, 129.255310, NULL),
(2537, 24, 1, 'Mince Souina', 2, 0, -2.877575, 129.701675, NULL),
(2538, 24, 1, 'Monce Picarima', 1, 0, -3.352950, 127.981216, NULL),
(2539, 24, 1, 'homas Orias', 1, 0, -3.410167, 130.564270, NULL),
(2540, 24, 1, 'Lea Djukut', 2, 0, -3.451339, 128.476471, NULL),
(2541, 24, 1, 'Wilson F.Salamahu', 1, 0, -3.065744, 128.737656, NULL),
(2542, 24, 1, 'Steven Warela', 1, 0, -3.754996, 130.722702, NULL),
(2543, 24, 1, 'Monica Maitimu', 2, 0, -3.400231, 130.529663, NULL),
(2544, 24, 2, 'Athon Ngutra', 1, 0, -3.742961, 130.592407, NULL),
(2545, 24, 2, 'Imanuel Loppies ', 1, 0, -3.341800, 128.414810, NULL),
(2546, 24, 2, 'Muhamad Lestaluhu', 1, 0, -3.068576, 130.249908, NULL),
(2547, 24, 2, 'Tamrin Umagah ', 1, 0, -3.313050, 129.978912, NULL),
(2548, 24, 2, 'Julkarnain Tehupelasury', 1, 0, -3.005363, 129.526459, NULL),
(2549, 24, 2, 'Kamaruddin Lessy', 1, 0, -2.872422, 128.516968, NULL),
(2550, 24, 2, 'Rudy Tuasalamony', 1, 0, -3.132954, 129.609940, NULL),
(2551, 24, 2, 'Ibrahim Wally', 1, 0, -3.020008, 130.363190, NULL),
(2552, 24, 2, 'Abdul Kadir Laing', 1, 0, -2.964547, 128.690659, NULL),
(2553, 24, 2, 'Farid Kaimudin', 1, 0, -3.383023, 130.128677, NULL),
(2554, 24, 2, 'Franklin A.Syauta', 1, 0, -2.889752, 129.504059, NULL),
(2555, 24, 2, 'M. Midun Marasabessy', 1, 0, -3.769893, 130.620865, NULL),
(2556, 24, 2, 'ranco Sarimanella', 1, 0, -3.549931, 130.731628, NULL),
(2557, 24, 2, 'Abdhu G. Lestaluhu ', 1, 0, -3.212468, 129.490494, NULL),
(2558, 24, 2, 'Saipul Sapsuha', 1, 0, -3.119518, 127.964577, NULL),
(2559, 24, 2, 'M. Zulfikar Malabar', 1, 0, -2.885085, 129.447845, NULL),
(2560, 24, 2, 'Sadam I. Hatuwe ', 1, 0, -3.127649, 129.647766, NULL),
(2561, 24, 2, 'Billy Taraperu', 1, 0, -3.237326, 128.983139, NULL),
(2562, 24, 2, 'Izmi Yaman Hatuwe', 1, 0, -3.044900, 128.130981, NULL),
(2563, 24, 2, 'Mohti Tuni ', 1, 0, -3.329548, 130.161011, NULL),
(2564, 24, 22, 'Chelsea Corputty', 2, 0, -2.945085, 128.140457, NULL),
(2565, 24, 22, 'Costantia Corputty', 2, 0, -3.128674, 128.412247, NULL),
(2566, 24, 22, 'Widya Wabula ', 2, 0, -2.889377, 129.729431, NULL),
(2567, 24, 22, 'Harun Mahulette', 1, 0, -3.035736, 130.256363, NULL),
(2568, 24, 22, 'Fablino Matahelemual', 1, 0, -2.953940, 129.040436, NULL),
(2569, 24, 22, 'George Souisa', 1, 0, -3.846663, 130.805237, NULL),
(2570, 24, 22, 'Rolins Mahulette', 1, 0, -3.376296, 128.425720, NULL),
(2571, 24, 22, 'Frenklin Siautta', 1, 0, -3.429955, 130.447876, NULL),
(2572, 24, 22, 'Idris Laong Hodik', 1, 0, -3.416749, 129.995178, NULL),
(2573, 24, 22, 'Nyong Ade Arwan', 1, 0, -3.450165, 130.263397, NULL),
(2574, 24, 22, 'Wendy Tuhuteru', 2, 0, -3.241856, 128.794006, NULL),
(2575, 24, 22, 'Jane Marlissa', 2, 0, -3.041194, 128.617447, NULL),
(2576, 24, 22, 'Erwin Tamaela', 1, 0, -2.919721, 129.749786, NULL),
(2577, 24, 22, 'Dorothea Tahapary', 2, 0, -3.624238, 130.685974, NULL),
(2578, 24, 22, 'Putri Palijama', 2, 0, -3.244586, 129.162598, NULL),
(2579, 24, 6, 'Samuel Leuwol', 1, 0, -3.046837, 129.326706, NULL),
(2580, 24, 6, 'Mesem Latuperissa', 1, 0, -3.179788, 129.591385, NULL),
(2581, 24, 6, 'Rido Toisuta', 1, 0, -3.020511, 129.503342, NULL),
(2582, 24, 6, 'Oktovianus Patty', 1, 0, -2.982604, 128.817108, NULL),
(2583, 24, 6, 'Cornelis Pattipeilohy', 1, 0, -3.042357, 130.087753, NULL),
(2584, 24, 6, 'Rolly D.Atihuta', 1, 0, -3.276810, 129.820923, NULL),
(2585, 24, 6, 'Heny L. Sapulette', 1, 0, -3.194271, 129.881287, NULL),
(2586, 24, 6, 'Frans Oktolseya', 1, 0, -3.318743, 128.385590, NULL),
(2587, 24, 6, 'Yafius Kesaulia', 1, 0, -3.476320, 127.916512, NULL),
(2588, 24, 6, 'Gresia Kaihatu', 1, 0, -3.222132, 128.030151, NULL),
(2589, 24, 6, 'Ona A. Paays', 2, 0, -3.284664, 127.935257, NULL),
(2590, 24, 6, 'Nhur A.Kadir', 2, 0, -3.251824, 130.285904, NULL),
(2591, 24, 6, 'Mario Nanlohy', 1, 0, -2.899172, 128.978973, NULL),
(2592, 27, 10, 'Sabri Purnama Putra', 1, 0, 0.405307, 99.368546, NULL),
(2593, 27, 10, 'Nanda Putra', 1, 0, 0.402890, 99.416756, NULL),
(2594, 27, 10, 'Sandi Pratama', 1, 0, 0.720164, 100.197701, NULL),
(2595, 27, 10, 'Alfendra Saputra', 1, 0, -2.198972, 101.237434, NULL),
(2596, 27, 10, 'Ilham Rahmansyah', 1, 0, -0.098935, 100.304802, NULL),
(2597, 27, 10, 'June Alvivera', 1, 0, -0.428287, 100.575447, NULL),
(2598, 27, 10, 'Gilang Ilhaza', 1, 0, 0.420975, 99.627197, NULL),
(2599, 27, 10, 'Billy Jawara', 1, 0, -1.246427, 100.923019, NULL),
(2600, 27, 10, 'Samsul Rizal', 1, 0, 0.069694, 100.639351, NULL),
(2601, 27, 10, 'Yogi Claudio', 1, 0, 0.334723, 100.057014, NULL),
(2602, 27, 10, 'M.Havis', 1, 0, 0.237249, 99.910530, NULL),
(2603, 27, 10, 'Diego Satria', 1, 0, -1.978125, 101.115219, NULL),
(2604, 27, 10, 'Irvan', 1, 0, -1.378240, 101.000099, NULL),
(2605, 27, 10, 'Febri', 1, 0, -1.311522, 100.579475, NULL),
(2606, 27, 10, 'M.Agus.S', 1, 0, -0.035701, 100.824745, NULL),
(2607, 27, 10, 'Eko Maidonel', 1, 0, -0.966072, 101.013496, NULL),
(2608, 27, 10, 'Putra Tua C.Sihaloho', 1, 0, -0.578650, 100.975838, NULL),
(2609, 27, 10, 'Rian Bambang Saputra', 1, 0, -2.038267, 101.143936, NULL),
(2610, 27, 10, 'Ravitra Ulya', 1, 0, 0.379080, 99.289162, NULL),
(2611, 27, 2, ' Dedi Chandra', 1, 0, -1.352405, 100.987595, NULL),
(2612, 27, 2, 'Aulia Perdana Zinda', 1, 0, 0.183988, 100.427376, NULL),
(2613, 27, 2, 'Abdul Majid', 1, 0, 0.333276, 99.766678, NULL),
(2614, 27, 2, 'Abdul Sukron Fauzan', 1, 0, -1.367482, 101.608208, NULL),
(2615, 27, 2, 'M.Leo Fadillah', 1, 0, -1.351854, 101.080887, NULL),
(2616, 27, 2, 'Rully Desrian', 1, 0, -0.542554, 100.650345, NULL),
(2617, 27, 2, 'Wahyu Satya Wirapradana', 1, 0, 0.179733, 100.266113, NULL),
(2618, 27, 2, 'Aryunda Arta Zola', 1, 0, -0.959955, 101.543083, NULL),
(2619, 27, 2, 'Apriyono', 1, 0, -0.679880, 100.434532, NULL),
(2620, 27, 2, 'Andre Ernanda', 1, 0, 0.053647, 99.786453, NULL),
(2621, 27, 2, 'Febli Gushendra', 1, 0, -0.135979, 100.030540, NULL),
(2622, 27, 2, 'Rosad Setiawan', 1, 0, -1.232546, 101.795837, NULL),
(2623, 27, 2, 'Muhammad Jefri', 1, 0, -0.005675, 100.570053, NULL),
(2624, 27, 2, 'Apriyogi Yones Praga', 1, 0, -0.952087, 100.712662, NULL),
(2625, 27, 2, 'Rudi Arianto ', 1, 0, -0.419283, 100.406120, NULL),
(2626, 27, 2, 'Yance Permana', 1, 0, -0.346651, 100.192635, NULL),
(2627, 27, 2, 'Andi Saputra', 1, 0, -1.182129, 100.468903, NULL),
(2628, 27, 2, 'Jeffri Micco Pratama', 1, 0, 0.283662, 99.406281, NULL),
(2629, 27, 2, 'Havis Trawiguna', 1, 0, 0.349850, 99.643753, NULL),
(2630, 27, 2, 'Teja Paku Alam', 1, 0, -0.754931, 100.268921, NULL),
(2631, 27, 2, 'Extraco', 1, 0, -1.230531, 101.552994, NULL),
(2632, 27, 2, 'Edo Mardi', 1, 0, -0.042874, 100.385536, NULL),
(2633, 27, 2, 'Redo Reski Triandika', 1, 0, -1.379312, 101.186638, NULL),
(2634, 27, 2, 'Sigit Asnandar', 1, 0, -1.576157, 101.244804, NULL),
(2635, 27, 2, 'Andre Riyus Tofan', 1, 0, -1.294523, 101.445435, NULL),
(2636, 27, 2, 'Mardiyono', 1, 0, 0.067293, 99.771461, NULL),
(2637, 27, 1, 'Sukirman Uki', 1, 0, 0.243138, 99.925575, NULL),
(2638, 27, 1, 'M. Aidil', 1, 0, -1.325662, 101.509705, NULL),
(2639, 27, 1, 'Arif Hidayat', 1, 0, -0.817334, 100.524086, NULL),
(2640, 27, 1, 'Ruiza  Arif', 1, 0, -1.191546, 100.591301, NULL),
(2641, 27, 1, 'Yoga Candra', 1, 0, -1.193048, 100.636871, NULL),
(2642, 27, 1, 'Igo Fransiska', 1, 0, -1.579152, 100.670044, NULL),
(2643, 27, 1, 'Puji Rahmami', 2, 0, -1.910332, 101.070145, NULL),
(2644, 27, 1, 'Alifah Maudiah Jufando', 2, 0, 0.808427, 99.960274, NULL),
(2645, 27, 1, 'Cintia Anggara', 2, 0, 0.487367, 100.079857, NULL),
(2646, 27, 1, 'Apri', 1, 0, -1.429799, 101.287270, NULL),
(2647, 27, 1, 'Nanda Rahmadana', 1, 0, 0.281288, 100.273041, NULL),
(2648, 27, 1, 'Putri Zahara', 2, 0, -1.462401, 101.381325, NULL),
(2649, 27, 1, 'Nur Khaira Ilmi', 2, 0, -1.126808, 101.054352, NULL),
(2650, 27, 8, 'Sugeng Erianto', 1, 0, -0.142437, 100.497177, NULL),
(2651, 27, 8, 'Zulfahmi', 1, 0, 0.244082, 100.433868, NULL),
(2652, 27, 8, 'Rino Dewantara', 1, 0, -0.588997, 100.696999, NULL),
(2653, 27, 8, 'Nofriadi', 1, 0, 0.790521, 99.773598, NULL),
(2654, 27, 8, 'Nining', 2, 0, -1.595908, 101.013092, NULL),
(2655, 27, 8, 'Sri Wahyuni Anisa', 2, 0, -2.211350, 100.890343, NULL),
(2656, 27, 8, 'Ermon Saputra', 1, 0, -0.353864, 100.484985, NULL),
(2657, 27, 8, 'Refika Sundari', 2, 0, -0.485596, 100.166420, NULL),
(2658, 27, 8, 'Marsel', 1, 0, -0.150169, 100.301353, NULL),
(2659, 27, 8, 'Rendi Rahmawanda', 1, 0, -0.274399, 100.234329, NULL),
(2660, 27, 8, 'Samsul Akmal', 1, 0, -2.357860, 101.184189, NULL),
(2661, 27, 8, 'Parlin Sambara', 1, 0, -1.547819, 100.694122, NULL),
(2662, 27, 8, 'Afrianto', 1, 0, 0.751495, 100.096779, NULL),
(2663, 27, 8, 'Andri Febrian Akhza', 1, 0, 0.405535, 100.089561, NULL),
(2664, 27, 8, 'Rovi Asman Agus Putra', 1, 0, 0.755883, 99.862587, NULL),
(2665, 27, 8, 'Wahyu Abdillah Putra', 1, 0, -1.356805, 101.221153, NULL),
(2666, 27, 8, 'Roy Ramzah', 1, 0, -1.257681, 100.936447, NULL),
(2667, 27, 8, 'Digo Utama', 1, 0, 0.278746, 100.277405, NULL),
(2668, 27, 8, 'Jeki Al Hakim70', 1, 0, -0.005829, 100.740997, NULL),
(2669, 27, 8, 'Andika Zarvinal', 1, 0, -0.189440, 100.358597, NULL),
(2670, 27, 8, 'Wandi Afrizal', 1, 0, -0.091206, 100.428093, NULL),
(2671, 27, 8, 'Tista Permata Sari', 2, 0, -0.448719, 100.671669, NULL),
(2672, 27, 8, 'Satria ', 1, 0, -2.159551, 101.119225, NULL),
(2673, 27, 8, 'Resti Elga Saputri', 2, 0, -1.218722, 101.752365, NULL),
(2674, 27, 8, 'Novia Suryanis', 2, 0, -0.718208, 100.255096, NULL),
(2675, 27, 8, 'Sri Panduwilani', 2, 0, 0.103957, 99.829353, NULL),
(2676, 27, 8, 'Mira Cahyani', 2, 0, -0.085276, 100.295959, NULL),
(2677, 27, 16, 'Yoga Agustino Saputra', 1, 0, 0.401278, 100.168236, NULL),
(2678, 27, 16, 'Aulia Safitri ', 2, 0, -1.178067, 100.593636, NULL),
(2679, 27, 16, 'Tegar Permanto', 1, 0, -0.610391, 100.175735, NULL),
(2680, 27, 11, 'Ridhan Aprilanda', 1, 0, -0.140581, 100.353569, NULL),
(2681, 27, 11, 'Viona Nurul Adha', 2, 0, 0.195491, 100.791290, NULL),
(2682, 27, 11, 'Deskaria Marmi', 2, 0, -0.983939, 101.521484, NULL),
(2683, 27, 11, 'Renol Rafdi', 1, 0, 0.373575, 99.736053, NULL),
(2684, 27, 11, 'Indah Suci Wulandari', 2, 0, -0.893863, 100.796806, NULL),
(2685, 27, 11, 'Alfri Azika', 1, 0, 0.292050, 100.692169, NULL),
(2686, 27, 11, 'Abdul Hamid', 1, 0, -1.647678, 100.684830, NULL),
(2687, 27, 11, 'Mia Juwita', 2, 0, -0.115888, 100.300468, NULL),
(2688, 27, 11, 'Khalil Ahmad ', 1, 0, -0.716557, 100.232956, NULL),
(2689, 27, 11, 'Oktara Arionsyah\n', 1, 0, -2.185507, 101.231224, NULL),
(2690, 27, 11, 'Zul Afrialdi', 1, 0, -0.584747, 100.518700, NULL),
(2691, 27, 11, 'Yoki Putra', 1, 0, 0.470021, 99.658287, NULL),
(2692, 27, 11, 'Mentari Utami', 2, 0, -0.998150, 100.926384, NULL),
(2693, 27, 11, 'Siti Nurlela', 2, 0, -0.867167, 100.776787, NULL),
(2694, 27, 11, 'Icsan Pribadi', 1, 0, -1.457099, 101.555084, NULL),
(2695, 27, 11, 'Roni Junaidi', 1, 0, -0.525229, 100.195679, NULL),
(2696, 27, 34, 'Marchioverdo Zachari', 1, 0, -0.789681, 100.560539, NULL),
(2697, 27, 34, 'Ridwan Pambudi', 1, 0, -0.116978, 100.407448, NULL),
(2698, 27, 34, 'Putria Ningsih', 2, 0, 0.152475, 99.768456, NULL),
(2699, 27, 34, 'Suci Elvika Nanda', 2, 0, -1.137822, 101.225212, NULL),
(2700, 27, 17, 'Rendi Meisaputra', 1, 0, -0.457967, 100.602821, NULL),
(2701, 27, 17, 'Nanda fajar Chakri', 1, 0, -0.297434, 100.291016, NULL),
(2702, 27, 17, 'M. Farhan Hakim', 1, 0, -1.203301, 100.928314, NULL),
(2703, 27, 17, 'Ockhirani Martha', 2, 0, -1.685275, 101.376671, NULL),
(2704, 27, 17, 'Heru Dermawan', 1, 0, -0.531319, 100.963684, NULL),
(2705, 27, 17, 'Delva Rizky', 2, 0, -1.203175, 100.675644, NULL),
(2706, 27, 17, 'Fadilla Nesya Agesta', 2, 0, -1.292542, 100.539413, NULL),
(2707, 27, 6, 'Tresno Raharja', 1, 0, -0.834168, 100.371628, NULL),
(2708, 27, 6, 'Ahmad Wike', 1, 0, -0.099838, 100.526871, NULL),
(2709, 29, 27, 'M. Dwi Wahyu', 1, 0, -2.773161, 103.389755, NULL),
(2710, 29, 27, 'M. Tauhid Ramadhan', 1, 0, -2.788969, 104.850594, NULL),
(2711, 29, 27, 'Abriansyah Indomas P.', 1, 0, -2.107923, 104.244148, NULL),
(2712, 29, 27, 'Syella Puspa Indah', 2, 0, -3.167407, 102.904610, NULL),
(2713, 29, 1, 'Muhamad Salindra', 1, 0, -2.724895, 105.675613, NULL),
(2714, 29, 1, 'M. Dwi Pamungkas', 1, 0, -3.127024, 104.928825, NULL),
(2715, 29, 1, 'Selly', 2, 0, -4.076050, 105.734573, NULL),
(2716, 29, 12, 'Jauhari Rustam', 1, 0, -2.860990, 104.914551, NULL),
(2717, 29, 12, 'M. Zaki Zen', 1, 0, -2.997523, 105.519775, NULL),
(2718, 29, 12, 'Bella Elta Permatasari', 2, 0, -3.508072, 103.196289, NULL),
(2719, 29, 12, 'Yundha Anggraini', 2, 0, -3.096581, 103.542625, NULL),
(2720, 29, 11, 'Meri Andani', 2, 0, -3.836815, 104.498268, NULL),
(2721, 29, 11, 'Mardiana', 2, 0, -3.261805, 105.036133, NULL),
(2722, 29, 11, 'A. Fadil', 1, 0, -2.486603, 103.983528, NULL),
(2723, 29, 11, 'Muhamad Irsan', 1, 0, -3.217200, 104.986656, NULL),
(2724, 29, 13, 'Citra Utami', 2, 0, -3.743442, 104.478714, NULL),
(2725, 29, 13, 'Atira Gasani', 2, 0, -3.055916, 103.463867, NULL),
(2726, 29, 13, 'Ayu Apriani Wulandari', 2, 0, -3.524896, 103.272858, NULL),
(2727, 29, 28, 'M. Budi Surya', 1, 0, -2.744542, 105.071762, NULL),
(2728, 29, 28, 'Mahdum Prabowo', 1, 0, -2.233366, 104.736443, NULL),
(2729, 29, 28, 'Dewi Lestari', 2, 0, -4.037162, 105.842461, NULL),
(2730, 29, 28, 'M. Toad', 1, 0, -4.160806, 104.405457, NULL),
(2731, 2, 8, 'JAMIN', 1, 0, 4.715194, 107.981544, NULL),
(2732, 2, 8, 'JHON MUSLIM', 1, 0, 4.711399, 107.979553, NULL),
(2733, 2, 8, 'M. HAKIM ', 1, 0, 4.679907, 107.959076, NULL),
(2734, 2, 8, 'SAPRI ', 1, 0, 4.686751, 107.935730, NULL),
(2735, 5, 1, 'Adi Riyan', 1, 0, -6.301452, 106.943077, NULL),
(2736, 5, 8, 'Gita Rahmawati', 2, 0, -6.086595, 106.715141, NULL),
(2737, 5, 8, 'Karlina Masyela', 2, 0, -6.192532, 106.859375, NULL),
(2738, 5, 8, 'Ranita Nurhabibah', 2, 0, -6.355261, 106.921822, NULL),
(2739, 5, 8, 'Intan', 2, 0, -6.260748, 106.853577, NULL),
(2740, 5, 8, 'Jasmini', 2, 0, -6.185171, 106.764641, NULL),
(2741, 5, 8, 'Munawara', 2, 0, -6.268690, 106.755402, NULL),
(2742, 5, 8, 'Mela Anggrisa', 2, 0, -6.209345, 106.849808, NULL),
(2743, 5, 22, 'Andri Suryamedari', 1, 0, -6.131911, 106.788353, NULL),
(2744, 5, 22, 'Bagus Sukarna D', 1, 0, -6.182864, 106.928223, NULL),
(2745, 5, 22, 'Abid Ali Sofyan', 1, 0, -6.145439, 106.968170, NULL),
(2746, 5, 22, 'Muhammad Nouval', 1, 0, -6.142588, 106.730171, NULL),
(2747, 5, 22, 'Umi Sumiyati', 2, 0, -6.205755, 106.833000, NULL),
(2748, 5, 22, 'Ayuning Tika Vihari', 2, 0, -6.156619, 106.828011, NULL),
(2749, 5, 22, 'Risya Wahyu S', 2, 0, -6.110347, 106.704109, NULL),
(2750, 6, 1, 'Ahmad Sirojudin', 2, 0, -6.803006, 107.918419, NULL),
(2751, 6, 1, 'Popy Ariestyan', 2, 0, -6.897313, 106.753082, NULL),
(2752, 6, 1, 'Westi Indah s.', 2, 0, -6.959641, 107.818741, NULL),
(2753, 6, 1, 'Saeful Rahman', 2, 0, -7.493196, 108.574059, NULL),
(2754, 6, 1, 'Luhur prabowo', 2, 0, -6.960422, 106.939682, NULL),
(2755, 6, 1, 'Sri Lestari', 2, 0, -6.005316, 107.056839, NULL),
(2756, 6, 1, 'Fery Setiawan', 2, 0, -6.545557, 107.853821, NULL),
(2757, 6, 1, 'Asep Muhidin', 2, 0, -7.143930, 106.526283, NULL),
(2758, 6, 1, 'Agus Sanjaya', 2, 0, -6.844839, 108.644325, NULL),
(2759, 6, 12, 'Fiqi Wandiya S. P.', 2, 0, -6.287310, 108.289246, NULL),
(2760, 6, 12, 'Dylan Hagi Sahrial', 2, 0, -6.902808, 108.442146, NULL),
(2761, 6, 12, 'Sandi Firmansyah', 2, 0, -7.163118, 107.452843, NULL),
(2762, 6, 12, 'Jihan Fitrian', 2, 0, -6.458473, 107.256020, NULL),
(2763, 9, 1, 'Bambang Wigianto', 1, 0, -7.827161, 111.686546, NULL),
(2764, 9, 1, 'Lutfi Dinda Novantia', 2, 0, -8.254412, 113.226036, NULL),
(2765, 9, 1, 'Tiara Ambarsari', 2, 0, -8.085505, 114.006516, NULL),
(2766, 9, 1, 'Eka Cahaya Ningrum', 2, 0, -7.747746, 114.184998, NULL),
(2767, 9, 1, 'Nuke Meirawati', 2, 0, -7.667106, 111.679169, NULL),
(2768, 9, 1, 'Febi Ulfa Rimayanti', 2, 0, -8.727295, 114.552391, NULL),
(2769, 9, 1, 'Nena Achdia Yanuarinda. D', 2, 0, -7.819231, 111.445152, NULL),
(2770, 9, 1, 'Adi Rusdianto', 1, 0, -8.288248, 111.600571, NULL),
(2771, 9, 1, 'Vivi Tri Rahmawati', 2, 0, -7.955241, 112.856522, NULL),
(2772, 9, 1, 'M. Noer Wahid', 1, 0, -8.213331, 112.646736, NULL),
(2773, 9, 1, 'Muhammad Rozikin', 1, 0, -6.978609, 112.328926, NULL),
(2774, 9, 1, 'Ekky Susanti', 2, 0, -8.260001, 113.082626, NULL),
(2775, 9, 1, 'Alex Sandra', 1, 0, -8.015387, 111.599541, NULL),
(2776, 9, 1, 'Sri Wahyuni', 2, 0, -8.242902, 111.999519, NULL),
(2777, 9, 1, 'Siti Rukmana', 2, 0, -8.089498, 111.125946, NULL),
(2778, 9, 26, 'Jamalidin Novardianto', 1, 0, -8.032972, 111.464470, NULL),
(2779, 9, 26, 'Elga Kharisma Novanda', 2, 0, -7.540514, 112.119240, NULL),
(2780, 12, 1, 'Mindy tahik', 2, 0, -8.650503, 120.317665, NULL),
(2781, 12, 1, 'Jhon Joy F', 1, 0, -8.687499, 121.943405, NULL),
(2782, 12, 1, 'Alan E. Manuk', 1, 0, -8.694609, 120.073822, NULL),
(2783, 12, 1, 'Juslin S. Sagara', 1, 0, -8.784171, 121.223579, NULL),
(2784, 12, 1, 'Adel P. Sanam', 1, 0, -8.569147, 119.929153, NULL),
(2785, 12, 1, 'Samuel s. Kula', 1, 0, -8.576942, 120.467751, NULL),
(2786, 12, 1, 'Delianan Hitarihun', 2, 0, -8.886872, 121.033363, NULL),
(2787, 12, 1, 'Karolina A, Ndange', 2, 0, -8.221818, 122.949287, NULL),
(2788, 12, 1, 'Yohanes Komanireng', 1, 0, -8.509913, 122.027824, NULL),
(2789, 12, 1, 'Ramli nenabu', 1, 0, -8.679159, 120.001114, NULL),
(2790, 12, 6, 'Weldi Mabilaka', 1, 0, -8.702325, 122.157135, NULL),
(2791, 12, 6, 'Libert Gha', 1, 0, -8.782500, 121.072983, NULL),
(2792, 12, 6, 'Frengky adoe', 1, 0, -8.670619, 122.124985, NULL),
(2793, 12, 6, 'Dominikus Lassa', 1, 0, -8.453828, 121.047714, NULL),
(2794, 12, 6, 'Lucky Harry', 1, 0, -8.854681, 121.064293, NULL),
(2795, 12, 6, 'jeriko M. Ballo', 1, 0, -8.666767, 121.255386, NULL),
(2796, 12, 6, 'Mensen W. M. ballo', 1, 0, -8.744231, 121.828697, NULL),
(2797, 12, 6, 'Mario Blasius Kali', 1, 0, -8.764001, 120.768234, NULL),
(2798, 12, 6, 'Ary sale', 1, 0, -8.476510, 120.097900, NULL),
(2799, 12, 11, 'Ramli Laaka', 1, 0, -8.572527, 121.088936, NULL),
(2800, 12, 11, 'Murni D. Nasution', 2, 0, -8.315847, 123.006744, NULL),
(2801, 12, 11, 'Isakh J. Tobe', 1, 0, -8.533514, 120.437019, NULL),
(2802, 12, 11, 'Syahril L. Rasyid', 1, 0, -8.281970, 120.286301, NULL),
(2803, 12, 11, 'Marselino ando', 1, 0, -8.710369, 121.684967, NULL),
(2804, 12, 11, 'Djunaidi Samsudin', 1, 0, -8.710085, 121.248993, NULL),
(2805, 12, 17, 'Adhi R, Sanda', 1, 0, -8.678058, 120.554100, NULL),
(2806, 12, 17, 'jambres Nenolia', 1, 0, -8.671204, 121.115440, NULL),
(2807, 12, 17, 'Euvrasio Soares', 1, 0, -8.606415, 120.161514, NULL),
(2808, 12, 17, 'Rambu Rawambaku', 1, 0, -8.783316, 120.701988, NULL),
(2809, 12, 8, 'Melany C.S lay', 2, 0, -8.574267, 120.417046, NULL),
(2810, 12, 8, 'mega R.S Boboi', 2, 0, -8.751975, 121.630516, NULL),
(2811, 12, 8, 'Edenyee K. Martini', 2, 0, -8.740140, 120.640236, NULL),
(2812, 12, 8, 'erlin M.L Mone', 2, 0, -8.495734, 122.704453, NULL),
(2813, 16, 8, 'Masdar Lisman', 1, 0, -2.465651, 120.314369, NULL),
(2814, 16, 11, 'Kaspi Rahim', 1, 0, -2.526561, 120.327499, NULL),
(2815, 16, 1, 'Hasruni', 2, 0, -2.742166, 120.463196, NULL),
(2816, 16, 2, 'Dwi Sujarwo', 1, 0, -2.837074, 121.370537, NULL),
(2817, 16, 1, 'Emilawati', 2, 0, -2.954096, 121.510086, NULL),
(2818, 16, 1, 'Surianto', 1, 0, -4.301220, 120.383484, NULL),
(2819, 16, 1, 'Irnandi', 1, 0, -3.272538, 120.331017, NULL),
(2820, 16, 1, 'Alex Sandria Tono P', 1, 0, -2.410834, 120.832748, NULL),
(2821, 16, 1, 'Suwardi', 1, 0, -5.122807, 119.698669, NULL),
(2822, 16, 1, 'Juwanda Wira Wardana', 1, 0, -4.557007, 119.869987, NULL),
(2823, 16, 1, 'Heri Kiswanto', 1, 0, -4.849461, 119.970238, NULL),
(2824, 16, 1, 'Nasirah', 2, 0, -2.506855, 120.542198, NULL),
(2825, 16, 1, 'Fitri', 2, 0, -5.534974, 119.486031, NULL),
(2826, 16, 22, 'Nanang Kadriana', 2, 0, -2.395858, 119.787849, NULL),
(2827, 16, 22, 'Riswan B', 1, 0, -2.925017, 119.749969, NULL),
(2828, 16, 22, 'M. Caesar Arifin', 1, 0, -4.174482, 120.306168, NULL),
(2829, 16, 22, 'Wahyudi', 1, 0, -3.977106, 120.104446, NULL),
(2830, 16, 22, 'Fitriani Susanti', 2, 0, -2.591213, 121.530762, NULL),
(2831, 16, 22, 'Sulmaarief', 1, 0, -4.667917, 119.851295, NULL),
(2832, 16, 22, 'Rismawati', 2, 0, -3.827929, 120.289360, NULL),
(2833, 16, 22, 'Amanda Maulya Sari', 2, 0, -2.375557, 120.067581, NULL),
(2834, 16, 22, 'Mahendra Yanto', 1, 0, -2.401927, 120.923080, NULL),
(2835, 16, 22, 'Amaluddin', 1, 0, -2.881204, 119.652046, NULL),
(2836, 16, 22, 'Abustang', 1, 0, -5.428922, 119.749008, NULL),
(2837, 16, 22, 'Sitti Nur Muqshit', 2, 0, -3.992770, 120.234245, NULL),
(2838, 16, 22, 'Ardiansyah', 1, 0, -2.405363, 120.665260, NULL),
(2839, 16, 22, 'Risdayanti', 2, 0, -2.652259, 120.214966, NULL),
(2840, 16, 2, 'Reza Juhary', 1, 0, -3.910017, 120.356018, NULL),
(2841, 16, 2, 'Muh. Amrullah', 1, 0, -5.070116, 119.540558, NULL),
(2842, 16, 2, 'Muhammad Syiddiq', 1, 0, -4.131157, 120.010391, NULL),
(2843, 16, 2, 'Dian Edy Prabowo', 1, 0, -5.038764, 120.260857, NULL),
(2844, 16, 2, 'Dwi Sujarwo\n', 1, 0, -2.418623, 120.985840, NULL),
(2845, 16, 2, 'Didin Suryadi Putra', 1, 0, -4.624077, 120.173386, NULL),
(2846, 16, 2, 'Sakaria', 1, 0, -4.616285, 119.828682, NULL),
(2847, 16, 2, 'Ahmad Rajendra Paturusi', 1, 0, -2.337439, 119.970390, NULL),
(2848, 16, 2, 'Haerul ', 1, 0, -5.527318, 120.056778, NULL),
(2849, 16, 2, 'Syahrul Akbar Amdar', 1, 0, -5.018248, 119.706024, NULL),
(2850, 16, 2, 'Rahmat Setiawan N\n', 1, 0, -3.025918, 119.892731, NULL),
(2851, 16, 2, 'Muhammad Adi Gunawan', 1, 0, -3.415006, 119.622452, NULL),
(2852, 16, 2, 'Latifatul Qaffi', 1, 0, -4.636162, 119.759628, NULL),
(2853, 16, 2, 'Ilham Wibowo Yusuf', 1, 0, -3.361292, 119.773628, NULL),
(2854, 16, 2, 'Taqwa Risaldi', 1, 0, -3.372665, 120.087868, NULL),
(2855, 16, 2, 'Asriandi Aksa', 1, 0, -4.218758, 119.823853, NULL),
(2856, 16, 2, 'Adi Manggalia Amahoru', 1, 0, -4.522546, 119.936081, NULL),
(2857, 16, 2, 'Asis Watimena', 1, 0, -5.125745, 119.761215, NULL),
(2858, 16, 2, 'A.Agung Priyatno', 1, 0, -2.058802, 119.891571, NULL),
(2859, 16, 8, 'Firmansyah', 1, 0, -4.037359, 120.312981, NULL),
(2860, 16, 8, 'Ramli', 1, 0, -3.217640, 119.663910, NULL),
(2861, 16, 8, 'Rahmat P', 1, 0, -3.499366, 119.940529, NULL),
(2862, 16, 8, 'Dian Safitri', 2, 0, -2.991039, 121.544876, NULL),
(2863, 16, 8, 'Risna S', 2, 0, -2.768290, 121.598572, NULL),
(2864, 16, 8, 'Arif Risnandar', 1, 0, -2.897283, 119.756027, NULL),
(2865, 16, 8, 'Dian Oktaviani', 2, 0, -2.732388, 121.145058, NULL),
(2866, 16, 8, 'Kasbullah', 1, 0, -2.410346, 121.074951, NULL),
(2867, 16, 8, 'A.Tri Sandi Putra', 1, 0, -5.555909, 119.625374, NULL),
(2868, 16, 8, 'Rusli Nuru', 1, 0, -5.326085, 119.784645, NULL),
(2869, 16, 8, 'Edi Hartono', 1, 0, -2.274603, 120.387192, NULL),
(2870, 16, 8, 'Kusnelia', 2, 0, -3.162172, 119.548897, NULL),
(2871, 16, 8, 'Juniati', 2, 0, -2.445150, 120.034531, NULL),
(2872, 16, 8, 'Irwandi', 1, 0, -4.016679, 120.247276, NULL),
(2873, 16, 11, 'Baharuddin', 1, 0, -2.506447, 120.501587, NULL),
(2874, 16, 11, 'Bambang Pratama', 1, 0, -2.361322, 120.355988, NULL),
(2875, 16, 11, 'Mursidiq', 1, 0, -5.378581, 119.380257, NULL),
(2876, 16, 11, 'Dedi', 1, 0, -2.474074, 120.440834, NULL),
(2877, 16, 11, 'Purnamasari', 2, 0, -2.338234, 121.057945, NULL),
(2878, 16, 11, 'Inaya Ratul Oktaviani', 2, 0, -3.653240, 119.907539, NULL),
(2879, 16, 11, 'Nurul Fajriani Amir', 2, 0, -3.332269, 120.192116, NULL),
(2880, 16, 11, 'Syaiful', 1, 0, -3.748217, 120.027573, NULL),
(2881, 16, 11, 'Bernardino Rezky', 1, 0, -2.852847, 119.820641, NULL),
(2882, 16, 11, 'Endeni Muslim', 1, 0, -5.507331, 120.264915, NULL),
(2883, 16, 11, 'Nurul Mutmainnah', 2, 0, -2.293845, 120.216202, NULL),
(2884, 16, 11, 'Endah Meiyani W', 2, 0, -2.382226, 120.769257, NULL),
(2885, 16, 6, 'Afrisal', 1, 0, -4.776790, 120.137009, NULL),
(2886, 16, 6, 'M.Ridwan', 1, 0, -2.008666, 120.125908, NULL),
(2887, 16, 6, 'Madari Ageng J', 1, 0, -4.156517, 119.830635, NULL),
(2888, 16, 6, 'Awandika Aweng', 1, 0, -2.338842, 120.606186, NULL),
(2889, 16, 6, 'Eric Erianto', 1, 0, -3.909570, 120.347252, NULL),
(2890, 16, 6, 'Anhar Ibrahim', 1, 0, -4.669633, 119.732811, NULL),
(2891, 16, 6, 'Fitrawansyah', 1, 0, -3.434440, 119.822296, NULL),
(2892, 16, 6, 'Reza Suryansah Ali', 1, 0, -2.235184, 120.746132, NULL),
(2893, 16, 10, 'Ega Pangalingan', 1, 0, -4.723807, 119.687363, NULL),
(2894, 16, 10, 'Sudarmin S', 1, 0, -2.449475, 121.185501, NULL),
(2895, 16, 10, 'Joshua Cristian', 1, 0, -3.430502, 119.519867, NULL),
(2896, 17, 8, 'Abdul. Fais Gaus', 1, 0, -1.684994, 119.607445, NULL),
(2897, 17, 8, 'Ahmad, SH.', 1, 0, -3.489844, 118.987717, NULL),
(2898, 17, 8, 'M. Yusuf', 1, 0, -2.602932, 118.996758, NULL),
(2899, 17, 8, 'Erwin Muktar', 1, 0, -1.288988, 119.448975, NULL),
(2900, 17, 8, 'Yusrandi', 1, 0, -3.284549, 119.282425, NULL),
(2901, 17, 8, 'Heriadi', 1, 0, -2.979234, 119.204498, NULL),
(2902, 17, 8, 'Koirul Iksan', 1, 0, -1.528594, 119.464539, NULL),
(2903, 17, 8, 'M. Yasin', 1, 0, -3.012081, 119.392738, NULL),
(2904, 17, 8, ' M. Gusran Syarif T.', 1, 0, -3.194081, 119.373764, NULL),
(2905, 17, 8, ' Risnawati', 2, 0, -3.404162, 119.448746, NULL),
(2906, 17, 8, ' Nini Karmila', 2, 0, -2.682998, 119.000511, NULL),
(2907, 17, 8, ' Wahyu Lestari', 2, 0, -1.857573, 119.424812, NULL),
(2908, 17, 8, ' Ratna Sari', 2, 0, -3.448019, 118.890236, NULL),
(2909, 17, 8, 'Afika Riskita Putri', 2, 0, -2.009766, 119.539413, NULL),
(2910, 17, 8, ' Fitra Rama Dani', 2, 0, -2.451642, 119.635117, NULL),
(2911, 17, 11, ' Maskur', 1, 0, -2.696448, 119.263298, NULL),
(2912, 17, 11, 'Muh. Rahmat Shy', 1, 0, -2.334331, 119.185562, NULL),
(2913, 17, 11, ' Ismail M.', 1, 0, -2.979560, 119.069908, NULL),
(2914, 17, 11, ' Burhanunddin', 1, 0, -1.551399, 119.582550, NULL),
(2915, 17, 11, ' Ruslan Yusuf', 1, 0, -3.231486, 119.127289, NULL),
(2916, 17, 11, ' Adl. Rahman', 1, 0, -2.928567, 119.324707, NULL),
(2917, 17, 11, ' Hasnur', 2, 0, -1.369811, 119.557137, NULL),
(2918, 17, 11, ' Peppi CPM', 1, 0, -1.711676, 119.571976, NULL),
(2919, 17, 11, ' Fitriya Efendi L. ', 2, 0, -2.978540, 119.063522, NULL),
(2920, 17, 11, ' Mardianah', 2, 0, -2.464999, 119.698036, NULL),
(2921, 17, 11, ' Atira  Lestari', 2, 0, -2.710776, 119.504128, NULL),
(2922, 17, 11, ' Sinta Srikandi Putri', 2, 0, -2.981851, 119.042465, NULL),
(2923, 32, 1, 'ADIOS A. HEHAKAYA', 1, 0, -3.707994, 137.464630, NULL),
(2924, 32, 1, 'HERIT A. YAPUN', 1, 0, -4.576813, 136.227112, NULL),
(2925, 32, 1, 'HARTABAN NUNAKI', 1, 0, -5.854853, 139.801483, NULL),
(2926, 32, 1, 'PHILIPUS DAOTEYAU', 1, 0, -5.441260, 139.615128, NULL),
(2927, 32, 1, 'YAKOBUS WAETINO', 1, 0, -5.344311, 138.891937, NULL),
(2928, 32, 1, 'MATIUS ESRA ARAMPI', 1, 0, -2.842807, 139.704193, NULL),
(2929, 32, 1, 'FRANS DEBUR', 1, 0, -4.003503, 137.473175, NULL),
(2930, 32, 1, 'DOMINIKUS  NDIKEN', 1, 0, -3.572052, 140.120087, NULL),
(2931, 32, 1, 'NORBERTUS MIYAKAIMU', 1, 0, -4.160829, 139.672928, NULL),
(2932, 32, 1, 'BESTY WAI MRAMRA', 2, 0, -2.557047, 139.617828, NULL),
(2933, 32, 1, 'DIKA APASERAY', 2, 0, -3.413785, 138.309052, NULL),
(2934, 32, 1, 'LUSI CLAUDIA MARWA', 2, 0, -7.576128, 140.732666, NULL),
(2935, 32, 1, 'MARIA ADADIKAM', 2, 0, -2.723030, 136.235992, NULL),
(2936, 32, 1, 'SILVIANA ROSITA . RUMANGUN', 2, 0, -5.610069, 138.075241, NULL),
(2937, 32, 1, 'IMELDA P. SROYER', 2, 0, -2.456361, 137.805954, NULL),
(2938, 32, 1, 'VEGE MANORI', 2, 0, -5.306684, 139.339478, NULL),
(2939, 32, 1, 'Nela Sirami', 2, 0, -5.849079, 140.272614, NULL),
(2940, 32, 1, 'Paskalina Korwa', 1, 0, -3.139137, 139.758316, NULL),
(2941, 32, 1, 'Yustin Oktom', 2, 0, -3.958623, 139.379700, NULL),
(2942, 32, 11, 'ROMARIO. SOUMILENA', 1, 0, -2.833486, 140.826797, NULL),
(2943, 32, 11, 'JUANDA MANDALAPUTRA', 1, 0, -2.424096, 139.861298, NULL),
(2944, 32, 11, 'MUHAMMAD. FADILA.Z', 1, 0, -5.688651, 140.016464, NULL),
(2945, 32, 11, 'ARIYANTI . DAUNDI', 2, 0, -3.037677, 138.712906, NULL),
(2946, 32, 11, 'Moses Daundi', 1, 0, -3.371814, 140.596451, NULL),
(2947, 32, 2, 'Ronal Setmot', 1, 0, -6.582131, 140.077789, NULL),
(2948, 32, 2, 'Agung Shadi Yudha Saputra', 1, 0, -6.571516, 140.875366, NULL),
(2949, 32, 2, 'Tadius Edwin Womboimko', 1, 0, -2.796186, 138.964767, NULL),
(2950, 32, 2, 'Simon Badogapa', 1, 0, -4.390085, 135.312363, NULL),
(2951, 32, 2, 'Enrico Chiesa Yarangga', 1, 0, -5.721306, 138.650635, NULL),
(2952, 32, 2, 'Yopi Simon Marwa', 1, 0, -4.633200, 136.741150, NULL),
(2953, 32, 2, 'Valentino Isak Rumere', 1, 0, -7.969480, 139.302292, NULL),
(2954, 32, 2, 'Marthen Lodik Sanadi', 1, 0, -6.089373, 140.702103, NULL),
(2955, 32, 2, 'Mariando Uropmabin', 1, 0, -4.180640, 135.370514, NULL),
(2956, 32, 2, 'Nikson Adadikam', 1, 0, -5.207984, 139.765152, NULL),
(2957, 32, 2, 'Yunus Noviandy Modouw', 1, 0, -4.176432, 139.010330, NULL),
(2958, 32, 2, 'Jhon Stenly Kambuaya', 1, 0, -5.209465, 138.447296, NULL),
(2959, 32, 2, 'Joy B.R. Nussy', 1, 0, -4.549129, 138.567749, NULL),
(2960, 32, 2, 'Isak Samuel Auparay', 1, 0, -4.874795, 136.854477, NULL),
(2961, 32, 2, ' Ellyhut Marthen Rontini', 1, 0, -4.902220, 138.158356, NULL),
(2962, 32, 2, 'Miguel Piter Pocerattu', 1, 0, -3.044182, 139.876160, NULL),
(2963, 32, 2, 'Andi Raimond Yogi', 1, 0, -4.711359, 138.499680, NULL),
(2964, 32, 2, 'Antonius F. Rykaard Youwe', 1, 0, -7.360127, 139.257187, NULL),
(2965, 32, 2, 'Yan Paulus Momot', 1, 0, -7.111421, 140.701447, NULL),
(2966, 32, 2, 'Charles M.C. Rumbino', 1, 0, -4.567820, 140.295532, NULL),
(2967, 32, 2, 'Adyanto Nahak', 1, 0, -3.553924, 135.631195, NULL),
(2968, 32, 2, 'Marthinus Asso', 1, 0, -5.096883, 139.439682, NULL),
(2969, 32, 9, 'MONIKA KURNIASARI', 2, 0, -4.295035, 139.416351, NULL),
(2970, 32, 9, 'ALFANI R. MASWATU', 2, 0, -3.418043, 136.118607, NULL),
(2971, 32, 9, 'NATALIA ANTI LENGITUBUN', 2, 0, -6.933902, 140.965897, NULL),
(2972, 32, 9, 'KIKI INTAN PRATIWI', 2, 0, -2.998446, 137.204056, NULL),
(2973, 32, 9, 'SHAFA PUTRI SAKURA', 2, 0, -4.241535, 139.223328, NULL),
(2974, 32, 9, 'SHYFA PUTRI SAKURA', 2, 0, -7.272336, 140.029251, NULL),
(2975, 32, 9, 'GAUDIA E. WANGGAIMU', 2, 0, -6.821411, 140.752594, NULL),
(2976, 32, 9, 'REINSKE STELA BOIKAWAY', 2, 0, -3.233759, 136.898392, NULL),
(2977, 32, 9, 'DELLY HANA HAIRU', 2, 0, -4.361688, 136.139069, NULL),
(2978, 32, 9, 'BALBINA KARO KAMAKAIMU', 2, 0, -3.299602, 139.007431, NULL),
(2979, 32, 9, 'GRAILI SMITH MEHUE', 2, 0, -3.491713, 134.543289, NULL),
(2980, 32, 9, 'MEILAN H. SAWERI', 2, 0, -5.625431, 139.776917, NULL),
(2981, 32, 22, 'KONDRADUS SOGAROM', 1, 0, -3.798345, 135.672440, NULL),
(2982, 32, 22, 'TITUS P ASABO', 1, 0, -2.985716, 139.768082, NULL),
(2983, 32, 22, 'EVANS R SOKOY', 1, 0, -2.900932, 140.931274, NULL),
(2984, 32, 22, 'NORWIK J MONIM', 1, 0, -6.343984, 139.604385, NULL),
(2985, 32, 22, 'ISAHACK MARISI', 1, 0, -3.675476, 136.479477, NULL),
(2986, 32, 22, 'MATHIUS SABONO', 1, 0, -5.567504, 139.017365, NULL),
(2987, 32, 22, 'LOISA M ENOK', 2, 0, -3.773520, 139.967728, NULL),
(2988, 32, 22, 'ANGELINA A MONIM', 2, 0, -2.395650, 140.180908, NULL),
(2989, 32, 22, 'SYOME A Y MONIM', 2, 0, -4.714681, 136.569687, NULL),
(2990, 32, 22, 'MARPINA GWISANGGE', 2, 0, -4.331042, 138.124344, NULL),
(2991, 32, 22, 'PRONA LOKBERE', 2, 0, -8.265282, 140.134628, NULL),
(2992, 32, 34, 'ROYKE DAREAN', 1, 0, -3.070562, 134.508438, NULL),
(2993, 32, 34, 'DEMIANUS BEROTABUI', 1, 0, -5.271955, 139.072830, NULL),
(2994, 32, 34, 'KRISTIN TOTO', 2, 0, -6.037629, 139.080948, NULL),
(2995, 32, 23, 'Jenelin Imbab', 2, 0, -8.403160, 140.445206, NULL),
(2996, 32, 23, 'Inseri Karoba', 2, 0, -7.000418, 140.186478, NULL),
(2997, 32, 23, 'Marince Kogoya', 2, 123, -6.328001, 138.177246, NULL),
(2998, 32, 0, 'Amelia Medlama', 2, 0, -4.184030, 135.018051, NULL),
(3017, 1, 11, 'Budiman', 1, 147, 4.155250, 96.934570, NULL),
(3021, 26, 1, 'tes', 1, 15, 0.116577, 101.710205, NULL),
(3022, 26, 1, 'tes', 2, 10, -0.641466, 101.600342, NULL),
(3023, 26, 1, 'tes', 2, 14, -0.498651, 102.105713, NULL),
(3024, 26, 1, 'sds', 2, 17, -0.410763, 102.374878, NULL),
(3025, 26, 1, 'tes', 2, 10, 0.435176, 101.885986, NULL),
(3026, 26, 1, 'tes', 2, 15, -0.229492, 102.314453, NULL),
(3027, 26, 1, 'sa', 2, 17, -0.707380, 101.616821, NULL),
(3028, 26, 1, 'fg', 2, 14, -0.520623, 101.567383, NULL),
(3029, 26, 1, 'te', 2, 10, -0.564566, 102.045288, NULL),
(3030, 26, 1, 'sas', 2, 10, -0.487665, 102.248535, NULL),
(3031, 26, 1, 'fer', 2, 10, -0.564566, 101.732178, NULL);

-- --------------------------------------------------------

--
-- Table structure for table `tbl_cabor`
--

CREATE TABLE IF NOT EXISTS `tbl_cabor` (
`id_cabor` int(11) NOT NULL,
  `cabor` text
) ENGINE=MyISAM AUTO_INCREMENT=36 DEFAULT CHARSET=latin1;

--
-- Dumping data for table `tbl_cabor`
--

INSERT INTO `tbl_cabor` (`id_cabor`, `cabor`) VALUES
(1, 'Atletik'),
(2, 'Sepak Bola'),
(4, 'Badminton'),
(6, 'Tinju'),
(8, 'Sepak Takraw'),
(9, 'Bola Voli'),
(10, 'Gulat'),
(11, 'Pencak Silat'),
(12, 'Karate'),
(13, 'Loncat Indah'),
(14, 'Panahan'),
(15, 'Renang'),
(16, 'Senam'),
(17, 'Tae Kwon Do'),
(18, 'Tennis Meja'),
(19, 'Tennis Lapangan'),
(20, 'Kempo'),
(21, 'Bola Basket'),
(22, 'Dayung'),
(23, 'Angkat Besi'),
(24, 'Golf'),
(25, 'Yudo'),
(26, 'Balap Sepeda'),
(27, 'Anggar'),
(28, 'Wushu'),
(29, 'Catur'),
(30, 'Tenis Kursi Roda'),
(31, 'Squash'),
(3, 'Aeromodelling'),
(5, 'Balap Motor'),
(7, 'Voli Pantai'),
(32, 'Billyard'),
(33, 'Tarung Derajat'),
(34, 'Terjun Payung'),
(35, 'Peparnas');

-- --------------------------------------------------------

--
-- Table structure for table `tbl_jk`
--

CREATE TABLE IF NOT EXISTS `tbl_jk` (
`id_jk` int(1) NOT NULL,
  `jk` varchar(10) DEFAULT NULL
) ENGINE=MyISAM AUTO_INCREMENT=4 DEFAULT CHARSET=latin1;

--
-- Dumping data for table `tbl_jk`
--

INSERT INTO `tbl_jk` (`id_jk`, `jk`) VALUES
(1, 'Laki-laki'),
(2, 'Perempuan');

-- --------------------------------------------------------

--
-- Table structure for table `tbl_kabupaten`
--

CREATE TABLE IF NOT EXISTS `tbl_kabupaten` (
`id_kabupaten` int(11) NOT NULL,
  `kabupaten` varchar(64) NOT NULL,
  `kedinasan` text NOT NULL,
  `alamat` text NOT NULL,
  `telp` text NOT NULL,
  `lat` float(10,6) NOT NULL,
  `lng` float(10,6) NOT NULL,
  `id_propinsi` int(2) NOT NULL
) ENGINE=InnoDB AUTO_INCREMENT=475 DEFAULT CHARSET=latin1;

--
-- Dumping data for table `tbl_kabupaten`
--

INSERT INTO `tbl_kabupaten` (`id_kabupaten`, `kabupaten`, `kedinasan`, `alamat`, `telp`, `lat`, `lng`, `id_propinsi`) VALUES
(1, 'Kabupaten Aceh Barat ', 'Dinas Pemuda dan Olahraga', 'Jl. Manek Roo no.111 Meulaboh ', '08153492150, fax 0655 ? 7551071', 4.150485, 96.124474, 1),
(2, 'Kabupaten Aceh Utara ', 'Dinas Pemuda Olahraga Kebudayaan dan Pariwisata', 'Jl. Samudra No. 18 Lhokseumawe ', '0645 - 46210', 5.186414, 97.149940, 1),
(3, 'Kota Sabang ', 'Dinas Pemuda dan Olahraga', 'Jl. Oentung Suropati Gd Sabang Plasa ', '0652 ? 22777, fax 22302', 0.000000, 0.000000, 1),
(4, 'Kabupaten Pidie ', 'Dinas Pemuda dan Olahraga', 'Jl. Prof. A. Majid Ibrahim Sigli ', '0653 31109, fax21109', 0.000000, 0.000000, 1),
(5, 'Kabupaten Gayo Lues ', 'Dinas Pemuda dan Olahraga', 'Jl. Datok Sera No.3 Blangkajaran ', '0642 ? 21051', 0.000000, 0.000000, 1),
(6, 'Kabupaten Aceh Tenggara ', 'Dinas Pemuda dan Olahraga', 'Jl. lauser No.237 Kutacane ', '0629 ? 211029, fax 523359', 3.496630, 97.806816, 1),
(7, 'Kabupaten Nagan Raya ', 'Dinas Pemuda dan Olahraga', 'Jl. Suka Makmur ', '0656 ? 41216', 0.000000, 0.000000, 1),
(8, 'Kabupate Aceh Besar ', 'Dinas Kebudayaan Pariwisata Pemuda dan Olahraga', 'Jl. Prof. A. Majid Ibrahim No.3 ', '0651 ? 92670', 0.000000, 0.000000, 1),
(9, 'Kabupaten Bireun', 'Dinas Pemuda Olahraga Kebudayaan dan Pariwisata', ' Jl. B. Aceh ? Medan Cot. Gaphu Bireun', ' 0644 ? 324313, fax 374313', 0.000000, 0.000000, 1),
(10, 'Kabupaten Aceh Utara ', 'Dinas Pemuda Olahraga Kebudayaan dan Pariwisata', 'Jl. Samudera No.28 Lhokseumawe ', '0645 46210', 0.000000, 0.000000, 1),
(11, 'Kota Langsa ', 'PLS Pemuda, Olahraga dan Kebudayaan ', 'Rumah Dinas Wagub Aceh Timur ', '0641 ? 20667', 0.000000, 0.000000, 1),
(12, 'Kabupaten Aceh Jaya ', 'Dinas Pemuda Olahraga Kebudayaan dan Pariwisata', 'Jl. Pertiwi No.4 Calang ', '0654 ? 2210083', 4.662233, 95.656158, 1),
(13, 'Kabupaten Aceh Selatan ', 'Dinas Pemuda Olahraga Kebudayaan dan Pariwisata', 'Jl. Cut Nyak Dhien No.14-14a T. Tuan ', '0656 ? 322124', 0.000000, 0.000000, 1),
(14, 'Kabupaten Simelue ', 'Dinas Pemuda Olahraga Kebudayaan dan Pariwisata', 'Jl. Tgk Diujung Sinabang ', '0650 21102', 2.472444, 96.367867, 1),
(15, 'Kota Subulussalam ', 'Dinas Pemuda Olahraga Kebudayaan dan Pariwisata', 'Jl. Siti Ambia No.2 Subussalam ', '0627 ? 31336', 0.000000, 0.000000, 1),
(16, 'Kabupaten Aceh Tengah  ', 'Dinas Perhubungan Kebudayaan Pemuda dan Olahraga', 'Takengon', '0643 22978', 4.631471, 96.846832, 1),
(17, 'Kabupaten Aceh Singkil ', 'Dinas Pemuda dan Olahraga', 'Jl. Rimo Singkil km.12 Singkil Utara ', '0658 ? 21138', 0.000000, 0.000000, 1),
(18, 'Kota Lhokseumawe ', 'Dinas Pemuda Olahraga Kebudayaan dan Pariwisata', 'Jl. Merdeka no.2 Lhokseumawe ', '081360075086, fax 0645 48447', 5.174170, 97.129372, 1),
(19, 'Kabupaten Aceh Barat Daya ', 'Setda Bagian Pemuda dan Olahraga Aceh Barat Daya', 'Jl. Persada No.44 Blang Pidie ', '0659 ? 93167, fax 93167', 3.734121, 96.831009, 1),
(20, 'Kota Banda Aceh ', 'Dinas Pendidikan Pemuda dan Olahraga', 'Jl. Nyak Makam No.23 kotabaru ', '0651 ? 53598, 7430413', 5.565310, 95.343597, 1),
(21, 'Kabupaten Bener Meriah ', 'Dinas Pendidikan Pemuda dan Olahraga', 'Kantor Bupati Bener Meriah Redelong ', '0643 ? 21418', 0.000000, 0.000000, 1),
(22, 'Kabupaten Pidie Jaya ', 'Dinas Pendidikan Kebudayaan', 'Jl. Iskanda Muda maureudu ', '0653 ? 51292, fax 51293', 0.000000, 0.000000, 1),
(23, 'Kabupaten Aceh Tamiang ', 'Kantor Pemuda dan Olahraga', 'Jl. Ir. H. Juanda No.1 SKB, Karang Baru ', '0641 ? 31286', 4.327622, 98.015671, 1),
(24, 'Kabupaten Serdang Bedagai ', 'Dinas Pemuda dan Olahraga', 'Jl.Negara No. 300, Sei Rampah, Kab Serdang ', '(0621) 41009 - 441960', 3.504768, 99.113754, 3),
(25, 'kabupaten Simalungun ', 'Dinas Pemuda dan Olahraga', 'Jl. Asahan Sang Nawaluh Km.6 P.Siantar ', '(0622)7551543 - 7551900', 0.000000, 0.000000, 3),
(26, 'Kota Medan ', 'Dinas Pemuda dan Olahraga', 'Jl. Ibis Raya No129B Medan ', '(061) 4147278 - 4147239', 0.000000, 0.000000, 3),
(27, 'Kota Binjai ', 'Dinas Pemuda dan Olahraga', 'Jl Sibolga No16 Binjai Selatan ', '(061)8830813', 3.594267, 98.488365, 3),
(28, 'Kota Pematang Siantar ', 'Dinas Pemuda dan Olahraga', 'Jl.Singosari No.1 P.Siantar ', '(622)7436449', 2.964459, 99.059685, 3),
(29, 'Kabupaten Mandailing Natal ', 'Dinas Pemuda dan Olahraga', 'Komp. Perkantoran paya Loting Penyabungan ', '(0634)27568 - 27447', 0.000000, 0.000000, 3),
(30, 'Kabupaten Madina ', 'Dinas Pemuda dan Olahraga', 'komplek Perkantoran Raya Loting ktr Bupati Madina', '', 0.000000, 0.000000, 3),
(31, 'Kabupaten Samosir ', 'Dinas Pendidikan Sosial Tenaga Kerja Pemuda dan Olahraga', 'Jl. Raya Ria Niate, Komp Kantor Bupati samosir ', '(0626)20907', 0.000000, 0.000000, 3),
(32, 'Kota Medan', 'Dinas Pemuda dan Olahraga', 'Jl. Ibus Raya no.129 Medan ', '061 ? 4147278, 4147239', 0.000000, 0.000000, 3),
(33, 'Kabupaten Asahan ', 'Dinas Pemuda Olahraga Kebudayaan dan Pariwisata', 'Komp Mutiara Jl. Madrug Lubis Kisaran ', '0623 ? 345940', 0.000000, 0.000000, 3),
(34, 'Kota Tanjung Balai ', 'Dinas Pemuda Olahraga Kebudayaan dan Pariwisata', 'Jl. Jend Sudirman No.9A-IB ', '0623 92102, 393717', 0.000000, 0.000000, 3),
(35, 'Kabupaten Deli Serdang ', 'Dinas Pendidikan Pemuda dan Olahraga', 'Komp. Perkantoran Bupati Kab. Deli Serdang ', '(061)7951303 - 7956174', 0.000000, 0.000000, 3),
(36, 'Kota Padang Sidempuan ', 'Dinas Pemuda Olahraga Kebudayaan dan Pariwisata', 'Jl. Solo No.8 ', '0634 27658, 27447 0634 ? 27658', 0.000000, 0.000000, 3),
(37, 'Kabupaten Tapanuli Selatan ', 'Dinas Pendidikan Pemuda dan Olahraga', 'Jl. Raja Enda Mora No.2 P. Sidimpuan ', '(0634)21434 - 21893', 0.000000, 0.000000, 3),
(38, 'Kabupaten Tapanuli Tengah ', 'Dinas Pendidikan', 'Jl. Jend Sudirman No.11 Pandan ', '(0631)371143 - 371007', 0.000000, 0.000000, 3),
(39, 'Kabupaten Tebing Tinggi ', 'Dinas Pendidikan', 'Jl. Balai Kota No.1 T.Tinggi ', '(0621)21943 - 24618', 0.000000, 0.000000, 3),
(40, 'Kabupaten Labuhan Batu ', 'Dinas Pendidikan', 'Jl. Menara No.7 R.Prapat ', '(0624)21481 - 24962', 0.000000, 0.000000, 3),
(41, 'Kota Langkat ', 'Dinas Pendidikan', 'Jl. Kartini No.9 Stabat ', '(061)8910300', 0.000000, 0.000000, 3),
(42, 'Kabupaten Langkat ', 'Dinas Pemuda dan Olahraga', 'Komp Perkantoran pelabuhan Langkat ', '061 - 8910300', 0.000000, 0.000000, 3),
(43, 'Kabupaten Batubara ', 'Dinas Kebudayaan Pariwisata Pemuda dan Olahraga', 'Jl. Perintis Kemerdekaan no.168', '', 0.000000, 0.000000, 3),
(44, 'Kabupaten Nias ', 'Dinas Pemuda Olahraga Kebudayaan dan Pariwisata', 'Jl. Diponegoro Gunung Sitoli ', '0639 ? 21950', 1.271898, 97.633759, 3),
(45, 'kabupaten Karo ', 'Dinas Pendidikan Nasional', 'Jl. Veteran Kabanjahe ', '0628 ? 20412', 3.103799, 98.493286, 3),
(46, 'Kabupaten Nias ', 'Dinas Pendidikan', 'Jl. Karet No.30 Gunung Sitoli ', '(0639)21433', 1.284295, 97.622551, 3),
(47, 'Kabupaten Phakphak Barat ', 'Bagian Pemuda dan Olahraga ', 'Jl. Kompleks Perkantoran Pemerintah Kabupaten ', '', 0.000000, 0.000000, 3),
(48, 'Kabupaten Tapanuli Utara', 'Bagian Pemuda dan Olahraga ', 'Jl. Suprapto No.1A Tarutung ', '(0633)21371 - 21440', 0.000000, 0.000000, 3),
(49, 'Kota Sibolga ', 'Dinas Kebudayaan Pariwisata Pemuda dan Olahraga', 'Jl. FL Tobing no.44 Sibolga ', '0631- 23132', 1.730832, 98.784058, 3),
(50, 'Kabupaten Sibolga  ', 'Kantor Pemuda dan Olahraga', 'Jl. Gatot Subroto Sarudik Sibolga', '(0631)25670', 1.717662, 98.793335, 3),
(51, 'Kabupaten Toba Samosir ', 'Dinas Sosial, Pemuda dan Olahraga ', 'Jl. Bukit Barisan no.36 Balige Kab. Tobasa ', '(0632)322130 - 322378', 2.663182, 98.933319, 3),
(52, 'Kabupaten Padang Lawas ', 'Dinas Pendidikan Kebudayaan Pemuda dan Olahraga', 'Jl. Ki Hajar Dewantara No.45 Sibuhuan ', '(0636)421373', 1.050509, 99.747696, 3),
(53, 'Kabupaten Lawas Utara ', 'Dinas Pendidikan Kebudayaan Pemuda dan Olahraga', 'Jl. SM Raja No.167 Gunung Tua ', '(0635)510025', 0.000000, 0.000000, 3),
(54, 'Kabupaten Dairi ', 'Dinas Pendidiakn Kebudayaan Pemuda dan Olahraga', 'Jl. Jend Ahmad Yani No.115 sidikalang ', '(627)21829', 0.000000, 0.000000, 3),
(55, 'Kota Padang ', 'Dinas Pemuda dan Olahraga', 'Komplek GOR H. Agus Salim Padang', '', 0.000000, 0.000000, 27),
(56, 'Kabupaten Padang Pariaman ', 'Dinas Pemuda dan Olahraga', 'Jl. Jend.A.Yani No.21 Pariaman ', '0751 93017', -0.628709, 100.121414, 27),
(57, 'Kabupaten Agam ', 'Dinas Pendidikan Kebudayaan Pemuda dan Olahraga', 'Jl. DR. Muhammad Hatta, Lubuk Basung 26415 ', '(0752)76318', 0.000000, 0.000000, 27),
(58, 'Kabupaten Pasaman ', 'Dinas Pemuda dan Olahraga', 'Jl. Puti Sangka Komplek Gelora ', '(0753)20497', 0.000000, 0.000000, 27),
(59, 'Kota Solok ', 'Dinas Pemuda dan Olahraga', 'Jl. Tembok Raya ', '(0755) 20334', 0.000000, 0.000000, 27),
(60, 'Kota Bukit Tinggi ', 'Dinas Pemuda dan Olahraga', 'Jl. Jend. Sudirman No. 9 ', '(0752) 35410', 0.000000, 0.000000, 27),
(61, 'Kabupaten Pesisir Selatan ', 'Dinas Pemuda Olahraga dan Kebudayaan', 'Jl. H. Agus Salim Painan ', '(0756) 21602', -1.347847, 100.578171, 27),
(62, 'Kabupaten Solok ', 'Dinas Pendidikan ', 'Jl. Raya Koto baru Solok ', '(0755) 325702', 0.000000, 0.000000, 27),
(63, 'Kabupaten Sijunjung', 'Dinas Pendidikan', 'Jl. H. Juanda No. 3 Muara Sijunjung ', '(0754) 20111', 0.000000, 0.000000, 27),
(64, 'Kabupaten Tanah Datar ', 'Dinas Pendidikan dan Tenaga Kerja ', 'Jl. Sultan Alam Bagarsyah ', '(0752) 71833', 0.000000, 0.000000, 27),
(65, 'Kabupaten Lima Puluh Kota ', 'Dinas Pemuda dan Olahraga', 'Jl. Politani Tanjung Pati', '', 0.000000, 0.000000, 27),
(66, 'Kabupaten Kepulauan Mentawai ', 'Dinas Pendidikan', 'Tua Pejat Sipora ', '(0759) 320216', -2.068108, 99.581642, 27),
(67, 'Kabupaten Dharmasraya ', 'Dinas Pendidikan', 'Jl. Lintas Sumatera Km.2 S Daerah P. Pujung ', '(0752) 451233', -0.970270, 101.518456, 27),
(68, 'Kabupaten Solok Selatan ', 'Dinas Pemuda Olahraga Kebudayaan dan Pariwisata', 'Jl. Padang Aro Sangir ', '(0755) 583095/ 583423', 0.000000, 0.000000, 27),
(69, 'Kabupaten Pasaman Barat ', 'Dinas Pendidikan', 'Jl. Ki Hajar Dewantara No. 92 Pasaman Baru ', '(0753) 65186', 0.000000, 0.000000, 27),
(70, 'Kota Sawahlunto ', 'Dinas Pemuda dan Olahraga', 'Jl. Khatib Sulaiman ', '(0754) 61536/ 62387', -0.913011, 100.357391, 27),
(71, 'Kota Padangpanjang ', 'Dinas Pemuda Olahraga Kebudayaan dan Pariwisata', 'Komplek Pusat Dokumen dan Informatika, Kebudayaan (PDIK) Minang Kabau Padang Panjang', '', 0.000000, 0.000000, 27),
(72, 'Kota Payahkumbuh ', 'Dinas Pendidikan dan Kebudayaan', 'Jl. Ade Irma Suryani No. 23 ', '(0752) 92352', 0.000000, 0.000000, 27),
(73, 'Kota Pariaman ', 'Dinas Pendidikan Pemuda dan Olahraga', 'Jl. Dr. Suharjo No. 15 Pariaman 25514 ', '(0751) 92551', 0.000000, 0.000000, 27),
(74, 'Kabupaten Siak ', 'Dinas Pariwisata Seni Budaya Pemuda dan Olahraga', 'Komp DPRDKab. Siak Jl. Hangtuah ', '0764 ? 320897', 0.816973, 102.033478, 26),
(75, 'Kota Pekanbaru ', 'Dinas Pendidikan Pemuda dan Olahrgaa', 'Jl. Kuantan Pekanbaru ', '0761 ? 849661', 0.532137, 101.458649, 26),
(76, 'Kota dumai ', 'Dinas Kebudayaan Pariwisata Pemuda dan Olahraga', 'Jl. Tanjung Jati Dumai ', '0762 ? 91113', 1.666109, 101.458893, 26),
(77, 'Kabupaten Kumpar ', 'Dinas Pendidikan Pemuda dan Olahrgaa', 'Jl. D.I. Pandjaitan ', '0762 ? 20872', 0.554698, 101.459473, 26),
(78, 'Kabupaten Pelalawan ', 'Dinas Kebudayaan Pariwisata Pemuda dan Olahraga', 'Komp Pkantoran Bakti PrajaKerinci ', '0761 ? 854362', 0.267791, 101.664047, 26),
(79, 'Kabupaten Indragiri Hulu', 'Dinas Pemuda Olahraga Kebudayaan dan Pariwisata', 'Jl. Raya Pematang Reba Rengat ', '08127696299', -0.367410, 102.530960, 26),
(80, 'Kabupaten Indragiri Hilir ', 'Dinas Pemuda Olahraga Kebudayaan dan Pariwisata', 'Jl. Kaharuddin No.10 Tembilahan ', '0768 ? 22231', 0.000000, 0.000000, 26),
(81, 'Kabupaten Bengkalis ', 'Dinas Kebudayaan Pariwisata dan Olahraga', 'Jl. A. Yani No. 70 Bengkalis ', '0766 - 22720/ 216687', 0.000000, 0.000000, 26),
(82, 'Kabupaten Kuantan Singingi ', 'Dinas Pendidikan Pemuda dan Olahrgaa', 'Komplek Perkantoran Pemkab ', '0760 - 561531', 0.000000, 0.000000, 26),
(83, 'Kabupaten Rokan Hulu ', 'Dinas Pendidikan Kebudayaan Pemuda dan Olahraga', 'Jl. Diponegoro No. 123 Pasi Pangaraian ', '0762 - 91113', 0.000000, 0.000000, 26),
(84, 'Kabupaten Kuansing ', 'Dinas Kebudayaan Pariwisata Pemuda dan Olahraga', 'Komp Pkantoran Pemkab Kuansing ', '0760 -561531', 0.000000, 0.000000, 26),
(85, 'Kabupaten Rokan Hilir ', 'Dinas Pariwisata Seni Budaya Pemuda dan Olahraga', 'Jl. Bintang no.99Bagan Siapi siapi ', '0767 ? 21276, 21861', 2.165658, 100.807884, 26),
(86, 'Kota Jambi ', 'Dinas Pemuda Olahraga , Seni Budaya dan Pariwisata ', 'Jl. Kol Abunjani Simpang III Sipin', '', -1.613876, 103.593842, 28),
(87, 'Kabupaten Muaro Jambi ', 'Dinas Kebudayaan Pariwisata Pemuda dan Olahraga', 'Jl. Lintas Timur Bukit Cinto kenang sengeti ', '0741 ? 7076725', 0.000000, 0.000000, 28),
(88, 'Kabupaten Tanjab Timur ', 'Dinas Pariwisata Seni Budaya Pemuda dan Olahraga', 'Jl. komp Pkantor Bukit Menderang M.Sabek ', '0740 ? 7370047', 0.000000, 0.000000, 28),
(89, 'Kabupaten Tanjab Barat ', 'Dinas Pemuda Olahraga Kebudayaan dan Pariwisata', 'Jl. Panglima Cama Kuala Tungkal 36513', '0742 ? 21070', 0.000000, 0.000000, 28),
(90, 'Kabupaten Batanghari ', 'Dinas Pendidikan dan Kebudayaan', 'Jl. Pramuka Muara bulan ', '0743 ? 21038', -1.728673, 103.244644, 28),
(91, 'Kabupaten Sarolangun ', 'Dinas Kebudayaan Pariwisata Pemuda dan Olahraga', 'Komplek Perkantoran Gunung Kembang ', '0745 ? 91565', 0.000000, 0.000000, 28),
(92, 'Kabupaten Bungo ', 'Dinas Kebudayaan Pariwisata Pemuda dan Olahraga', 'Jl. Jend Sudirman KM.6 Arah Bangko 37214', '', 0.000000, 0.000000, 28),
(93, 'Kabupaten Tebo', 'Dinas Pendidikan kebudayaan Pemuda dan Olahraga', 'Jl. Lintas Tebo ? Bungo KM.12 ', '0744 ? 21282', 0.000000, 0.000000, 28),
(94, 'Kabupaten Merangin ', 'Dinas Kebudayaan Pariwisata Pemuda dan Olahraga', 'Pasar Atas Bangko', '', 0.000000, 0.000000, 28),
(95, 'Kabupaten Kerinci ', 'Dinas Pemuda dan Olahraga', 'Jl Jend. Basuki Rahmad No.1 GOR ', '0741 - 64861', 0.000000, 0.000000, 28),
(96, 'Kota Sungai Penuh ', 'Dinas Pendidikan kebudayaan Pemuda dan Olahraga', 'Jl. Muradi Pesisir Bukit', '', -2.043414, 101.388672, 28),
(97, 'Kabupaten OKU Selatan ', 'Dinas Pemuda dan Olahraga', 'Jl. Gudang Garam No.60 Muara 2 ', '0735 ? 590019, 590770', 0.000000, 0.000000, 29),
(98, 'Kabupaten OKU Timur ', 'Dinas Pemuda dan Olahraga', 'Jl. Merdeka No.005 Cidawang Martapura ', '0735 ? 481033, 482750', -4.308432, 104.343590, 29),
(99, 'Kabupaten OKU ', 'Dinas Pemuda dan Olahraga', 'Jl. Mayor Ismail Husein Beluraja ', '0735 ? 32073, 320400', 0.000000, 0.000000, 29),
(100, 'Kabupaten Muara Eniim ', 'Dinas Pemuda dan Olahraga', 'Jl. SMB II No.72 Muara Enem ', '0734 ? 421065, 421080', 0.000000, 0.000000, 29),
(101, 'Kota Lubuk Linggau ', 'Dinas Pemuda dan Olahraga', 'Jl. Depati Said No.94 Ulak Lebar ', '0733 - 325648,325648', 0.000000, 0.000000, 29),
(102, 'Kabupaten Musi Rawas ', 'Dinas Pemuda dan Olahraga', 'Jl. Depati Siderejo Lubuk Linggau ', '0733 ? 451233,451215', 0.000000, 0.000000, 29),
(103, 'Kabupaten Banyu Asin ', 'Dinas Pendidikan Nasional', 'Komp Perkantoran Pemkab banyuasin ', '0711 ? 891613, 891108', -2.917841, 104.406357, 29),
(104, 'Kabupaten Lahat ', 'Dinas Pemuda dan Olahraga', 'Jl. Kol Barlian Bandar Jaya Lahat ', '0731 ? 321822,321512', -3.784396, 103.548347, 29),
(105, 'Kabupaten Pagaralam ', 'Dinas Pendidikan Pemuda dan Olahraga', 'Jl. Laskar Wanita Mentarejo Gunung Gare ', '0730 ? 624800, 621209', 0.000000, 0.000000, 29),
(106, 'Kota Prabumulih ', 'Dinas Pendidikan Nasional', 'Jl. Ahmad Yani No.9 Prabumulih ', '0713 ? 321490', 0.000000, 0.000000, 29),
(107, 'Kota Palembang ', 'Dinas Pendidikan Pemuda dan Olahraga', 'Jl. Dr Wahidin No.63 ', '0711 ? 350685', -2.988889, 104.750114, 29),
(108, 'Kabupaten Ogan Ilir ', 'Dinas Seni Budaya Pemuda dan Olahraga ', 'Jl. Lintas Timur km No.35 Indralaya ', '0711 ? 581721,580027', -3.236516, 104.660240, 29),
(109, 'Kabupaten Ogan Komering Ilir ', 'Badan Pemuda dan Olahraga ', 'Jl. Letnan Darma Jambi Kayuagung ', '0712 ? 321433, 321701', -3.394668, 104.848610, 29),
(110, 'Kabupaten Empat Lawang ', 'Dinas Pendidikan Nasional', 'Jl. Kol Barlian Bandar Jaya Lahat ', '0731 ? 321210,070221406', 0.000000, 0.000000, 29),
(111, 'Kabupaten Bengkulu Selatan ', 'Dinas Pendidikan Pemuda dan Olahraga ', 'Jl. Affan Baksin No. 101 Manna ', '0739 - 21233', 0.000000, 0.000000, 33),
(112, 'Kabupaten Rejang Lebong ', 'Dinas Pendidikan dan Olahraga ', 'Jl. S. Sukowati No. 55 Curup ', '0732 - 21457', -3.794373, 102.244263, 33),
(113, 'Kabupaten Bengkulu Utara ', 'Dinas Pemuda Olahraga Kebudayaan dan Pariwisata', 'Jl. Prof M. Yasin SH Arga Makmur ', '0737 - 521036', 0.000000, 0.000000, 33),
(114, 'Kabupaten Kaur ', 'Dinas Pendidikan Pemuda dan Olahraga  ', 'Jl. Jembatan 2 Bintuhan', '0739 - 61483', -3.793045, 102.277840, 33),
(115, 'Kabupaten Seluma  ', 'Dinas Pendidikan dan Kebudayaan', 'Jl. Merdeka Pasar Tais No. 03 Tais ', '0736 - 91396', -4.078057, 102.577530, 33),
(116, 'kabupaten Muko - Muko ', 'Dinas Pendidikan Pariwisata Pemuda dan Olahraga ', 'Jl. Bandar Ratu Muko - Muko ', '0737 - 71041', -2.536854, 101.107948, 33),
(117, 'Kabupaten Lebong  ', 'Dinas Pendidikan Pemuda dan Olahraga ', 'Tubei', '0738 - 21470', 0.000000, 0.000000, 33),
(118, 'Kabupaten Kepahiang ', 'Dinas Pendidikan Pemuda dan Olahraga ', 'Jl. P dan K No. 01 Kel. Pasar Kepahiang ', '0732 - 391662', 0.000000, 0.000000, 33),
(119, 'Kabupaten Bengkulu Tengah', 'Dinas Pendidikan Pemuda dan Olahraga ', 'Jl. Lintas Bengkulu - Curup Tabah Pasmah ', '081278227206', 0.000000, 0.000000, 33),
(120, 'Kota Bengkulu ', 'Dinas Transmigrasi Tenaga Kerja Pemuda dan Olahraga', 'Jl. Basuki Rachmat No. 05 Kel. Belakang Pondok ', '0736 - 21177', -3.795936, 102.267136, 33),
(121, 'Kabupaten Lampung Selatan ', 'Dinas Pendidikan Pemuda dan Olahraga', 'Jl. Indra Bangsawan ', '0727 ? 322281, 32234', -5.366571, 105.233841, 31),
(122, 'Kabupaten Lampung Tengah', 'Dinas Kebudayaan Pariwisasta Pemuda dan Olahraga', 'Jl. H. Muchtar No.1 ', '0724 ? 529808, 26212', 0.000000, 0.000000, 31),
(123, 'Kabupaten Lampung Utara ', 'Dinas Pemuda dan Olahraga', 'Jl. Dahlia Kota Bumi ', '0724 ? 22706', -4.829316, 104.891273, 31),
(124, 'Kabupaten Lampung Barat', 'Dinas Pariwisata Pemuda dan Olahraga', 'Jl. Teratai No.2 Komplek Pemda ', '0728 ? 21248', -4.946190, 104.744667, 31),
(125, 'Kabupaten Tulang Bawang ', 'Dinas Pemuda dan Olahraga', 'Jl. Cemara N.6 Komplek Pemda ', '0726 ? 21255', -5.215059, 104.674255, 31),
(126, 'Kabupaten Tanggamus ', 'Dinas Pariwisata seni Budaya Pemuda dan Olahraga', 'Komplek Perkantoran Pemda Tanggamus ', '0722 ? 21020', 0.000000, 0.000000, 31),
(127, 'Kabupaten Lampung Timur ', 'Dinas Pendidikan ', 'Jl. Way Selagi Sukadana ', '0725 ? 625037', 0.000000, 0.000000, 31),
(128, 'Kabupaten Way Kanan ', 'Dinas Pemuda Olahraga Kebudayaan dan Pariwisata', 'Komplek FORKE Km.2 ', '0723 ? 461026', 0.000000, 0.000000, 31),
(129, 'Kabupaten Pesawaran ', 'Dinas Pendidikan ', 'Jl. Suhada No.2 Bagelen ', '0721 ? 94039', 0.000000, 0.000000, 31),
(130, 'Kota Bandar Lampung ', 'Dinas Pemuda Olahraga Kebudayaan dan Pariwisata', 'Jl. Dr. Susilo No.2 Teluk Betung ', '0721 ? 253441', -5.429730, 105.263000, 31),
(131, 'Kota Metro ', 'Dinas Pemuda Olahraga Kebudayaan dan Pariwisata', 'Jl. Belida No.16 Yosodati Metro Timur ', '0725 ? 42593', -5.111692, 105.327751, 31),
(132, 'Kabupaten Belitung Timur ', 'Dinas Pendidikan ', 'Jl. Raya Gantung Dusun Manggawarman', '', 0.000000, 0.000000, 30),
(133, 'Kabupaten Belitung Jl. Sekolah No.23 Tanjung Pandan 33411 ', 'Dinas Pendidikan ', 'Jl. Sekolah No.23 Tanjung Pandan 33411', '0719 ? 21445, 25266', -2.742454, 107.636978, 30),
(134, 'Kabupaten Bangka ', 'Dinas Pemuda dan Olahraga', 'Jl. Jend A. Yani Jalur 2 33215 ', '0717 ? 92145', 0.000000, 0.000000, 30),
(135, 'Kabupaten Bangka Tengah ', 'Dinas Kebudayaan Pariwisata Pemuda dan Olahraga', 'Jl. By Pass ', '0718 ? 7362028', 0.000000, 0.000000, 30),
(136, 'Kabupaten Bangka Selatan ', 'Dinas Kebudayaan Pariwisata Pemuda dan Olahraga', 'Perkantoran Terpadu Pemerintah Toboali', '', 0.000000, 0.000000, 30),
(137, 'Kota Pangkal Pinang ', 'Dinas Kebudayaan Pariwisata Pemuda dan Olahraga', 'Jl. Rasa Kunda Bukit Intan 33143 ', '', -2.121583, 106.151581, 30),
(138, 'Kabupaten Bangka Barat ', 'Dinas Kebudayaan Pariwisata Pemuda dan Olahraga', 'Komp. Pemda Bangka Barat Daya Baru ', '0716 ? 7323024', 0.000000, 0.000000, 30),
(139, 'Kota Tanjung Pinang  ', 'Dinas Pendidikan Pemuda dan Olahraga', 'Jl. Soekarno Hatta Tg Pinang', '0771 ? 29190, 25171', 0.914383, 104.446991, 2),
(140, 'Kota Batam ', 'Dinas Pendidikan ', 'Jl Pramuka No.1 Sekupang Batam 29422 ', '0778 ? 322569', 1.109691, 103.953712, 2),
(141, 'kabupaten Bintan ', 'Dinas Pendidikan Pemuda dan Olahraga', 'Jl. Pramuka No.5 Tg. Pinang 29124 ', '0771 ? 34545', 0.903517, 104.461044, 2),
(142, 'Kabupaten Karimun ', 'Kantor Pemuda dan Olahraga', 'Jl. Canggal Putri Gd Pemuda Tebing ', '0777 - 21913', 0.000000, 0.000000, 2),
(143, 'Kabupaten Lingga ', 'Dinas Pendidikan Pemuda dan Olahraga', 'Jl. Istana Robat No.07 290872 ', '0776 ? 322300, 21400', 0.000000, 0.000000, 2),
(144, 'Kabupaten Natuna ', 'Dinas Pemuda dan Olahraga Kebudayaan dan Pariwisata ', 'Jl. Batu Sisir Bukit Arai gedung E ', '0773 - 31467', 0.000000, 0.000000, 2),
(145, 'Kabupaten Kepulauan Anambas ', 'Dinas Pendidikan Pemuda dan Olahraga', '', '0772 ? 31264, 31269', 0.000000, 0.000000, 2),
(146, 'Jakarta Pusat ', 'Dinas Olahraga dan Pemuda', 'Jl. Tanah Abang I/1 Blok C Jakpus ', '(021)3519083', -6.170092, 106.790588, 5),
(147, 'Jakarta Timur ', 'Dinas Olahraga dan Pemuda', 'Jl. Sentra Primer baru Timur No.8 P.Gadung ', '(021)4802037', -6.208875, 106.952492, 5),
(148, 'Jakarta Barat ', 'Dinas Olahraga dan Pemuda', 'Jl. Kembangan Raya No.2 Kembangan ', '(021)5821761', -6.184644, 106.732834, 5),
(149, 'Jakarta Utara ', 'Dinas Olahraga dan Pemuda', 'Jl. Yos Sudarso no.27-29 Tg Priok ', '(021)4358780', -6.120365, 106.891899, 5),
(150, 'Jakarta Selatan ', 'Dinas Olahraga dan Pemuda', 'Jl. Trunojoyo No.1 Kebayoran baru ', '(021)7205891', -6.240153, 106.799187, 5),
(151, 'Kabupaten Bogor ', 'Dinas Pendidikan', 'Jl. Nyaman I Kel. Tengah ', '(0251) 8753191', -6.476554, 106.825699, 6),
(152, 'Kabupaten Sukabumi ', 'Dinas Olahraga & Kepemudaan Kebudayaan ', 'Jl. Raya Casaat ', '(0266) 22655, 218054', -6.924050, 106.922203, 6),
(153, 'Kabupaten Cianjur ', 'Dinas Pendidikan & Kebudayaan ', 'Jl. Perintis Kemerdekaan No. 3 ', '(0263) 264760, 264829', -6.839444, 107.137741, 6),
(154, 'Kabupaten Bandung ', 'Dinas Pemuda dan Olahraga ', 'Jl. Raya Soreang Km 17. Soreang Bandung ', '(022) 5897517, 5897518', -7.040443, 107.507622, 6),
(155, 'Kabupaten Garut ', 'Dinas Pendidikan ', 'Jl. Pembangunan No. 179 Garut (44151) ', '(0262) 233155, 240594', -7.213469, 107.889847, 6),
(156, 'Kabupaten Tasikmalaya ', 'Dinas Pendidikan ', 'Jl. Siliwangi No. Tasikmalaya ', '(0265) 331200, 326459', -7.343168, 108.228004, 6),
(157, 'Kabupaten Ciamis ', 'Dinas Pendidikan ', 'Jl. RA. Kusumasubrata No. 3 Ciamis (46213) ', '(0265) 773709', -7.265630, 108.126709, 6),
(158, 'Kabupaten Kuningan ', 'Dinas Pendidikan ', 'Jl. Sukamulya Cigugur Kuningan ', '(0232) 875905', -6.974630, 108.456306, 6),
(159, 'Kabupaten Cirebon', 'Dinas Pariwisata Pemuda & Olahraga', '', '', 0.000000, 0.000000, 6),
(160, 'Kabupaten Majalengka ', 'Dinas Pendidikan & Kebudayaan pemuda dan olahraga ', 'Jl. KH. Abdul Hamid No. 97 Majalengka', '', 0.000000, 0.000000, 6),
(161, 'Kabupaten Sumedang ', 'Dinas Pemuda Olahraga dan Pariwisata', 'Jl. Dano', '', -6.831100, 107.925804, 6),
(162, 'Kabupaten Indramayu ', 'Dinas Budaya Pemuda Olahraga dan pariwisata ', 'Jl. Gatot Subroto', '', -6.346658, 108.331154, 6),
(163, 'Kabupaten Subang ', 'Dinas Pendidikan ', 'Jl. Aipda KS Tubun No. 2, Subang (41211) ', '(0260) 411412, 411413', -6.551168, 107.764236, 6),
(164, 'Kabupaten Purwakarta ', 'Dinas Pendidikan Pemuda dan Olahraga ', 'Jl. Surawinata No. 30 A, Purwakarta ', '(0260) 200947 206944', -6.545765, 107.444542, 6),
(165, 'Kabupaten Karawang ', 'Dinas Pendidikan Pemuda dan Olahraga ', 'Jl. Surokunto No. 72 Karawang ', '(0267) 405215, 402504', -6.319047, 107.323761, 6),
(166, 'Kabupaten Bekasi ', 'Dinas Pemuda dan Olahraga ', 'Komp. Perkantoran Pemda Kab. Bekasi ', '(021) 89970065', 0.000000, 0.000000, 6),
(167, 'Kabupaten Bandung Barat ', 'Dinas Pendidikan ', '', '(0251) 8341101', 0.000000, 0.000000, 6),
(168, 'Kota Bogor ', 'Dinas Pendidikan Pemuda dan Olahraga ', 'Jl Pajajaran 125 Bogor', '', -6.617560, 106.816689, 6),
(169, 'Kota sukabumi ', 'Dinas Pendidikan ', 'Jl. Pelabuhan 11, Km 5 Kota Sukabumi', '(0266) 221766, 221766', -6.960969, 106.885567, 6),
(170, 'Kota Bandung ', 'Dinas Pendidikan ', 'Jl Akhmad Yani No 239 Bandung ', '(022)7208007,7106568', -6.907835, 107.646530, 6),
(171, 'Kota Cirebon ', 'Dinas Budaya Pariwisata ', 'Jl. Brigjen Dharsono No. 8 By Pass ', '(0231) 486856', -6.720281, 108.536774, 6),
(172, 'Kota Bekasi ', 'Dinas Pendidikan', '', '', -6.244935, 107.004074, 6),
(173, 'Kota Depok ', 'Dinas Pendidikan', 'Jl. R. Demang Hardjakusuma (505513) ', '(022)6631725,6632165', -6.388597, 106.817459, 6),
(174, 'Kota Cimahi Komplek pemuda', 'Dinas Pendidikan', 'Jl. Letnan Harun ', '(022) 6631725, 6632165', -6.871121, 107.554115, 6),
(175, 'Kota Tasikmalaya', 'Dinas Pariwisata Budaya Olahraga & Pemuda', '', '', 0.000000, 0.000000, 6),
(176, 'Kota Banjar', 'Dinas Pendidikan', '', '', -7.047933, 107.588745, 6),
(177, 'Kabupaten Purbalingga ', 'Dinas Pariwisata, Kebudayaan, Pemuda dan Olahraga', 'Jl. Kapten Tendean No.10, 53310 ', '0281 ? 893269', -7.391221, 109.362938, 7),
(178, 'Kabupaten Cilacap ', 'Dinas Pendidikan Pemuda dan Olahraga ', 'Jl. Kalimantan No.51 Cilacap ', '0282 ? 542797,540578', -7.705861, 109.029579, 7),
(179, 'Kabupaten Kudus ', 'Dinas Pendidikan Pemuda dan Olahraga ', 'Jl. Mejobo Mlati Kidul, Kudus Komplek Perkantoran ', '0291 ? 438563,437178', -6.812857, 110.856384, 7),
(180, 'Kabupaten Banjarnegara ', 'Dinas Pendidikan Pemuda dan Olahraga ', 'Jl. Mayjen Pandjaitan 57 ', '0286 ? 594846, 591397', -7.397578, 109.697624, 7),
(181, 'Kabupaten Semarang ', 'Dinas Pemuda Olahraga, Kebudayaan dan Pariwisata', 'Jl. A. Yani No.53 Ungaran ', '024 ? 6921424', -7.134730, 110.412804, 7),
(182, 'Kota Salatiga ', 'Dinas Parsenibud Pemuda dan Olahraga', 'Jl. L. M. U Adi Sucipto No.7 Salatiga ', '0289 ? 324979, 326951', -7.328108, 110.500786, 7),
(183, 'Kabupaten Batang ', 'Dinas Pendidikan Pemuda dan Olahraga ', 'Jl. Slamet Riyadi 29 Matangan Batang ', '0285 ? 391321, 392883', -6.906744, 109.715172, 7),
(184, 'Kota Semarang ', 'Dinas Sosial Pemuda dan Olahraga ', 'Jl. Pemuda No.148 Semarang 50132 ', '024 ? 3569040, 3513366', -6.975640, 110.418007, 7),
(185, 'Kabupaten Demam ', 'Dinas Pendidikan Pemuda dan Olahraga ', 'Jl. katonsari 89 Demak ', '0291 ? 685242', -6.908904, 110.619057, 7),
(186, 'Kabupaten Grobogan ', 'Dinas Pemuda Olahraga dan Pariwisata', 'Jl. Bayangkara No.1 Purwodadi 58111 ', '0292 ? 421008', -7.080005, 110.917068, 7),
(187, 'Kabupaten Pekalongan ', 'Dinas Pemuda Olahraga Pariwisata dan Kebudayaan ', 'Jl. Teuku Umar Kajen ', '0285 ? 381057', -6.887135, 109.657341, 7),
(188, 'Kota Pekalongan ', 'Dinas Pendidikan Pemuda dan Olahraga ', 'Jl. Maninjau No.16-18 ', '0285 ? 423011, 421878', -6.894194, 109.679001, 7),
(189, 'Kabupaten Tegal ', 'Dinas Pendidikan Pemuda dan Olahraga ', 'Jl. A. Yani No. 51 Procot Slawi ', '0283 ? 491391', -6.894194, 109.679001, 7),
(190, 'Kabupaten Brebes ', 'Dinas Pariwisata Kebudayaan Pemuda dan Olahraga ', 'Jl. A. Yani no.87 Brebes 52212 ', '0283 ? 671840, fax 671027', -6.940816, 108.935822, 7),
(191, 'Kabupaten Pemalang ', 'Dinas Pendidikan Pemuda dan Olahraga ', 'Jl. Merbabu no.2 Pemalang ', '0284 ? 325103, 321080', -6.929799, 109.364799, 7),
(192, 'Kota Tegal ', 'Dinas Pemuda Olahraga Pariwisata dan Kebudayaan', 'Jl. Melati No.30A 52124 ', '0283 ? 321253', -6.874238, 109.140312, 7),
(193, 'Kabupaten Pati', 'Dinas Pariwisata Kebudayaan Pemuda dan Olahraga ', 'Jl. Panglima Sudirman Pati', '', 0.000000, 0.000000, 7),
(194, 'Kabupaten Jepara ', 'Dinas Pendidikan Pemuda dan Olahraga ', 'Jl. Ratu Lalinyamat , Denaan 59401 ', '0291 ? 591156, 591238, fax 591339', 0.000000, 0.000000, 7),
(195, 'Kabupaten Rembang ', 'Dinas Pariwisata Kebudayaan Pemuda dan Olahraga ', 'Jl. Diponerogo 77 Rembang ', '0295 ? 691911', -6.704174, 111.341042, 7),
(196, 'Kabupaten Magelang ', 'Dinas Pendidikan Pemuda dan Olahraga ', 'Jl. Letnan Tukiyat Kota Mungkit ', '0293 ? 788894, 788224', -7.570367, 110.224464, 7),
(197, 'Kabupaten Temanggung ', 'Dinas Pendidikan Pemuda dan Olahraga ', 'Jl. Jend Sudirman 23 Temanggung ', '0293 ? 491198', -7.317529, 110.182007, 7),
(198, 'Kabupaten Purworejo ', 'Dinas Pendidikan dan Kebudayaan', 'Jl. Mayjen Sutoyo No.69 ', '0275 ? 321112', -7.714386, 110.006317, 7),
(199, 'Kabupaten Blora ', 'Dinas Pendidikan Pemuda dan Olahraga ', 'Jl. Ahmad Yani no. 42, Blora ', '0296 - 531237,532149', -6.963393, 111.423683, 7),
(200, 'Kota Magelang ', 'Dinas Pemuda Olahraga Kebudayaan dan Pariwisata', 'Jl. Jend. Sudirman no.46 Magelang ', '0293 ? 360822', -7.495340, 110.223511, 7),
(201, 'Kabupaten Wonosobo ', 'Dinas Pendidikan Pemuda dan Olahraga ', 'Jl. Letjen S. Parman no.8B 56331 ', '0286 ? 321078, Fax 321078', -7.363209, 109.900177, 7),
(202, 'Kabupaten Kebumen ', 'Dinas Pendidikan Pemuda dan Olahraga ', 'Jl. Pahlawan no.173-175 54311 ', '0287 ? 381289, 381447', -7.668056, 109.652458, 7),
(203, 'Kota Surakarta ', 'Dinas Pendidikan Pemuda dan Olahraga ', 'Jl. Hasanudin No. 112 Surakarta 57132 ', '0271 ? 719873,727127', -7.668056, 109.652458, 7),
(204, 'Kabupaten Wonogiri ', 'Dinas Kebudayaan Pariwisata Pemuda dan Olahraga', 'Jl. Jend Sudirman No.61 Wonogiri ', '0273 ? 321058, Fax 321058', -7.668056, 109.652458, 7),
(205, 'Kabupaten Sukoharjo ', 'Dinas Pemuda Olahraga Pariwisata dan Kebudayaan ', 'Jl. Veteran no.9 Sukoharjo 57511 ', '0271 ? 593023', -7.668056, 109.652458, 7),
(206, 'Kabupaten Sragen ', 'Dinas Pariwisata Kebudayaan Pemuda dan Olahraga', 'Jl. Dr Sutomo No 2A Beloran ', '0271-891052', -7.668056, 109.652458, 7),
(207, 'Kabupaten Boyolali ', 'Dinas Pendidikan Pemuda dan Olahraga ', 'Jl. Pandanaran No.230 Boyolali ', '0276 ? 312048', -7.668056, 109.652458, 7),
(208, 'Kabupaten Karanganyar', 'Dinas Pendidikan Pemuda dan Olahraga ', 'Komplek Perkantoran cangahan Jl lawu', '0271 - 495014; 495041 Fax. 0271- 495041, 494522', -7.668056, 109.652458, 7),
(209, 'Kabupaten Klaten', 'Dinas Pendidikan Pemuda dan Olahraga ', 'Jl. Sulawesi No.37 , 57413 ', '0272 ? 328055', -7.668056, 109.652458, 7),
(210, 'Kabupaten Banyumas', 'Dinas Pemuda dan Olahraga ', 'Jl. Prof. Dr. Suharso No.47 Purwokerto ', '0281 ? 637629', -7.668056, 109.652458, 7),
(211, 'Kabupaten Kendal ', 'Dinas Pendidikan Pemuda dan Olahraga ', 'Jl. Pramuka No.5 Kendal ', '0294 ? 381457,0294 382440', -7.668056, 109.652458, 7),
(212, 'Kabupaten Kulon Progo ', 'Dinas Pendidikan ', 'Jl Sutijab,Gowok,Wates Kulon Progo ', '0274 ? 773916', -7.668056, 109.652458, 8),
(213, 'Kabupaten Gunung Kidul ', 'Dinas Pendidikan,Pemuda dan Olahraga', 'Jl. Ki Hajar Dewantara Baleharjo Wonosari ', '0274 ? 391191', -7.668056, 109.652458, 8),
(214, 'Kota Yogyakarta ', 'Dinas Pendidikan ', 'Jl. Hayam Wuruk 11 ', '0274 ? 512956', -7.668056, 109.652458, 8),
(215, 'Kabupaten Sleman  ', 'Dinas Pendidikan', 'Jl. Parasarnya', '0274 ? 868512', -7.668056, 109.652458, 8),
(216, 'Kabupaten Bantul ', 'Kantor Pemuda dan Olahraga ', 'Jl. Ir. Juanda no.103 Bantul ', '0274 ? 368621', -7.668056, 109.652458, 8),
(217, 'Kota Lamongan ', 'Dinas Pemuda dan Olahraga', 'Jl. Kusuma Bangsa 32 ', '0322 ? 312662', -7.668056, 109.652458, 9),
(218, 'Kota Malang ', 'Dinas Kepemudaan dan Olahraga', 'Jl. Tenis Stadion Gajayana, Malang ', '0341 ? 324372, fax 324375', 0.000000, 0.000000, 9),
(219, 'Kabupaten Pamekasan ', 'Dinas Pemuda Olahraga Kebudayaan ', 'Jl. Pamong Praja 1 ', '0324 ? 322276', -7.270426, 112.746338, 9),
(220, 'Kota Surabaya ', 'Dinas Pemuda dan Olahraga', 'Jl. Jimerto 25-27 ', '031 ? 5312144', -7.274217, 112.719086, 9),
(221, 'Kota Mojokerto  ', 'Dinas Pendidikan dan Kebudayaan', 'Jl. PB Sudirman 40', '0321 ? 322109', -7.469184, 112.434929, 9),
(222, 'Kota Madiun', 'Dinas Pendidikan dan Kebudayaan', 'Jl. Mastrip 21 ', '0351 ? 462247', -7.469184, 112.434929, 9),
(223, 'Kabupaten Tulungagung ', 'Dinas Kebudayaan Pariwisata Pemuda dan Olahraga', 'Jl. A. Yani Timur IV/7 ', '0355 ? 321962', -7.632553, 111.530464, 9),
(224, 'Kabupaten Sidoarjo ', 'Dinas Pariwisata Kebudayaan Pemuda dan Olahraga', 'Jl. Sultan Agung No.34 ', '031 ? 8941104', -7.447376, 112.716049, 9),
(225, 'Kota Probolinggo ', 'Dinas Pariwisata Kebudayaan Pemuda dan Olahraga', 'Jl. Hayam Wuruk 57 ', '0335 ? 432658', -7.751486, 113.227379, 9),
(226, 'Kota Blitar ', 'Dinas Kepemudaan dan Keolahragaan ', 'Jl. Dr. Sutomo 42 ', '0342 801080', -8.096939, 112.178741, 9),
(227, 'Kabupaten Nganjuk ', 'Dinas Pendidikan Pemuda dan Olahraga', 'Jl. Dermojoyo 19 Nganjuk ', '0358 ? 321667', -7.610776, 111.900970, 9),
(228, 'Kota Kediri ', 'Dinas Kepemudaan dan Keolahragaan ', 'Jl. Diponegoro No.9 ', '0354 ? 682638', -7.811241, 112.011986, 9),
(229, 'Kabupaten Ngawi ', 'Dinas Kebudayaan Pemuda dan Olahraga ', 'Jl. Teuku Umar No.12 ', '0351 - 7795891', -7.517007, 111.492485, 9),
(230, 'Kabupaten Pacitan ', 'Dinas Kebudayaan Pariwisata Pemuda dan Olahraga', 'Jl. S. Parman ', '0357 ? 884535', -8.192673, 111.098686, 9),
(231, 'Kabupaten Lumajang ', 'Kantor Pemuda dan Olahraga', 'Jl. Gadjah Mada 1 ', '0334 ? 888396', -8.192673, 111.098686, 9),
(232, 'Kabupaten Bondowoso ', 'Dinas Pariwisata Kebudayaan Pemuda dan Olahraga', 'jl. Dr. Sutomo 8 ', '0332 ? 427424', -7.916327, 113.818497, 9),
(233, 'Kabupaten Situbondo  ', 'Dinas Pendidikan ', 'Jl. Madura 55A', '0338 ? 671120,67137', -7.710681, 114.012314, 9),
(234, 'Kabupaten Jember ', 'Kantor Pemuda dan Olahraga', 'Jl. PB Sudirman 10 ', '08123540038', -8.168822, 113.700836, 9),
(235, 'Kabupaten Banyuwangi ', 'Dinas Pendidikan ', 'Jl. KH. Agus Salim 5 ', '0333 ? 424680', -8.228685, 114.361244, 9),
(236, 'Kabupaten Bangkalan ', 'Dinas Pemuda Olahraga Kebudayaan dan Pariwisata', 'Jl. Soekarno hatta 39A ', '031 ? 3097065', -7.048719, 112.734268, 9),
(237, 'Kabupaten Magetan ', 'Dinas Pariwisata Kebudayaan Pemuda dan Olahraga', 'Jl. Tripandita I ', '0351 - 891831', 0.000000, 0.000000, 9),
(238, 'Kabupaten Sampang ', 'Dinas Kebudayaan Pariwisata Pemuda dan Olahraga', 'Jl. Wahid Hasyim 23 ', '0323 ? 321059', -7.190081, 113.246277, 9),
(239, 'Kabupaten Sumenep ', 'Dinas Pendidikan dan Kebudayaan', 'Jl. Cipto ', '0328 ? 663339', -7.190081, 113.246277, 9),
(240, 'Kabupaten Gresik ', 'Dinas Pariwisata Kebudayaan Pemuda dan Olahraga', 'Jl. AR Hakim No.2 ', '031 ? 3981315', -7.014430, 113.862373, 9),
(241, 'Kabupaten Tuban ', 'Dinas Pendidikan Pemuda dan Olahraga', 'Jl. Dr. Wahidin sh ', '0356 ? 321250', -6.899043, 112.045067, 9),
(242, 'Kabupaten Bojonegoro ', 'Dinas Pendidikan ', 'Jl. panglima Polim 36 ', '0353 ? 881257', -7.166554, 111.876755, 9),
(243, 'Kota Pasuruan ', 'Kantor Pariwisata kebudayaan Pemuda dan Olahraga', 'Jl. Sultan Agung No.36 ', '0343 422135', -7.662865, 112.904594, 9),
(244, 'Kota Batu ', 'Dinas Pariwisata Kebudayaan pemuda dan Olahraga', 'Jl. Sultan Agung No.8 ', '0341 ? 5025584', -7.880356, 112.527687, 9),
(245, 'Kabupaten Mojokerto ', 'Dinas Pendidikan ', 'Jl. Jaya Negara 4 ', '0321 ? 322244', -7.482777, 112.439812, 9),
(246, 'Kabupaten Kediri ', 'Dinas Pemuda Olahraga dan Kebudayaan ', 'Jl. Airlangga Paron ', '0354 ? 682997', -7.814068, 112.056007, 9),
(247, 'Kabupaten Malang ', 'Dinas Pemuda Olahraga Sosial dan Ketenagakerjaan', 'Jl. Trunojoyo 66A ', '0341 ? 399909', -7.270426, 112.746338, 9),
(248, 'Kabupaten Blitar ', 'Dinas Pemuda Olahraga Kebudayaan dan Pariwisata', 'Jl. Jaksa Agung Suprapto 49 ', '0342 ? 801025', 0.000000, 0.000000, 9),
(249, 'Kabupaten Madiun ', 'Dinas Pendidikan Pemuda dan Olahraga', 'Jl. Alun-Alun 4 ', '0351 ? 457595', -7.628445, 111.515968, 9),
(250, 'Kabupaten Probolinggo ', 'Dinas Pemuda dan Olahraga', 'Jl. Raya Dringu 81 ', '0335 ? 436958', -7.769625, 113.250648, 9),
(251, 'Kabupaten Pasuruan ', 'Dinas Pemuda Olahraga Kebudayaan dan Pariwisata', 'Jl. Dr. Wahidin SH ', '0343 ? 421898', 0.000000, 0.000000, 9),
(252, 'Kabupaten Jombang ', 'Bagian Kesejahteraan Rakyat Sekretariat Daerah kab. Madiun', 'Jl. Gatot Subroto 61 ', '0321 ? 861551', -8.255281, 113.343300, 9),
(253, 'Kabupaten Trenggalek ', 'Kantor Pemuda dan Olahraga', 'Jl. Brigjen Sutran ', '0355 ? 793449', -8.136162, 111.618942, 9),
(254, 'Kabupaten Ponorogo ', 'Dinas Pendidikan', 'Jl. Gondosuli ', '0352 ? 481479', -7.862403, 111.477104, 9),
(255, 'Kabupaten Serang ', 'Dinas Pemuda Olahraga budaya dan Pariwisata', 'Jl. Yusup martadilaga No.58 ', '0254 ? 200010,200010', -6.121971, 106.155540, 4),
(256, 'kabupaten Tangerang ', 'Dinas Pemuda Olahraga Kebudayaan dan Pariwisata ', 'Jl. Mayjen Sutoyo No.11 Tanggerang ', '021 5530929, fax 5530932', -6.171948, 106.634010, 4),
(257, 'kota cilegon ', 'Dinas Pemuda Olahraga Kebudayaan dan Pariwisata ', 'JL Gedung Cisadane lantai I Jl KS Tubun no1 ', '021 - 5576733', 0.000000, 0.000000, 4),
(258, 'Kota serang ', 'Dinas Pemuda Olahraga Kebudayaan dan Pariwisata ', 'Jl Saleh Baimuh no 38 cimuncang 42117 ', '021 - 200629', 0.000000, 0.000000, 4),
(259, 'Kota cilegon ', 'Dinas Pemuda dan Olahraga ', 'Jl Komp Taman Cilegon Indah blok C11 no 25 ', '0254 - 376728', -6.040593, 106.071060, 4),
(260, 'kota Tangerang Selatan ', 'Dinas Pendidikan dan Pemuda Olahraga ', 'Jl Siliwangi No 1 Kota Tanggerang Selatan', '', 0.000000, 0.000000, 4),
(261, 'kabupaten Pandeglang ', 'Dinas Pemuda dan Olahraga', 'Jl. Stadion Badak Majasari kantor pusda ', '0253 ? 24330, 20330', 0.000000, 0.000000, 4),
(262, 'kabupaten lebak ', 'Dinas Pemuda Olahraga Kebudayaan dan Pariwisata ', '', '0252 ? 201072,201001', -6.351767, 106.249657, 4),
(263, 'Kabupaten Buleleng ', 'Dinas Pendidikan ', 'Jl. Pahlawan No.5 Singaraja ', '0362 ? 22442, 21484', -8.124944, 115.089600, 10),
(264, 'Kabupaten Jembrana ', 'Dinas Pendidikan Kebudayaan dan Olahraga', 'Jl. Surapati No.1 Negara ', '0365 ? 41210,41010', -8.357408, 114.636948, 10),
(265, 'Kabupaten Badung ', 'Dinas Pendidikan Pemuda dan Olahraga', 'Jl. A. Yani 112 Denpasar ', '0361 - 422224,428410', 0.000000, 0.000000, 10),
(266, 'Kabupaten Tabanan ', 'Dinas Pendidikan Pemuda dan Olahraga', 'Jl. Gatsu II Sanggulan Kediri ', '0361 ? 811643,810796', -8.603596, 115.179924, 10),
(267, 'Kota Denpasar ', 'Dinas Pendidikan Pemuda dan Olahraga', 'Jl Mawar Denpasar ', '0361 - 236151,236151', -8.653331, 115.223351, 10),
(268, 'Kabupaten Gianyar ', 'Dinas Pendidikan Pemuda dan Olahraga', 'Jl. Erlangga 1 Gianyar ', '0361 ? 943121,943178', -8.512344, 115.336868, 10),
(269, 'Kabupaten Bangli ', 'Dinas Pendidikan Pemuda dan Olahraga', 'Jl. Brigjen Ngurah Rai 82 Bangli ', '0366 ? 91124, 91126', -8.463437, 115.352882, 10),
(270, 'Kabupaten Klungkung ', 'Dinas Pendidikan Pemuda dan Olahraga', 'Jl. Ngurah Rai Klungkung ', '0366 ? 21197,25877', -8.560944, 115.376175, 10),
(271, 'Kabupaten Karangasem ', 'Dinas Pendidikan Pemuda dan Olahraga', 'Jl. Untung Surapati Amlapura ', '0363 ? 21173, 23455', -8.561630, 115.387459, 10),
(272, 'Kabupaten Sumbawa', 'Dinas Pendidikan Pemuda dan Olahraga', 'Jl. Manggis No. 2, Sumbawa Besar 84317', '(0371)21213', -8.492790, 117.424995, 11),
(273, 'Kabupaten Sumbawa Barat ', 'Dinas Pendidikan Pemuda dan Olahraga', 'Jl. Melati Komplek SDN 3 Taliwang 84355', '(0372) 81792', -8.711529, 116.920494, 11),
(274, 'Kabupaten Alor', 'Dinas Pemuda dan Olahraga', 'Jl. Soekarno Hatta ', '0386 - 21859', 0.000000, 0.000000, 12),
(275, 'Kota Kupang ', 'Dinas Pendidikan ', 'Jl. Perintis kemerdekaan no 1 ', '0380 - 838204', -10.165838, 123.623131, 12),
(276, 'Kabupaten Kupang ', 'Dinas Pendidikan Nasional', 'Jl. Tompelo ', '0380 - 822667', -10.164032, 123.584702, 12),
(277, 'Kabupaten Timor Tengah Selatan  ', 'Dinas Pendidikan Pemuda dan Olahraga', 'Jl. Gunung Mollo no 11', '0388 - 21866', 0.000000, 0.000000, 12),
(278, 'Kabupaten Timor Tengah Utara ', 'Dinas Pendidikan Pemuda dan Olahraga', 'Jl.Sudirman ', '0388 - 31145', 0.000000, 0.000000, 12),
(279, 'Kabupaten Belu ', 'Dinas Pendidikan Pemuda dan Olahraga', 'Jl. El Tari ', '0389 - 21038', 0.000000, 0.000000, 12),
(280, 'Kabupaten Flores Utara ', 'Dinas Pendidikan Pemuda dan Olahraga', '', '0383 - 21147', 0.000000, 0.000000, 12),
(281, 'Kabupaten Sikka ', 'Dinas Pendidikan ', 'Jl. Mawar no 12', '0383 - 21190', -8.620653, 122.214874, 12),
(282, 'Kabupaten Ende ', 'Dinas Pendidikan Pemuda dan Olahraga', 'Jl Mohoni ', '0381 - 22531', 0.000000, 0.000000, 12),
(283, 'Kabupaten Ngada ', 'Dinas Pendidikan Pemuda dan Olahraga', 'Jl. Soekarno Hatta, Bajawa 86615', '(0384)21423', -8.786800, 120.976067, 12),
(284, 'Kabupaten Manggarai ', 'Dinas Pendidikan dan Kebudayaan', 'Jl. A.Yani no.15 ', '0385 - 21863', 0.000000, 0.000000, 12),
(285, 'Kabupaten Manggarai Barat ', 'Dinas Pendidikan Pemuda dan Olahraga', 'Jl. Termanu ', '0385 - 41516', 0.000000, 0.000000, 12),
(286, 'Kabupaten Manggarai Timur', 'Dinas Pendidikan Pemuda dan Olahraga', '', '', 0.000000, 0.000000, 12),
(287, 'Kabupaten Sumba Timur ', 'Dinas Pendidikan,Kebudayaan Pemuda dan Olahraga', 'Jl. Soeharto no.50 ', '0387 - 61213', 0.000000, 0.000000, 12),
(288, 'Kabupaten Sumba Barat ', 'Dinas Pemuda dan Olahraga', 'Jl. Basuki Rahmat no 39 ', '0387 - 21467', 0.000000, 0.000000, 12),
(289, 'Kabupaten Rote Ndao ', 'Dinas Pendidikan Pemuda dan Olahraga', 'Jl. Lekunik ', '0380 - 871456', 0.000000, 0.000000, 12),
(290, 'Kabupaten Sumba Tengah ', 'Dinas Pendidikan Pemuda dan Olahraga', 'Jl.Waibakul', '', 0.000000, 0.000000, 12),
(291, 'Kabupaten Sumba Barat Daya', 'Dinas Pendidikan Pemuda dan Olahraga', '', '', 0.000000, 0.000000, 12),
(292, 'Kabupaten Nagakeo', 'Dinas Pendidikan Pemuda dan Olahraga', '', '', 0.000000, 0.000000, 12),
(293, 'Kabupaten Lembata ', 'Dinas Pendidikan, Kebudayaan Pemuda dan Olahraga', 'Jl. Soekarno hatta ', '0383 - 41092', 0.000000, 0.000000, 12),
(294, 'Kabupaten Sambas ', 'Dinas Pemuda Olahraga Kebudayaan dan Pariwisata', 'Jl Pembanguna Sambas ', '081352491568', 1.361942, 109.325165, 13),
(295, 'Kabupaten Sanggau ', 'Dinas Pendidikan Pemuda dan Olahraga', 'Jl. Jend Sudirman No.21 Sanggau ', '0564 ? 21120', 0.126089, 110.569817, 13),
(296, 'Kabupaten Pontianak ', 'Dinas Pariwisata Kebudayaan Pemuda dan Olahraga', 'Jl. R. Kusno No.3 Mempawah ', '0561 ? 691055', 0.358201, 108.961266, 13),
(297, 'Kabupaten Ketapang ', 'Dinas Pariwisata Kebudayaan Pemuda dan Olahraga', 'Jl. Jend Sudirman No.61 Ketapang ', '0534? 32072', -1.845389, 109.978195, 13),
(298, 'Kabupaten Sintang ', 'Dinas Pendidikan Bag. Pemuda dan Olahraga', 'Jl.DR.Wahidin Sudirohusodo Sintang ', '0565 ? 21605', 0.000000, 0.000000, 13),
(299, 'Kabupaten Kapuas Hulu ', 'Dinas Pendidikan ', 'Jl Danau Luar No 10 Putussibau ', '0567 - 21092', 0.862394, 112.906494, 13),
(300, 'Kabupaten Landak ', 'Dinas Pariwisata Kebudayaan Pemuda dan Olahraga', 'Jl Veteran ', '081345743057', 0.000000, 0.000000, 13),
(301, 'Kabupaten Bengkayang ', 'Bagian Pemuda dan Olahraga', 'Jl Gereja No 40 ', '081352650053', 0.000000, 0.000000, 13),
(302, 'Kabupaten Melawi ', 'Dinas Kebudayaan Pariwisata Pemuda dan Olahraga ', 'Jl. Dusun Sidomulyo nanga pinoh ', '081345402156,0568 ? 22221', 0.000000, 0.000000, 13),
(303, 'Kabupaten Sekadau ', 'Dinas Pendidikan Kebudayaan Pemuda dan Olahraga', 'Jl. Raya Sintang Setda Kab Sekadau ', '0564? 41804', 0.000000, 0.000000, 13),
(304, 'Kabupaten Kayong Utara ', 'Dinas Pendidikan Kebudayaan Pemuda dan Olahraga', 'Jl. Raya Sukadana ', '081345150120', 0.000000, 0.000000, 13),
(305, 'Kabupaten Kubu Raya  ', 'Dinas Pariwisata Kebudayaan Pemuda dan Olahraga', 'Jl. Arteri Supadio Sei Rayaa', '0561 ? 733744', 0.862394, 112.906494, 13),
(306, 'Kota Pontianak', 'Dinas Pemuda dan Olahraga', ' Jl. Gusti Sulung Lelenang ', '0561 - 732511', 0.862394, 112.906494, 13),
(307, 'Kota Singkawang ', 'Dinas Pemuda Olahraga Kebudayaan dan Pariwisata', 'Jl. Firdaus Singkawang ', '0562 - 631423', 0.000000, 0.000000, 13),
(308, 'Kota Palangkaraya ', 'Dinas Pendidikan Pemuda dan Olahraga', 'Jl. R.A. Kartini No 1, Palangkaraya ', '0536 - 322372,3221654', 0.862394, 112.906494, 14),
(309, 'Kabupaten Murung Raya ', 'Dinas Pendidikan Kebudayaan', 'Jl. Letjen R.Suprapto Puruk Cahu ', '0528 - 31683', 0.000000, 0.000000, 14),
(310, 'Kabupaten Kotawaringin Timur ', 'Dinas Pendidikan Pemuda dan Olahraga', 'Jl. Jendral Sudirman Km7 ', '0531 ? 21426', 0.000000, 0.000000, 14),
(311, 'Kabupaten Kotawaringin Barat ', 'Dinas Pariwisata Pemuda dan Olahraga', 'Jl. Sutan Syahrir No.60 Pangkalanbun ', '0532 ? 21421, fax 24935', 0.000000, 0.000000, 14),
(312, 'Kabupaten kapuas ', 'Dinas Pendidikan Pemuda dan Olahraga', 'Jl. A. Yani No.25 Kuala Kapuas', '0513 ? 22360', 0.000000, 0.000000, 14),
(313, 'Kabupaten Barito Selatan ', 'Dinas Pendidikan dan Pengajaran Kab. Kotawaringin Barat', 'Jl. Pelita RayaNo.1 ', '0525 ? 21450', 0.000000, 0.000000, 14),
(314, 'Kabupaten Barito Timur ', 'Dinas Pendidikan Nasional', 'Jl Nan Sarunai ', '0526 - 2091554', 0.000000, 0.000000, 14),
(315, 'Kabupaten Barito Utara ', 'Dinas Pemuda Olahraga Kebudayaan dan Pariwisata', 'Jl. Pramuka No.23A Muara Taweh ', '0519 ? 21383, fax 21229', 0.000000, 0.000000, 14),
(316, 'Kabupaten Katingan ', 'Dinas Pendidikan Pemuda dan Olahraga', 'Jl. Katunen No.15 ', '0536 ? 3307671,4042079', 0.000000, 0.000000, 14),
(317, 'Kabupaten Pulang Pisang ', 'Dinas Pendidikan Kab. Barito Utara', 'Jl. Trans / Mantaren ', '0513 ? 61229', 0.000000, 0.000000, 14),
(318, 'Kabupaten Lamandau ', 'Dinas Pemuda Olahraga Kebudayaan dan Pariwisata', 'Jl. Bukit Hibul Nanga Bulik ', '0532 ? 2071048,2071053', 0.000000, 0.000000, 14),
(319, 'Kabupaten Gunung Mas ', 'Dinas Pendidikan Kebudayaan dan Pariwisata', 'Jl. WR Supratman ', '0537 ? 31512, fax 31122', 0.000000, 0.000000, 14),
(320, 'Kabupaten Sukamara ', 'Dinas Pendidikan dan Kebudayaan ', 'Jl. Cilik Riwut km.8 ', '0532 ? 26105', 0.000000, 0.000000, 14),
(321, 'Kota Seruyan ', 'Dinas Pendidikan Kebudayaan Pariwisata dan Olahraga', 'Jl. A.Yani ', '0538 ? 2707643,2022101', 0.000000, 0.000000, 14),
(322, 'Kabupaten Tanah Laut ', 'Dinas Kebudayaan Pemuda dan Olahraga', 'Jl. Datu insad Komplek Perkantoran gagas pelaihari ', '0512 ? 21178', 0.862394, 112.906494, 15),
(323, 'Kabupaten Kota Baru ', 'Dinas Pemuda Olahraga Kebudayaan dan Pariwisata', 'Jl. P Indra Kesuma Negara ', '0518 ? 21957 fax 21438', 0.000000, 0.000000, 15),
(324, 'Kabupaten Banjar ', 'Dinas Kebudayaan Pariwisata Pemuda dan Olahraga', 'Jl. Mantri Empat No.46 ', '0511 ? 4721279', 0.000000, 0.000000, 15),
(325, 'Kabupaten Barito Kuala ', 'Dinas Pariwisata Seni dan Kebudayaan', 'Jl. Lap. 5 Desember no.81 Marabahan ', '0511-4799497 fax 4799584', 0.000000, 0.000000, 15),
(326, 'Kabupaten Tapin ', 'Dinas Pemuda Olahraga Kebudayaan dan Pariwisata', 'Jl. Pembangunan No.3 Rantau ', '0517 ? 31037,fax 21435', 0.000000, 0.000000, 15),
(327, 'Kabupaten Hulu Sungai Selatan ', 'Dinas Pariwisata dan Kebudayaan', 'Jl. Jend Sudirman No.26 Kandangan ', '0517 ? 21363,fax 21363', 0.000000, 0.000000, 15),
(328, 'Kabupaten Hulu Sungai Tengah ', 'Dinas Pemuda Olahraga Kebudayaan dan Pariwisata', 'Jl. Perwira No.2 Barabai ', '0517 ? 43047, fax 21435', 0.000000, 0.000000, 15),
(329, 'Kabupaten Hulu Sungai Utara ', 'Dinas Tata Kota, Kebersihan dan Pariwisata Kab. Hulu Sungai Utara', 'Jl. Norman Umar No.43A Amuntai ', '0527 ? 62180,fax 63101', 0.000000, 0.000000, 15),
(330, 'Kabupaten Tabalong ', 'Dinas Perhubungan dan Pariwiasata', 'Jl. Ir. P. H. M. Noor No.13 Pembataan Tanjung ', '0526 ? 2021383,fax 2021058', 0.000000, 0.000000, 15),
(331, 'Kabupaten Balangan ', 'Dinas Pemuda Olahraga Kebudayaan dan Pariwisata', 'Jl. A. Yani Km 1.5 RT VI paringin ', '0811511439,fax 2028192', 0.000000, 0.000000, 15),
(332, 'Kota Banjarmasin ', 'Dinas Kebudayaan Pariwisata Pemuda dan Olahraga', 'Jl. RE Martadinata No.1 Banjarmasin ', '0511 ? 3364082', 0.000000, 0.000000, 15),
(333, 'Kota Banjarbaru ', 'Dinas Kebudayaan dan Pariwisata', 'Jl Pangeran Suriansyah Banjarbaru ', '0511 - 4772924', 0.862394, 112.906494, 15),
(334, 'Kabupaten Tanah Bumbu ', 'Dinas Kebudayaan dan Pariwisata', 'Jl. Brigjen H. Hasan Basri Pagatan ', '0518 ? 7708538,fax 39499', 0.000000, 0.000000, 15),
(335, 'Kabupaten Kurtanegara ', 'Dinas Pemuda dan Olahraga', 'Jl Mulawarman ', '0541 - 661185', 0.000000, 0.000000, 19),
(336, 'Kabupaten Malinau ', 'Dinas Pemuda dan Olahraga', 'Komp Perkantoran Bupati ', '0553 ? 21265', 0.000000, 0.000000, 19),
(337, 'Kabupaten Paser ', 'Dinas Pemuda dan Olahraga', 'Jl. Jend A. Yani ', '0543 ? 21096', 0.000000, 0.000000, 19),
(338, 'Kabupaten Penajam Paser Utara ', 'Dinas Pendidikan', 'Jl Provinsi Km 9 ', '081346642780', 0.000000, 0.000000, 19),
(339, 'Kabupaten Berau ', 'Dinas Kebudayaan Pariwisata Pemuda dan Olahraga', 'Jl. Pemuda ', '0554 ? 2027944', 0.000000, 0.000000, 19),
(340, 'Kabupaten Bulungan ', 'Dinas Pendidikan Pemuda dan Olahraga', 'Jl. Skip II ', '0552 ? 21162', 0.000000, 0.000000, 19),
(341, 'Kabupaten Nunukan ', 'Dinas Pemuda dan Olahraga', 'Jl. P. Antasari No.88 ', '0556 - 22829', 0.000000, 0.000000, 19),
(342, 'Kabupaten Kutai Barat ', 'Dinas Pendidikan Pemuda dan Olahraga', 'Komp Perkantoran Bupati ', '081346642780', 0.000000, 0.000000, 19),
(343, 'Kabupaten Kutai Timur ', 'Dinas Kebudayaan Pariwisata Pemuda dan Olahraga', 'Jl. Yos Sudarso II Rt 1', '', 0.000000, 0.000000, 19),
(344, 'Kabupaten Tanah Tidung ', 'Dinas Pemuda Olahraga Kebudayaan dan Pariwisata', 'Jl. Perintis T .Pale ', '0553 - 2022506', 0.000000, 0.000000, 19),
(345, 'Kota Samarinda ', 'Dinas Kebudayaan Pariwisata Pemuda dan Olahraga', 'Jl. Dahlia No.79 ', '0541 - 735480', 0.862394, 112.906494, 19),
(346, 'Kota Tarakan ', 'Dinas Kebudayaan Pariwisata Pemuda dan Olahraga ', 'Jl. Jend. Sudirman 76 ', '0551 ? 32100', 0.862394, 112.906494, 19),
(347, 'Kota Bontan ', 'Dinas Pemuda dan Olahraga', 'Wr Supratman No 21 ', '0548 - 3033054', 0.000000, 0.000000, 19),
(348, 'Kota Balikpapan ', 'Dinas Pendidikan Pemuda dan Olahraga', 'Jl. Ruhui Rahayu', '', 0.000000, 0.000000, 19),
(349, 'Kota Manado ', 'Dinas Pemuda dan Olahraga', 'Jl. Balai Kota kec. Tikala', '', 1.000000, 124.000000, 22),
(350, 'Kota Kotamogabo ', 'Dinas Pendidikan Pemuda dan Olahraga ', 'Jl A.Yani No 2 Kotamogabo ', '0434 - 22843', 0.740695, 124.000000, 22),
(351, 'Kabupaten Minahasa ', 'Dinas Pendidikan Pemuda dan Olahraga ', 'Jl. Gunung Agung Rinegetan Tondano ', '0431 - 3174669', 0.000000, 0.000000, 22),
(352, 'Kota Bitung ', 'Dinas Pendidikan Pemuda dan Olahraga ', 'Jl. Sam Ratulangi No.45 Bitung ', '0438 ? 31882', 1.000000, 125.000000, 22);
INSERT INTO `tbl_kabupaten` (`id_kabupaten`, `kabupaten`, `kedinasan`, `alamat`, `telp`, `lat`, `lng`, `id_propinsi`) VALUES
(353, 'Kota Tomohon  ', 'Dinas Pendidikan Pemuda dan Olahraga ', 'Pasianten 2 Ling 6 Tomohon Timur 95446', '0431 ? 353073', 0.000000, 0.000000, 22),
(354, 'Kabupaten Minahasa Utara ', 'Dinas Pendidikan Pemuda dan Olahraga ', 'Jl. A. Mononutu Srongsong 2 95371 ', '0431 ? 893136', 0.000000, 0.000000, 22),
(355, 'Kabupaten Minahasa Selatan ', 'Dinas Pendidikan Pemuda dan Olahraga ', 'Jl. Trans Sulawesi Kel. Bitung Amurang ', '0430 ? 21233', 0.000000, 0.000000, 22),
(356, 'Kabupaten Minahasa Tenggara ', 'Dinas Pendidikan Pemuda dan Olahraga ', 'Jl. Wenas Kel. Tosuraya Ratahan 9569', '', 1.000000, 124.000000, 22),
(357, 'Kabupaten Bolaang Mongondow Utara ', 'Kantor Pemuda dan Olahraga', 'Jl. ksatria kotamobagu ', '0434 ? 21097', 0.000000, 0.000000, 22),
(358, 'Kabupaten Bolmong Timur ', 'Disdikbud dan Olahraga Kab. Bolmong Timur', 'Jl. Trans Sulawesi Kec. Tutuyan ', '081398660375', 0.000000, 0.000000, 22),
(359, 'Kabupaten Bolmong Selatan ', 'Dinas Pendidikan Pemuda dan Olahraga ', 'Komplek Perkantoran Bolaang uki ', '081356132775', 0.000000, 0.000000, 22),
(360, 'Kabupaten Bolmong Utara ', 'Dinas Pendidikan Pemuda dan Olahraga ', 'Jl. Siswa Boroko Timur 95765', '', 0.000000, 0.000000, 22),
(361, 'Kabupaten Talaud ', 'Dinas Pendidikan Pemuda dan Olahraga ', 'Komplek perkantoran pemkab Talaud', '', 0.000000, 0.000000, 22),
(362, 'Kabupaten Sangihe ', 'Dinas Pendidikan Pemuda dan Olahraga ', 'Jl. baru Tona Tahuma 95815 ', '0432 ? 21701', 0.000000, 0.000000, 22),
(363, 'Kabupaten Sitaro ', 'Dinas Pendidikan Pemuda dan Olahraga ', 'Jl. raya ondong kec. Silau barat 95862 ', '0431 ? 893136', 0.000000, 0.000000, 22),
(364, 'Kabupaten Banggai ', 'Dinas Pendidikan ', 'Luwuk', '', 0.000000, 0.000000, 20),
(365, 'Kabupaten Poso ', 'Dinas Pemuda Olahraga dan Pariwisata ', 'Poso', '', 0.000000, 0.000000, 20),
(366, 'Kabupaten Donggala ', 'Kantor Pemuda dan Olahraga ', 'Banawa', '', 0.000000, 0.000000, 20),
(367, 'Kabupaten Toli-toli ', 'Dinas Pendidikan ', 'Toli-Toli', '', 0.000000, 0.000000, 20),
(368, 'Kabupaten Buol ', 'Dinas Pendidikan ', 'Buol', '', 0.000000, 0.000000, 20),
(369, 'Kabupaten Morowati ', 'Dinas Pendidikan ', 'Bungku', '', -2.000000, 121.000000, 20),
(370, 'Kabupaten Banggai Kepulauan ', 'Dinas Pendidikan ', 'Banggai', '', 0.000000, 0.000000, 20),
(371, 'Kabupaten Parigi Montong ', 'Dinas Pemuda Olahraga Pariwisata dan Kebudayaan ', 'Parigi', '', 0.000000, 0.000000, 20),
(372, 'Kabupaten Tojo Una-Una ', 'Dinas Pendidikan ', 'Ampana', '', 0.000000, 0.000000, 20),
(373, 'Kota Palu ', 'Dinas Pemuda dan Olahraga', 'Kompleks Bambaru', '', 0.000000, 0.000000, 20),
(374, 'Kota Palopo ', 'Dinas Pemuda Olahraga', 'Jl H.M Hasyim No 1 ', '0471 - 326086', -2.000000, 120.000000, 16),
(375, 'Kota Makassar ', 'Dinas Pendidikan', 'Jl Jend Hertasning ', '0411 - 868075,869256', -5.000000, 119.000000, 16),
(376, 'Kabupaten Soppeng  ', 'Dinas Pendidikan ', 'Jl. Ksatria Wattan Soppeng', '0484 ? 21506', 0.000000, 0.000000, 16),
(377, 'Kabupaten Selayar ', 'Dinas Pendidikan', 'Jl. Fatmawati No.3 Benteng ', '0414 ? 21199,21470', 0.000000, 0.000000, 16),
(378, 'Kabupaten Luwu Timur ', 'Dinas Pendidikan ', 'Jl. A. Yani malik Puncak Indah Malili ', '0474 ? 321425', 0.000000, 0.000000, 16),
(379, 'Kabupaten Pangkajene dan Kep ', 'Dinas Pendidikan', 'Jl. HM Arsyad B No.5 Pangkajene ', '0410 ? 21142', 0.000000, 0.000000, 16),
(380, 'Kabupaten Bulukumba ', 'Dinas Pendidikan ', 'Jl. A Yani No.54 Bulukumba ', '0413 81054', 0.000000, 0.000000, 16),
(381, 'Kabupaten Bantaeng ', 'Dinas Pendidikan ', 'Jl. Andi Manapaing No.72 Bantaeng ', '0413 ? 21185, 21184', 0.000000, 0.000000, 16),
(382, 'Kabupaten Jeneponto ', 'Dinas Pendidikan ', 'Jl. Abdul Jalil No.29 Janeporo ', '0419 ? 21211', 0.000000, 0.000000, 16),
(383, 'Kabupaten Takalar', 'Dinas Pendidikan', 'Jl. Haeruddin Dg. Nyampa Takalar. No.3 ', '0418 ? 21026', 0.000000, 0.000000, 16),
(384, 'Kabupaten Gowa ', 'Dinas Pendidikan ', 'Jl. Masjid Raya No.30 Sungguminasa ', '0411 ? 86774', 0.000000, 0.000000, 16),
(385, 'Kabupaten Sinjai ', 'Dinas Pendidikan ', 'Jl. Raden Ajeng kartini No.6 ', '0482 ? 23262', 0.000000, 0.000000, 16),
(386, 'Kabupaten Bone ', 'Dinas Pendidikan ', 'Jl. Dr Wahidin Sudirohusodo Watampone ', '0481 ? 21041', 0.000000, 0.000000, 16),
(387, 'Kabupaten Maros ', 'Dinas Pendidikan ', 'Jl. Jend Sudirman No.11 Pandan .30 Maros ', '0411 37136', 0.000000, 0.000000, 16),
(388, 'Kabupaten Barru ', 'Dinas Pendidikan ', 'Jl. HM Saleh Lewa No.40 ', '0427 ? 21105', 0.000000, 0.000000, 16),
(389, 'Kabupaten Wajo ', 'Dinas Pendidikan', 'Jl. Jend A. Yani No.27 ', '0485 ? 21566', -5.000000, 119.000000, 16),
(390, 'Kabupaten Sidrap ', 'Dinas Pendidikan ', 'Jl. Pendidikan no.7 ', '0421 ? 92026,91036', 0.000000, 0.000000, 16),
(391, 'Kabupaten Pinrang ', 'Dinas Pendidikan ', 'Jl. Gatot Subroto No.3 Pinrang ', '0421 ? 921881', 0.000000, 0.000000, 16),
(392, 'Kabupaten Enrekang ', 'Dinas Pendidikan ', 'Jl. pancaitana bungawallie no.18 ', '0420 ? 21323,21297', 0.000000, 0.000000, 16),
(393, 'Kabupaten Luwu ', 'Dinas Pemuda Olahraga', 'Komplek Perkantoran Pemda Luwu ', '0471 ? 3314023', 0.000000, 0.000000, 16),
(394, 'Kabupaten Tanah Toraja ', 'Dinas Pendidikan ', 'Jl. Tongkonan Adi no.2 makale ', '0423 ? 22115,22119', 0.000000, 0.000000, 16),
(395, 'Kabupaten Luwu Utara', 'Dinas Pendidikan ', 'Jl. Jend Sudirman No.1 masamba ', '0471 ? 326086', 0.000000, 0.000000, 16),
(396, 'Kota Pare-Pare ', 'Dinas Pendidikan ', 'Jl. Pettana Rajeng No.1 ', '0421 ? 21166', -4.000000, 119.000000, 16),
(397, 'Kabupaten Toraja Utara ', 'Dinas Pendidikan ', 'Rantepao', '', 0.000000, 0.000000, 16),
(398, 'Kabupaten Kolaka', '', '', '', 0.000000, 0.000000, 18),
(399, 'Kabupaten Konawe', '', '', '', 0.000000, 0.000000, 18),
(400, 'Kabupaten Muna', '', '', '', 0.000000, 0.000000, 18),
(401, 'Kabupaten Buton', '', '', '', 0.000000, 0.000000, 18),
(402, 'Kabupaten Konawe Selatan', '', '', '', 0.000000, 0.000000, 18),
(403, 'Kabupaten Bombana', '', '', '', 0.000000, 0.000000, 18),
(404, 'Kabupaten Wakatobi', '', '', '', 0.000000, 0.000000, 18),
(405, 'Kabupaten Kolaka Utara', '', '', '', 0.000000, 0.000000, 18),
(406, 'Kabupaten Konawe Utara', '', '', '', 0.000000, 0.000000, 18),
(407, 'Kabupaten Buton Utara', '', '', '', 0.000000, 0.000000, 18),
(408, 'Kota Kendari', '', '', '', -3.000000, 122.000000, 18),
(409, 'Kota Bau-Bau', '', '', '', -5.000000, 122.000000, 18),
(410, 'Kabupaten Gorontalo ', 'Dinas Pemuda dan Olahraga', 'Jl. Jend. Sudirman Kec Limboto ', '0435 ? 880105', 0.627078, 122.000000, 21),
(411, 'Kabupaten Bone Bolango ', 'Dinas Pemuda dan Olahraga', 'Desa Oluhatu Kec.Kabila ', '0435 ? 825459', 0.000000, 0.000000, 21),
(412, 'Kabupaten Boalemo ', 'Dinas Pendidikan Nasional', 'Desa Limboto Kec. Kabila ', '0443 ? 211039', 0.000000, 0.000000, 21),
(413, 'Kabupaten Powuhato ', 'Dinas Pendidikan Nasional', 'Kompleks Perkantoran Kec Marisa ', '0443 ? 210011', 0.000000, 0.000000, 21),
(414, 'Kabupaten Gorontalo Utara ', 'Dinas Pendidikan dan Kebudayaan', 'Desa Moluo Kec Kwandang ', '0442 - 310503', 0.000000, 0.000000, 21),
(415, 'Kota Gorontalo ', 'Dinas Pemuda dan Olahraga', 'Jl. jamaludin Malik no.52 Kec. Kota Selatan ', '0435 ? 822625', 0.549597, 123.000000, 21),
(416, 'Mamuju ', 'Dinas Pendidikan Pemuda dan Olahraga', 'Jl Kurungan Bassi Kab.Mamuju ', '0426 - 21091', 0.000000, 0.000000, 17),
(417, 'Majene ', 'Dinas Pemuda Olahraga Kebudayaan dan Pariwisata', 'Jl Gatot Subroto ', '0422 - 21101', 0.000000, 0.000000, 17),
(418, 'Mamasa ', 'Dinas Pendidikan dan Kebudayaan', 'Jl Daemmatanda No 15 Kab Mamasa', '', 0.000000, 0.000000, 17),
(419, 'Polman ', 'Dinas Pendidikan dan Kebudayaan', 'Jl Pancasila Komp Pekkabata ', '0428 - 21404/21762', 0.000000, 0.000000, 17),
(420, 'Mamuju Utara ', 'Dinas Pendidikan dan Kebudayaan', 'Jl Pemuda No 1 Pasangkayu', '', 0.000000, 0.000000, 17),
(421, 'Kabupaten Maluku Barat Daya ', 'Dinas Pendidikan dan Kebudayaan ', 'Tiakur/Kisar', '', 0.000000, 0.000000, 24),
(422, 'Kabupaten Maluku Tengah  ', 'Dinas Pendidikan dan Kebudayaan ', 'Masohi', '0914-21080', 0.000000, 0.000000, 24),
(423, 'Kabupaten Maluku Tenggara ', 'Dinas Pendidikan dan Olahraga', 'Tual', ' 0916 - 21174', 0.000000, 0.000000, 24),
(424, 'Kabupaten Maluku Tenggara Barat  ', 'Dinas Pendidikan dan Olahraga', 'Saumlaki', '0918 - 21524', 0.000000, 0.000000, 24),
(425, 'Kabupaten Buru  ', 'Dinas Pendidikan Kebudayaan dan Pariwisata', 'Namlea', '0913 - 21551', 0.000000, 0.000000, 24),
(426, 'Kabupaten Buru Selatan ', 'Dinas Pendidikan ', 'Namrole', '', 0.000000, 0.000000, 24),
(427, 'Kabupaten Seram Bagian Timur  ', 'Dinas Pendidikan', 'Bula', '0915 - 21118', 0.000000, 0.000000, 24),
(428, 'Kabupaten Seram Bagian Barat  ', 'Dinas Pendidikan Nasional', 'Piru', '091-361901', 0.000000, 0.000000, 24),
(429, 'Kota Ambon ', 'Dinas Pendidikan dan Olahraga', 'Ambon', '', -3.000000, 128.000000, 24),
(430, 'Kota Tual ', 'Dinas Pendidikan dan Kebudayaan  ', 'Tual/Malra', '0916 -21999', 0.000000, 0.000000, 24),
(431, 'Kabupaten Aru  ', 'Dinas Pendidikan Pemuda dan Olahraga', 'Dobo', '0917 -21125', 0.000000, 0.000000, 24),
(432, 'Kabupaten Halmahera Barat ', 'Pendidikan Pemuda dan Olahraga', 'Jl Jati Jailo', '', 0.000000, 0.000000, 23),
(433, 'Kabupaten Halmahera Tengah ', 'Kebudayaan Pariwisata Pemuda dan Olahraga', 'Jl Kilo 3 Vidi Jaya', '', 0.000000, 0.000000, 23),
(434, 'Kabupaten Halmahera Utara ', 'Pemuda dan Olahraga', 'Tobelo', '', 0.000000, 0.000000, 23),
(435, 'Kabupaten Halmahera Selatan ', 'Pendidikan Pemuda dan Olahraga', 'Labuha Bacan', '', 0.000000, 0.000000, 23),
(436, 'Kabupaten Kepulauan Sula ', 'Pemuda dan Olahraga', 'Sanana', '', 0.000000, 0.000000, 23),
(437, 'Kabupaten Halmahera Timur ', 'Pendidikan Pemuda dan Olahraga', 'Maba', '', 0.000000, 0.000000, 23),
(438, 'Kota Ternate ', 'Pendidikan', 'Jl Batu Angus,Kel Toboleu Kec Kota Ternate Utara ', '0921 - 3123982', 0.000000, 0.000000, 23),
(439, 'Kota Tidore Kepulauan ', 'Kebudayaan pariwisata Pemuda dan Olahraga', 'Jl A.Malawat Soa Sio Tidore ', '0921 - 81010', 0.000000, 0.000000, 23),
(440, 'Kabupaten Morotai ', 'Pendidikan Pemuda dan Olahraga', 'Daruba Morotai', '', 0.000000, 0.000000, 23),
(441, 'Kabupaten Merauke ', 'Dinas Pemuda dan Olahraga dan PLS', 'Jl Prajurit (Komp.GOR Head SAI) Merauke ', '081248505960', 0.000000, 0.000000, 32),
(442, 'Kabupaten Jayawijaya  ', 'Pemuda dan Olahraga', 'Wamena', '081344651029', 0.000000, 0.000000, 32),
(443, 'Kabupaten Jayapura ', 'Pemuda dan Olahraga', 'Komp.Kabupaten Jayapura Jl Depapre ', '081344431256', 0.000000, 0.000000, 32),
(444, 'Kabupaten Nabire', '', '', '', 0.000000, 0.000000, 32),
(445, 'Kabupaten Kepulauan Yapen ', 'Pemuda dan Olahraga', '', '', 0.000000, 0.000000, 32),
(446, 'Kabupaten Biak Numfor', '', '', '', 0.000000, 0.000000, 32),
(447, 'Kabupaten Puncak Jaya', 'Pemuda dan Olahraga', '', '', 0.000000, 0.000000, 32),
(448, 'Kabupaten Paniai', '', '', '', 0.000000, 0.000000, 32),
(449, 'Kabupaten Mimika', '', '', '', 0.000000, 0.000000, 32),
(450, 'Kabupaten Sarmi', '', '', '', 0.000000, 0.000000, 32),
(451, 'Kabupaten Keerom', '', '', '', 0.000000, 0.000000, 32),
(452, 'Kabupaten Pegunungan Bintang', '', '', '', 0.000000, 0.000000, 32),
(453, 'Kabupaten Yahukimo', '', '', '', 0.000000, 0.000000, 32),
(454, 'Kabupaten Tolikara', '', '', '', 0.000000, 0.000000, 32),
(455, 'Kabupaten Waropen', '', '', '', 0.000000, 0.000000, 32),
(456, 'Kabupaten Boven Digoel', 'Pemuda dan Olahraga', '', '', 0.000000, 0.000000, 32),
(457, 'Kabupaten Mappi  ', 'Pemuda dan Olahraga', 'Mappi', '081344611956', 0.000000, 0.000000, 32),
(458, 'Kabupaten Asmat ', 'Pendidikan Pemuda dan Olahraga', '', '085254471500', 0.000000, 0.000000, 32),
(459, 'Kabupaten Supiori ', '', '', '085299439788/081327682399', 0.000000, 0.000000, 32),
(460, 'Kabupaten Mamberamo Raya', '', '', '', 0.000000, 0.000000, 32),
(461, 'Kabupaten Mamberamo Tengah', '', '', '', 0.000000, 0.000000, 32),
(462, 'Kabupaten Yalimo', '', '', '', 0.000000, 0.000000, 32),
(463, 'Kabupaten Lanny Jaya ', 'Pendidikan Pemuda dan Olahraga', '', '', 0.000000, 0.000000, 32),
(464, 'Kabupaten Nduga', '', '', '', 0.000000, 0.000000, 32),
(465, 'Kota Jayapura ', 'Pemuda dan Olahraga', 'Kompi.Kantor Walikota Jayapura ', '11489279', 0.000000, 0.000000, 32),
(466, 'Kabupaten Sorong', '', '', '', 0.000000, 0.000000, 25),
(467, 'Kabupaten Manokwari', '', '', '', 0.000000, 0.000000, 25),
(468, 'Kabupaten Fakfak', '', '', '', 0.000000, 0.000000, 25),
(469, 'Kabupaten Sorong Selatan', '', '', '', 0.000000, 0.000000, 25),
(470, 'Kabupaten Raja Ampat', '', '', '', 0.000000, 0.000000, 25),
(471, 'Kabupaten Teluk Bintui', '', '', '', 0.000000, 0.000000, 25),
(472, 'Kabupaten Teluk Wondama', '', '', '', 0.000000, 0.000000, 25),
(473, 'Kabupaten Kaimana', '', '', '', 0.000000, 0.000000, 25),
(474, 'Kota Sorong', '', '', '', 0.000000, 0.000000, 25);

-- --------------------------------------------------------

--
-- Table structure for table `tbl_kejuaraan`
--

CREATE TABLE IF NOT EXISTS `tbl_kejuaraan` (
  `id_kejuaraan` int(11) NOT NULL,
  `kejuaraan` varchar(64) NOT NULL
) ENGINE=InnoDB DEFAULT CHARSET=latin1;

--
-- Dumping data for table `tbl_kejuaraan`
--

INSERT INTO `tbl_kejuaraan` (`id_kejuaraan`, `kejuaraan`) VALUES
(0, 'kejuaraan daerah'),
(1, 'kejuaraan nasional');

-- --------------------------------------------------------

--
-- Table structure for table `tbl_knpi`
--

CREATE TABLE IF NOT EXISTS `tbl_knpi` (
`id_knpi` int(8) NOT NULL,
  `nama` varchar(32) NOT NULL,
  `alamat` text NOT NULL,
  `logo` text NOT NULL,
  `pemimpin` varchar(32) NOT NULL,
  `telp` text NOT NULL,
  `lat` decimal(10,0) NOT NULL,
  `lng` decimal(10,0) NOT NULL,
  `id_propinsi` int(8) NOT NULL
) ENGINE=InnoDB DEFAULT CHARSET=latin1;

-- --------------------------------------------------------

--
-- Table structure for table `tbl_medali`
--

CREATE TABLE IF NOT EXISTS `tbl_medali` (
`id_medali` int(8) NOT NULL,
  `emas` int(8) NOT NULL,
  `perak` int(8) NOT NULL,
  `perunggu` int(8) NOT NULL,
  `jml_medali` int(8) NOT NULL,
  `id_cabor` int(4) NOT NULL,
  `id_propinsi` int(4) NOT NULL,
  `tahun` year(4) NOT NULL,
  `kejuaraan` int(2) NOT NULL
) ENGINE=InnoDB AUTO_INCREMENT=4052 DEFAULT CHARSET=latin1;

--
-- Dumping data for table `tbl_medali`
--

INSERT INTO `tbl_medali` (`id_medali`, `emas`, `perak`, `perunggu`, `jml_medali`, `id_cabor`, `id_propinsi`, `tahun`, `kejuaraan`) VALUES
(1, 7, 6, 6, 19, 27, 1, 2009, 0),
(2, 0, 0, 0, 0, 23, 1, 2009, 0),
(3, 0, 1, 0, 1, 1, 1, 2009, 0),
(4, 2, 1, 0, 3, 22, 1, 2009, 0),
(5, 0, 0, 0, 0, 24, 1, 2009, 0),
(6, 14, 5, 9, 28, 12, 1, 2009, 0),
(7, 4, 0, 4, 8, 14, 1, 2009, 0),
(8, 1, 2, 3, 6, 11, 1, 2009, 0),
(9, 0, 0, 0, 0, 15, 1, 2009, 0),
(10, 0, 0, 0, 0, 17, 1, 2009, 0),
(11, 7, 5, 7, 19, 27, 1, 2010, 0),
(12, 0, 0, 0, 0, 23, 1, 2010, 0),
(13, 13, 14, 12, 39, 1, 1, 2010, 0),
(14, 3, 3, 1, 7, 22, 1, 2010, 0),
(15, 0, 0, 0, 0, 24, 1, 2010, 0),
(16, 9, 2, 5, 16, 12, 1, 2010, 0),
(17, 2, 1, 1, 4, 14, 1, 2010, 0),
(18, 20, 3, 6, 29, 11, 1, 2010, 0),
(19, 0, 0, 0, 0, 15, 1, 2010, 0),
(20, 0, 0, 0, 0, 17, 1, 2010, 0),
(21, 0, 0, 0, 0, 27, 1, 2011, 0),
(22, 0, 0, 0, 0, 23, 1, 2011, 0),
(23, 0, 0, 0, 0, 1, 1, 2011, 0),
(24, 0, 0, 0, 0, 22, 1, 2011, 0),
(25, 0, 0, 0, 0, 24, 1, 2011, 0),
(26, 0, 0, 0, 0, 12, 1, 2011, 0),
(27, 2, 1, 1, 4, 14, 1, 2011, 0),
(28, 0, 0, 0, 0, 11, 1, 2011, 0),
(29, 0, 0, 0, 0, 15, 1, 2011, 0),
(30, 0, 0, 0, 0, 17, 1, 2011, 0),
(31, 0, 0, 0, 0, 27, 1, 2012, 0),
(32, 0, 0, 0, 0, 23, 1, 2012, 0),
(33, 0, 0, 0, 0, 1, 1, 2012, 0),
(34, 0, 0, 0, 0, 22, 1, 2012, 0),
(35, 0, 0, 0, 0, 24, 1, 2012, 0),
(36, 0, 0, 0, 0, 12, 1, 2012, 0),
(37, 2, 1, 1, 4, 14, 1, 2012, 0),
(38, 0, 0, 0, 0, 11, 1, 2012, 0),
(39, 0, 0, 0, 0, 15, 1, 2012, 0),
(40, 0, 0, 0, 0, 17, 1, 2012, 0),
(41, 0, 0, 0, 0, 27, 1, 2013, 0),
(42, 0, 0, 0, 0, 23, 1, 2013, 0),
(43, 0, 0, 0, 0, 1, 1, 2013, 0),
(44, 0, 0, 0, 0, 22, 1, 2013, 0),
(45, 0, 0, 0, 0, 24, 1, 2013, 0),
(46, 1, 0, 2, 3, 12, 1, 2013, 0),
(47, 0, 0, 0, 0, 14, 1, 2013, 0),
(48, 0, 0, 0, 0, 11, 1, 2013, 0),
(49, 0, 0, 0, 0, 15, 1, 2013, 0),
(50, 0, 0, 0, 0, 17, 1, 2013, 0),
(51, 0, 0, 0, 0, 27, 1, 2014, 0),
(52, 0, 0, 0, 0, 23, 1, 2014, 0),
(53, 0, 0, 0, 0, 1, 1, 2014, 0),
(54, 0, 0, 0, 0, 22, 1, 2014, 0),
(55, 0, 0, 0, 0, 24, 1, 2014, 0),
(56, 0, 0, 0, 0, 12, 1, 2014, 0),
(57, 0, 0, 0, 0, 14, 1, 2014, 0),
(58, 0, 0, 0, 0, 11, 1, 2014, 0),
(59, 0, 0, 0, 0, 15, 1, 2014, 0),
(60, 0, 0, 0, 0, 17, 1, 2014, 0),
(61, 2, 2, 6, 10, 27, 1, 2009, 1),
(62, 0, 0, 0, 0, 23, 1, 2009, 1),
(63, 0, 0, 0, 0, 1, 1, 2009, 1),
(64, 0, 0, 0, 0, 22, 1, 2009, 1),
(65, 0, 0, 0, 0, 24, 1, 2009, 1),
(66, 0, 1, 0, 1, 12, 1, 2009, 1),
(67, 0, 0, 0, 0, 14, 1, 2009, 1),
(68, 0, 1, 2, 3, 11, 1, 2009, 1),
(69, 0, 0, 0, 0, 15, 1, 2009, 1),
(70, 0, 0, 0, 0, 17, 1, 2009, 1),
(71, 0, 2, 1, 3, 27, 1, 2010, 1),
(72, 0, 0, 0, 0, 23, 1, 2010, 1),
(73, 0, 0, 0, 0, 1, 1, 2010, 1),
(74, 0, 0, 0, 0, 22, 1, 2010, 1),
(75, 0, 0, 0, 0, 24, 1, 2010, 1),
(76, 0, 0, 1, 1, 12, 1, 2010, 1),
(77, 0, 0, 0, 0, 14, 1, 2010, 1),
(78, 1, 0, 0, 1, 11, 1, 2010, 1),
(79, 0, 0, 0, 0, 15, 1, 2010, 1),
(80, 0, 0, 0, 0, 17, 1, 2010, 1),
(81, 0, 0, 0, 0, 27, 1, 2011, 1),
(82, 0, 0, 0, 0, 23, 1, 2011, 1),
(83, 0, 0, 0, 0, 1, 1, 2011, 1),
(84, 0, 0, 0, 0, 22, 1, 2011, 1),
(85, 0, 0, 0, 0, 24, 1, 2011, 1),
(86, 0, 0, 0, 0, 12, 1, 2011, 1),
(87, 0, 0, 0, 0, 14, 1, 2011, 1),
(88, 0, 0, 0, 0, 11, 1, 2011, 1),
(89, 0, 0, 0, 0, 15, 1, 2011, 1),
(90, 0, 0, 0, 0, 17, 1, 2011, 1),
(91, 0, 0, 0, 0, 27, 1, 2012, 1),
(92, 0, 0, 0, 0, 23, 1, 2012, 1),
(93, 0, 0, 0, 0, 1, 1, 2012, 1),
(94, 0, 0, 0, 0, 22, 1, 2012, 1),
(95, 0, 0, 0, 0, 24, 1, 2012, 1),
(96, 0, 0, 0, 0, 12, 1, 2012, 1),
(97, 0, 0, 0, 0, 14, 1, 2012, 1),
(98, 0, 0, 0, 0, 11, 1, 2012, 1),
(99, 0, 0, 0, 0, 15, 1, 2012, 1),
(100, 0, 0, 0, 0, 17, 1, 2012, 1),
(101, 0, 0, 0, 0, 27, 1, 2013, 1),
(102, 0, 0, 0, 0, 23, 1, 2013, 1),
(103, 3, 2, 0, 5, 1, 1, 2013, 1),
(104, 0, 0, 0, 0, 22, 1, 2013, 1),
(105, 0, 0, 0, 0, 24, 1, 2013, 1),
(106, 0, 0, 0, 0, 12, 1, 2013, 1),
(107, 0, 0, 0, 0, 14, 1, 2013, 1),
(108, 0, 0, 0, 0, 11, 1, 2013, 1),
(109, 0, 0, 0, 0, 15, 1, 2013, 1),
(110, 0, 0, 0, 0, 17, 1, 2013, 1),
(111, 1, 0, 0, 1, 27, 1, 2014, 1),
(112, 0, 0, 0, 0, 23, 1, 2014, 1),
(113, 1, 0, 0, 1, 1, 1, 2014, 1),
(114, 0, 0, 0, 0, 22, 1, 2014, 1),
(115, 0, 0, 0, 0, 24, 1, 2014, 1),
(116, 0, 0, 0, 0, 12, 1, 2014, 1),
(117, 0, 0, 0, 0, 14, 1, 2014, 1),
(118, 0, 0, 0, 0, 11, 1, 2014, 1),
(119, 0, 0, 0, 0, 15, 1, 2014, 1),
(120, 0, 0, 0, 0, 17, 1, 2014, 1),
(121, 3, 1, 2, 6, 1, 3, 2009, 0),
(122, 0, 0, 0, 0, 22, 3, 2009, 0),
(123, 0, 0, 0, 0, 24, 3, 2009, 0),
(124, 0, 0, 0, 0, 12, 3, 2009, 0),
(125, 0, 0, 0, 0, 14, 3, 2009, 0),
(126, 0, 0, 0, 0, 11, 3, 2009, 0),
(127, 0, 0, 0, 0, 8, 3, 2009, 0),
(128, 2, 2, 2, 6, 1, 3, 2010, 0),
(129, 0, 0, 0, 0, 22, 3, 2010, 0),
(130, 0, 0, 0, 0, 24, 3, 2010, 0),
(131, 0, 0, 0, 0, 12, 3, 2010, 0),
(132, 0, 0, 0, 0, 14, 3, 2010, 0),
(133, 0, 0, 0, 0, 11, 3, 2010, 0),
(134, 0, 0, 0, 0, 8, 3, 2010, 0),
(135, 0, 0, 0, 0, 1, 3, 2011, 0),
(136, 0, 0, 0, 0, 22, 3, 2011, 0),
(137, 0, 0, 0, 0, 24, 3, 2011, 0),
(138, 0, 0, 0, 0, 12, 3, 2011, 0),
(139, 0, 0, 0, 0, 14, 3, 2011, 0),
(140, 0, 0, 0, 0, 11, 3, 2011, 0),
(141, 0, 0, 0, 0, 8, 3, 2011, 0),
(142, 0, 0, 0, 0, 1, 3, 2012, 0),
(143, 0, 0, 0, 0, 22, 3, 2012, 0),
(144, 0, 0, 0, 0, 24, 3, 2012, 0),
(145, 0, 0, 0, 0, 12, 3, 2012, 0),
(146, 0, 0, 0, 0, 14, 3, 2012, 0),
(147, 0, 0, 0, 0, 11, 3, 2012, 0),
(148, 0, 0, 0, 0, 8, 3, 2012, 0),
(149, 0, 0, 0, 0, 1, 3, 2013, 0),
(150, 0, 0, 0, 0, 22, 3, 2013, 0),
(151, 0, 0, 0, 0, 24, 3, 2013, 0),
(152, 0, 0, 0, 0, 12, 3, 2013, 0),
(153, 0, 0, 0, 0, 14, 3, 2013, 0),
(154, 0, 0, 0, 0, 11, 3, 2013, 0),
(155, 0, 0, 0, 0, 8, 3, 2013, 0),
(156, 0, 0, 0, 0, 1, 3, 2014, 0),
(157, 0, 0, 0, 0, 22, 3, 2014, 0),
(158, 0, 0, 0, 0, 24, 3, 2014, 0),
(159, 0, 0, 0, 0, 12, 3, 2014, 0),
(160, 0, 0, 0, 0, 14, 3, 2014, 0),
(161, 0, 0, 0, 0, 11, 3, 2014, 0),
(162, 0, 0, 0, 0, 8, 3, 2014, 0),
(163, 0, 0, 0, 0, 1, 3, 2009, 1),
(164, 0, 0, 0, 0, 4, 3, 2009, 1),
(165, 0, 0, 0, 0, 24, 3, 2009, 1),
(166, 0, 0, 0, 0, 12, 3, 2009, 1),
(167, 0, 0, 0, 0, 14, 3, 2009, 1),
(168, 0, 0, 0, 0, 11, 3, 2009, 1),
(169, 0, 0, 0, 0, 8, 3, 2009, 1),
(170, 0, 0, 0, 0, 1, 3, 2010, 1),
(171, 0, 0, 0, 0, 4, 3, 2010, 1),
(172, 0, 0, 0, 0, 24, 3, 2010, 1),
(173, 0, 0, 0, 0, 12, 3, 2010, 1),
(174, 0, 0, 0, 0, 14, 3, 2010, 1),
(175, 0, 0, 0, 0, 11, 3, 2010, 1),
(176, 0, 0, 0, 0, 8, 3, 2010, 1),
(177, 0, 0, 0, 0, 1, 3, 2011, 1),
(178, 0, 0, 0, 0, 4, 3, 2011, 1),
(179, 0, 0, 0, 0, 24, 3, 2011, 1),
(180, 0, 1, 4, 5, 12, 3, 2011, 1),
(181, 0, 0, 0, 0, 14, 3, 2011, 1),
(182, 0, 0, 0, 0, 11, 3, 2011, 1),
(183, 0, 0, 0, 0, 8, 3, 2011, 1),
(184, 0, 0, 0, 0, 1, 3, 2012, 1),
(185, 0, 0, 0, 0, 4, 3, 2012, 1),
(186, 0, 0, 0, 0, 24, 3, 2012, 1),
(187, 0, 1, 4, 5, 12, 3, 2012, 1),
(188, 0, 0, 0, 0, 14, 3, 2012, 1),
(189, 0, 0, 0, 0, 11, 3, 2012, 1),
(190, 0, 0, 0, 0, 8, 3, 2012, 1),
(191, 4, 2, 0, 6, 1, 3, 2013, 1),
(192, 0, 0, 0, 0, 4, 3, 2013, 1),
(193, 0, 0, 0, 0, 24, 3, 2013, 1),
(194, 0, 0, 0, 0, 12, 3, 2013, 1),
(195, 0, 0, 0, 0, 14, 3, 2013, 1),
(196, 0, 0, 0, 0, 11, 3, 2013, 1),
(197, 0, 0, 0, 0, 8, 3, 2013, 1),
(198, 0, 0, 0, 0, 1, 3, 2014, 1),
(199, 0, 1, 0, 1, 4, 3, 2014, 1),
(200, 0, 0, 0, 0, 24, 3, 2014, 1),
(201, 0, 0, 0, 0, 12, 3, 2014, 1),
(202, 0, 0, 0, 0, 14, 3, 2014, 1),
(203, 1, 0, 1, 2, 11, 3, 2014, 1),
(204, 0, 0, 0, 0, 8, 3, 2014, 1),
(205, 0, 0, 0, 0, 23, 26, 2009, 0),
(206, 0, 0, 0, 0, 1, 26, 2009, 0),
(207, 0, 0, 0, 0, 22, 26, 2009, 0),
(208, 0, 0, 0, 0, 24, 26, 2009, 0),
(209, 0, 0, 0, 0, 10, 26, 2009, 0),
(210, 0, 0, 0, 0, 12, 26, 2009, 0),
(211, 0, 0, 0, 0, 14, 26, 2009, 0),
(212, 0, 0, 0, 0, 11, 26, 2009, 0),
(213, 0, 0, 0, 0, 15, 26, 2009, 0),
(214, 0, 0, 0, 0, 16, 26, 2009, 0),
(215, 0, 0, 0, 0, 23, 26, 2010, 0),
(216, 44, 12, 6, 62, 1, 26, 2010, 0),
(217, 0, 0, 0, 0, 22, 26, 2010, 0),
(218, 0, 0, 0, 0, 24, 26, 2010, 0),
(219, 0, 0, 0, 0, 10, 26, 2010, 0),
(220, 0, 0, 0, 0, 12, 26, 2010, 0),
(221, 0, 0, 0, 0, 14, 26, 2010, 0),
(222, 0, 0, 0, 0, 11, 26, 2010, 0),
(223, 0, 0, 0, 0, 15, 26, 2010, 0),
(224, 0, 0, 0, 0, 16, 26, 2010, 0),
(225, 0, 0, 0, 0, 23, 26, 2011, 0),
(226, 16, 10, 4, 30, 1, 26, 2011, 0),
(227, 0, 0, 0, 0, 22, 26, 2011, 0),
(228, 0, 0, 0, 0, 24, 26, 2011, 0),
(229, 0, 0, 0, 0, 10, 26, 2011, 0),
(230, 0, 0, 0, 0, 12, 26, 2011, 0),
(231, 0, 0, 0, 0, 14, 26, 2011, 0),
(232, 0, 0, 0, 0, 11, 26, 2011, 0),
(233, 0, 0, 0, 0, 15, 26, 2011, 0),
(234, 0, 0, 0, 0, 16, 26, 2011, 0),
(235, 0, 0, 0, 0, 23, 26, 2012, 0),
(236, 9, 13, 4, 26, 1, 26, 2012, 0),
(237, 0, 0, 0, 0, 22, 26, 2012, 0),
(238, 0, 0, 0, 0, 24, 26, 2012, 0),
(239, 0, 0, 0, 0, 10, 26, 2012, 0),
(240, 0, 0, 0, 0, 12, 26, 2012, 0),
(241, 0, 0, 0, 0, 14, 26, 2012, 0),
(242, 0, 0, 0, 0, 11, 26, 2012, 0),
(243, 0, 0, 0, 0, 15, 26, 2012, 0),
(244, 0, 0, 0, 0, 16, 26, 2012, 0),
(245, 0, 0, 0, 0, 23, 26, 2013, 0),
(246, 0, 0, 0, 0, 1, 26, 2013, 0),
(247, 0, 0, 0, 0, 22, 26, 2013, 0),
(248, 0, 0, 0, 0, 24, 26, 2013, 0),
(249, 0, 0, 0, 0, 10, 26, 2013, 0),
(250, 0, 0, 0, 0, 12, 26, 2013, 0),
(251, 0, 0, 0, 0, 14, 26, 2013, 0),
(252, 0, 0, 0, 0, 11, 26, 2013, 0),
(253, 0, 0, 0, 0, 15, 26, 2013, 0),
(254, 0, 0, 0, 0, 16, 26, 2013, 0),
(255, 0, 0, 0, 0, 23, 26, 2014, 0),
(256, 0, 0, 0, 0, 1, 26, 2014, 0),
(257, 0, 0, 0, 0, 22, 26, 2014, 0),
(258, 0, 0, 0, 0, 24, 26, 2014, 0),
(259, 0, 0, 0, 0, 10, 26, 2014, 0),
(260, 0, 0, 0, 0, 12, 26, 2014, 0),
(261, 0, 0, 0, 0, 14, 26, 2014, 0),
(262, 0, 0, 0, 0, 11, 26, 2014, 0),
(263, 0, 0, 0, 0, 15, 26, 2014, 0),
(264, 0, 0, 0, 0, 16, 26, 2014, 0),
(265, 0, 0, 0, 0, 23, 26, 2009, 1),
(266, 0, 0, 0, 0, 1, 26, 2009, 1),
(267, 0, 0, 0, 0, 22, 26, 2009, 1),
(268, 0, 0, 0, 0, 24, 26, 2009, 1),
(269, 0, 0, 0, 0, 10, 26, 2009, 1),
(270, 0, 0, 0, 0, 12, 26, 2009, 1),
(271, 0, 0, 0, 0, 14, 26, 2009, 1),
(272, 0, 0, 0, 0, 16, 26, 2009, 1),
(273, 0, 0, 0, 0, 15, 26, 2009, 1),
(274, 0, 0, 0, 0, 17, 26, 2009, 1),
(275, 0, 0, 0, 0, 6, 26, 2009, 1),
(276, 0, 0, 0, 0, 23, 26, 2010, 1),
(277, 0, 0, 0, 0, 1, 26, 2010, 1),
(278, 0, 0, 0, 0, 22, 26, 2010, 1),
(279, 0, 0, 0, 0, 24, 26, 2010, 1),
(280, 0, 0, 0, 0, 10, 26, 2010, 1),
(281, 0, 0, 0, 0, 12, 26, 2010, 1),
(282, 0, 0, 0, 0, 14, 26, 2010, 1),
(283, 0, 0, 0, 0, 16, 26, 2010, 1),
(284, 0, 0, 0, 0, 15, 26, 2010, 1),
(285, 0, 0, 0, 0, 17, 26, 2010, 1),
(286, 0, 0, 0, 0, 6, 26, 2010, 1),
(287, 0, 0, 0, 0, 23, 26, 2011, 1),
(288, 4, 9, 4, 17, 1, 26, 2011, 1),
(289, 0, 0, 0, 0, 22, 26, 2011, 1),
(290, 0, 0, 0, 0, 24, 26, 2011, 1),
(291, 0, 0, 0, 0, 10, 26, 2011, 1),
(292, 0, 0, 0, 0, 12, 26, 2011, 1),
(293, 1, 0, 1, 2, 14, 26, 2011, 1),
(294, 0, 0, 0, 0, 16, 26, 2011, 1),
(295, 0, 0, 0, 0, 15, 26, 2011, 1),
(296, 0, 0, 0, 0, 17, 26, 2011, 1),
(297, 0, 0, 0, 0, 6, 26, 2011, 1),
(298, 0, 0, 0, 0, 23, 26, 2012, 1),
(299, 1, 3, 1, 5, 1, 26, 2012, 1),
(300, 10, 10, 13, 33, 22, 26, 2012, 1),
(301, 0, 3, 2, 5, 24, 26, 2012, 1),
(302, 0, 0, 0, 0, 10, 26, 2012, 1),
(303, 0, 0, 0, 0, 12, 26, 2012, 1),
(304, 1, 0, 0, 1, 14, 26, 2012, 1),
(305, 1, 1, 4, 6, 16, 26, 2012, 1),
(306, 13, 14, 14, 41, 15, 26, 2012, 1),
(307, 0, 0, 1, 1, 17, 26, 2012, 1),
(308, 0, 0, 1, 1, 6, 26, 2012, 1),
(309, 0, 0, 0, 0, 23, 26, 2013, 1),
(310, 0, 0, 0, 0, 1, 26, 2013, 1),
(311, 4, 4, 6, 14, 22, 26, 2013, 1),
(312, 0, 0, 0, 0, 24, 26, 2013, 1),
(313, 2, 2, 0, 4, 10, 26, 2013, 1),
(314, 0, 0, 0, 0, 12, 26, 2013, 1),
(315, 0, 0, 0, 0, 14, 26, 2013, 1),
(316, 0, 0, 0, 0, 16, 26, 2013, 1),
(317, 0, 0, 0, 0, 15, 26, 2013, 1),
(318, 0, 0, 0, 0, 17, 26, 2013, 1),
(319, 0, 0, 0, 0, 6, 26, 2013, 1),
(320, 0, 0, 0, 0, 23, 26, 2014, 1),
(321, 0, 0, 0, 0, 1, 26, 2014, 1),
(322, 0, 0, 0, 0, 22, 26, 2014, 1),
(323, 0, 0, 0, 0, 24, 26, 2014, 1),
(324, 0, 0, 0, 0, 10, 26, 2014, 1),
(325, 0, 0, 0, 0, 12, 26, 2014, 1),
(326, 0, 0, 0, 0, 14, 26, 2014, 1),
(327, 0, 0, 0, 0, 16, 26, 2014, 1),
(328, 0, 0, 0, 0, 15, 26, 2014, 1),
(329, 0, 0, 0, 0, 17, 26, 2014, 1),
(330, 0, 0, 0, 0, 6, 26, 2014, 1),
(331, 0, 0, 0, 0, 27, 2, 2009, 0),
(332, 0, 0, 0, 0, 23, 2, 2009, 0),
(333, 0, 0, 0, 0, 1, 2, 2009, 0),
(334, 0, 0, 0, 0, 22, 2, 2009, 0),
(335, 0, 0, 0, 0, 24, 2, 2009, 0),
(336, 0, 0, 0, 0, 10, 2, 2009, 0),
(337, 0, 0, 0, 0, 12, 2, 2009, 0),
(338, 0, 0, 0, 0, 14, 2, 2009, 0),
(339, 0, 0, 0, 0, 11, 2, 2009, 0),
(340, 1, 0, 0, 1, 8, 2, 2009, 0),
(341, 0, 0, 0, 0, 27, 2, 2010, 0),
(342, 0, 0, 0, 0, 23, 2, 2010, 0),
(343, 0, 0, 0, 0, 1, 2, 2010, 0),
(344, 0, 0, 0, 0, 22, 2, 2010, 0),
(345, 0, 0, 0, 0, 24, 2, 2010, 0),
(346, 0, 0, 0, 0, 10, 2, 2010, 0),
(347, 0, 0, 0, 0, 12, 2, 2010, 0),
(348, 0, 0, 0, 0, 14, 2, 2010, 0),
(349, 0, 0, 0, 0, 11, 2, 2010, 0),
(350, 0, 0, 0, 0, 8, 2, 2010, 0),
(351, 0, 0, 0, 0, 27, 2, 2011, 0),
(352, 0, 0, 0, 0, 23, 2, 2011, 0),
(353, 0, 0, 0, 0, 1, 2, 2011, 0),
(354, 0, 0, 0, 0, 22, 2, 2011, 0),
(355, 0, 0, 0, 0, 24, 2, 2011, 0),
(356, 0, 0, 0, 0, 10, 2, 2011, 0),
(357, 0, 0, 0, 0, 12, 2, 2011, 0),
(358, 0, 0, 0, 0, 14, 2, 2011, 0),
(359, 0, 0, 0, 0, 11, 2, 2011, 0),
(360, 5, 1, 3, 9, 8, 2, 2011, 0),
(361, 0, 0, 0, 0, 27, 2, 2012, 0),
(362, 0, 0, 0, 0, 23, 2, 2012, 0),
(363, 0, 0, 0, 0, 1, 2, 2012, 0),
(364, 0, 0, 0, 0, 22, 2, 2012, 0),
(365, 0, 0, 0, 0, 24, 2, 2012, 0),
(366, 0, 0, 0, 0, 10, 2, 2012, 0),
(367, 0, 0, 0, 0, 12, 2, 2012, 0),
(368, 0, 0, 0, 0, 14, 2, 2012, 0),
(369, 0, 0, 0, 0, 11, 2, 2012, 0),
(370, 5, 1, 3, 9, 8, 2, 2012, 0),
(371, 0, 0, 0, 0, 27, 2, 2013, 0),
(372, 0, 0, 0, 0, 23, 2, 2013, 0),
(373, 0, 0, 0, 0, 1, 2, 2013, 0),
(374, 0, 0, 0, 0, 22, 2, 2013, 0),
(375, 0, 0, 0, 0, 24, 2, 2013, 0),
(376, 0, 0, 0, 0, 10, 2, 2013, 0),
(377, 0, 0, 0, 0, 12, 2, 2013, 0),
(378, 0, 0, 0, 0, 14, 2, 2013, 0),
(379, 0, 0, 0, 0, 11, 2, 2013, 0),
(380, 0, 0, 0, 0, 8, 2, 2013, 0),
(381, 0, 0, 0, 0, 27, 2, 2014, 0),
(382, 0, 0, 0, 0, 23, 2, 2014, 0),
(383, 0, 0, 0, 0, 1, 2, 2014, 0),
(384, 0, 0, 0, 0, 22, 2, 2014, 0),
(385, 0, 0, 0, 0, 24, 2, 2014, 0),
(386, 0, 0, 0, 0, 10, 2, 2014, 0),
(387, 0, 0, 0, 0, 12, 2, 2014, 0),
(388, 0, 0, 0, 0, 14, 2, 2014, 0),
(389, 3, 0, 0, 3, 11, 2, 2014, 0),
(390, 0, 0, 0, 0, 8, 2, 2014, 0),
(391, 0, 0, 0, 0, 23, 2, 2009, 1),
(392, 0, 0, 0, 0, 1, 2, 2009, 1),
(393, 0, 0, 0, 0, 22, 2, 2009, 1),
(394, 0, 0, 0, 0, 24, 2, 2009, 1),
(395, 0, 0, 0, 0, 12, 2, 2009, 1),
(396, 0, 0, 0, 0, 6, 2, 2009, 1),
(397, 0, 0, 0, 0, 14, 2, 2009, 1),
(398, 0, 0, 0, 0, 11, 2, 2009, 1),
(399, 0, 0, 0, 0, 15, 2, 2009, 1),
(400, 1, 0, 0, 1, 8, 2, 2009, 1),
(401, 0, 0, 0, 0, 23, 2, 2010, 1),
(402, 0, 0, 0, 0, 1, 2, 2010, 1),
(403, 0, 0, 0, 0, 22, 2, 2010, 1),
(404, 0, 0, 0, 0, 24, 2, 2010, 1),
(405, 0, 0, 0, 0, 12, 2, 2010, 1),
(406, 0, 0, 0, 0, 6, 2, 2010, 1),
(407, 0, 0, 0, 0, 14, 2, 2010, 1),
(408, 0, 0, 0, 0, 11, 2, 2010, 1),
(409, 0, 0, 0, 0, 15, 2, 2010, 1),
(410, 2, 1, 0, 3, 8, 2, 2010, 1),
(411, 0, 0, 0, 0, 23, 2, 2011, 1),
(412, 0, 0, 0, 0, 1, 2, 2011, 1),
(413, 0, 0, 0, 0, 22, 2, 2011, 1),
(414, 0, 0, 0, 0, 24, 2, 2011, 1),
(415, 0, 0, 0, 0, 12, 2, 2011, 1),
(416, 0, 0, 0, 0, 6, 2, 2011, 1),
(417, 0, 0, 0, 0, 14, 2, 2011, 1),
(418, 1, 1, 3, 5, 11, 2, 2011, 1),
(419, 0, 0, 0, 0, 15, 2, 2011, 1),
(420, 0, 0, 0, 0, 8, 2, 2011, 1),
(421, 0, 0, 0, 0, 23, 2, 2012, 1),
(422, 0, 0, 0, 0, 1, 2, 2012, 1),
(423, 0, 0, 0, 0, 22, 2, 2012, 1),
(424, 0, 0, 0, 0, 24, 2, 2012, 1),
(425, 0, 0, 0, 0, 12, 2, 2012, 1),
(426, 0, 0, 0, 0, 6, 2, 2012, 1),
(427, 0, 0, 0, 0, 14, 2, 2012, 1),
(428, 1, 1, 3, 5, 11, 2, 2012, 1),
(429, 0, 0, 0, 0, 15, 2, 2012, 1),
(430, 0, 0, 0, 0, 8, 2, 2012, 1),
(431, 0, 0, 0, 0, 23, 2, 2013, 1),
(432, 0, 0, 0, 0, 1, 2, 2013, 1),
(433, 0, 0, 0, 0, 22, 2, 2013, 1),
(434, 0, 0, 0, 0, 24, 2, 2013, 1),
(435, 2, 3, 2, 7, 12, 2, 2013, 1),
(436, 0, 1, 3, 4, 6, 2, 2013, 1),
(437, 0, 0, 0, 0, 14, 2, 2013, 1),
(438, 0, 0, 0, 0, 11, 2, 2013, 1),
(439, 0, 0, 0, 0, 15, 2, 2013, 1),
(440, 0, 0, 0, 0, 8, 2, 2013, 1),
(441, 0, 0, 0, 0, 23, 2, 2014, 1),
(442, 3, 0, 0, 3, 1, 2, 2014, 1),
(443, 0, 0, 0, 0, 22, 2, 2014, 1),
(444, 0, 0, 0, 0, 24, 2, 2014, 1),
(445, 0, 0, 0, 0, 12, 2, 2014, 1),
(446, 1, 0, 3, 4, 6, 2, 2014, 1),
(447, 0, 0, 0, 0, 14, 2, 2014, 1),
(448, 1, 1, 2, 4, 11, 2, 2014, 1),
(449, 0, 0, 0, 0, 15, 2, 2014, 1),
(450, 0, 0, 0, 0, 8, 2, 2014, 1),
(451, 0, 0, 0, 0, 27, 28, 2009, 0),
(452, 0, 0, 0, 0, 23, 28, 2009, 0),
(453, 0, 0, 0, 0, 1, 28, 2009, 0),
(454, 0, 0, 0, 0, 22, 28, 2009, 0),
(455, 0, 0, 0, 0, 24, 28, 2009, 0),
(456, 0, 0, 0, 0, 10, 28, 2009, 0),
(457, 0, 0, 0, 0, 12, 28, 2009, 0),
(458, 0, 0, 0, 0, 14, 28, 2009, 0),
(459, 0, 0, 0, 0, 11, 28, 2009, 0),
(460, 0, 0, 0, 0, 15, 28, 2009, 0),
(461, 0, 0, 0, 0, 27, 28, 2010, 0),
(462, 0, 0, 0, 0, 23, 28, 2010, 0),
(463, 1, 1, 0, 2, 1, 28, 2010, 0),
(464, 0, 0, 0, 0, 22, 28, 2010, 0),
(465, 0, 0, 0, 0, 24, 28, 2010, 0),
(466, 0, 0, 0, 0, 10, 28, 2010, 0),
(467, 0, 0, 0, 0, 12, 28, 2010, 0),
(468, 0, 0, 0, 0, 14, 28, 2010, 0),
(469, 0, 0, 0, 0, 11, 28, 2010, 0),
(470, 0, 0, 0, 0, 15, 28, 2010, 0),
(471, 0, 0, 0, 0, 27, 28, 2011, 0),
(472, 0, 0, 0, 0, 23, 28, 2011, 0),
(473, 0, 0, 0, 0, 1, 28, 2011, 0),
(474, 0, 0, 0, 0, 22, 28, 2011, 0),
(475, 0, 0, 0, 0, 24, 28, 2011, 0),
(476, 0, 0, 0, 0, 10, 28, 2011, 0),
(477, 0, 0, 0, 0, 12, 28, 2011, 0),
(478, 0, 0, 0, 0, 14, 28, 2011, 0),
(479, 0, 0, 0, 0, 11, 28, 2011, 0),
(480, 0, 0, 0, 0, 15, 28, 2011, 0),
(481, 0, 0, 0, 0, 27, 28, 2012, 0),
(482, 0, 0, 0, 0, 23, 28, 2012, 0),
(483, 0, 0, 0, 0, 1, 28, 2012, 0),
(484, 0, 0, 0, 0, 22, 28, 2012, 0),
(485, 0, 0, 0, 0, 24, 28, 2012, 0),
(486, 0, 0, 0, 0, 10, 28, 2012, 0),
(487, 0, 0, 0, 0, 12, 28, 2012, 0),
(488, 0, 0, 0, 0, 14, 28, 2012, 0),
(489, 0, 0, 0, 0, 11, 28, 2012, 0),
(490, 0, 0, 0, 0, 15, 28, 2012, 0),
(491, 0, 0, 0, 0, 27, 28, 2013, 0),
(492, 0, 0, 0, 0, 23, 28, 2013, 0),
(493, 0, 0, 0, 0, 1, 28, 2013, 0),
(494, 4, 4, 6, 14, 22, 28, 2013, 0),
(495, 0, 0, 0, 0, 24, 28, 2013, 0),
(496, 2, 2, 0, 4, 10, 28, 2013, 0),
(497, 0, 0, 0, 0, 12, 28, 2013, 0),
(498, 0, 0, 0, 0, 14, 28, 2013, 0),
(499, 0, 0, 0, 0, 11, 28, 2013, 0),
(500, 0, 0, 0, 0, 15, 28, 2013, 0),
(501, 0, 0, 0, 0, 27, 28, 2014, 0),
(502, 0, 0, 0, 0, 23, 28, 2014, 0),
(503, 0, 0, 0, 0, 1, 28, 2014, 0),
(504, 0, 0, 0, 0, 22, 28, 2014, 0),
(505, 0, 0, 0, 0, 24, 28, 2014, 0),
(506, 0, 0, 0, 0, 10, 28, 2014, 0),
(507, 0, 0, 0, 0, 12, 28, 2014, 0),
(508, 0, 0, 0, 0, 14, 28, 2014, 0),
(509, 0, 0, 0, 0, 11, 28, 2014, 0),
(510, 0, 0, 0, 0, 15, 28, 2014, 0),
(511, 0, 0, 0, 0, 27, 28, 2009, 1),
(512, 0, 0, 0, 0, 23, 28, 2009, 1),
(513, 0, 0, 0, 0, 1, 28, 2009, 1),
(514, 0, 0, 0, 0, 22, 28, 2009, 1),
(515, 0, 0, 0, 0, 24, 28, 2009, 1),
(516, 0, 0, 0, 0, 10, 28, 2009, 1),
(517, 0, 0, 0, 0, 25, 28, 2009, 1),
(518, 0, 0, 0, 0, 14, 28, 2009, 1),
(519, 0, 0, 0, 0, 6, 28, 2009, 1),
(520, 0, 0, 0, 0, 16, 28, 2009, 1),
(521, 0, 0, 0, 0, 17, 28, 2009, 1),
(522, 0, 0, 0, 0, 27, 28, 2010, 1),
(523, 0, 0, 0, 0, 23, 28, 2010, 1),
(524, 1, 1, 0, 2, 1, 28, 2010, 1),
(525, 0, 0, 0, 0, 22, 28, 2010, 1),
(526, 0, 0, 0, 0, 24, 28, 2010, 1),
(527, 0, 0, 0, 0, 10, 28, 2010, 1),
(528, 0, 0, 0, 0, 25, 28, 2010, 1),
(529, 0, 0, 0, 0, 14, 28, 2010, 1),
(530, 0, 0, 0, 0, 6, 28, 2010, 1),
(531, 0, 0, 0, 0, 16, 28, 2010, 1),
(532, 0, 0, 0, 0, 17, 28, 2010, 1),
(533, 0, 0, 0, 0, 27, 28, 2011, 1),
(534, 0, 0, 0, 0, 23, 28, 2011, 1),
(535, 0, 0, 0, 0, 1, 28, 2011, 1),
(536, 0, 0, 0, 0, 22, 28, 2011, 1),
(537, 0, 0, 0, 0, 24, 28, 2011, 1),
(538, 0, 0, 0, 0, 10, 28, 2011, 1),
(539, 0, 0, 0, 0, 25, 28, 2011, 1),
(540, 0, 0, 0, 0, 14, 28, 2011, 1),
(541, 0, 0, 0, 0, 6, 28, 2011, 1),
(542, 0, 0, 0, 0, 16, 28, 2011, 1),
(543, 0, 0, 0, 0, 17, 28, 2011, 1),
(544, 0, 0, 0, 0, 27, 28, 2012, 1),
(545, 0, 0, 0, 0, 23, 28, 2012, 1),
(546, 0, 0, 0, 0, 1, 28, 2012, 1),
(547, 0, 0, 0, 0, 22, 28, 2012, 1),
(548, 0, 0, 0, 0, 24, 28, 2012, 1),
(549, 0, 0, 0, 0, 10, 28, 2012, 1),
(550, 0, 0, 0, 0, 25, 28, 2012, 1),
(551, 0, 0, 0, 0, 14, 28, 2012, 1),
(552, 0, 0, 0, 0, 6, 28, 2012, 1),
(553, 0, 0, 0, 0, 16, 28, 2012, 1),
(554, 0, 0, 0, 0, 17, 28, 2012, 1),
(555, 0, 0, 0, 0, 27, 28, 2013, 1),
(556, 0, 2, 0, 2, 23, 28, 2013, 1),
(557, 2, 0, 0, 2, 1, 28, 2013, 1),
(558, 2, 2, 3, 7, 22, 28, 2013, 1),
(559, 0, 0, 0, 0, 24, 28, 2013, 1),
(560, 5, 2, 0, 7, 10, 28, 2013, 1),
(561, 1, 0, 0, 1, 25, 28, 2013, 1),
(562, 0, 2, 0, 2, 14, 28, 2013, 1),
(563, 1, 0, 0, 1, 6, 28, 2013, 1),
(564, 2, 1, 0, 3, 16, 28, 2013, 1),
(565, 1, 0, 0, 1, 17, 28, 2013, 1),
(566, 0, 0, 0, 0, 27, 28, 2014, 1),
(567, 0, 0, 0, 0, 23, 28, 2014, 1),
(568, 0, 0, 0, 0, 1, 28, 2014, 1),
(569, 0, 0, 0, 0, 22, 28, 2014, 1),
(570, 0, 0, 0, 0, 24, 28, 2014, 1),
(571, 0, 0, 0, 0, 10, 28, 2014, 1),
(572, 0, 0, 0, 0, 25, 28, 2014, 1),
(573, 0, 0, 0, 0, 14, 28, 2014, 1),
(574, 0, 0, 0, 0, 6, 28, 2014, 1),
(575, 0, 0, 0, 0, 16, 28, 2014, 1),
(576, 0, 0, 0, 0, 17, 28, 2014, 1),
(577, 3, 3, 1, 7, 1, 27, 2009, 0),
(578, 0, 0, 0, 0, 24, 27, 2009, 0),
(579, 4, 0, 0, 4, 10, 27, 2009, 0),
(580, 0, 0, 0, 0, 25, 27, 2009, 0),
(581, 0, 0, 0, 0, 14, 27, 2009, 0),
(582, 11, 4, 2, 17, 11, 27, 2009, 0),
(583, 3, 7, 6, 16, 16, 27, 2009, 0),
(584, 0, 0, 0, 0, 2, 27, 2009, 0),
(585, 2, 9, 2, 13, 8, 27, 2009, 0),
(586, 0, 0, 0, 0, 17, 27, 2009, 0),
(587, 4, 4, 12, 20, 1, 27, 2010, 0),
(588, 0, 0, 0, 0, 24, 27, 2010, 0),
(589, 12, 8, 12, 32, 10, 27, 2010, 0),
(590, 4, 3, 3, 10, 25, 27, 2010, 0),
(591, 4, 3, 0, 7, 14, 27, 2010, 0),
(592, 33, 22, 26, 81, 11, 27, 2010, 0),
(593, 11, 31, 2, 44, 16, 27, 2010, 0),
(594, 1, 0, 3, 4, 2, 27, 2010, 0),
(595, 19, 19, 44, 82, 8, 27, 2010, 0),
(596, 5, 1, 1, 7, 17, 27, 2010, 0),
(597, 0, 0, 0, 0, 1, 27, 2011, 0),
(598, 0, 0, 0, 0, 24, 27, 2011, 0),
(599, 0, 0, 0, 0, 10, 27, 2011, 0),
(600, 0, 0, 0, 0, 25, 27, 2011, 0),
(601, 0, 0, 0, 0, 14, 27, 2011, 0),
(602, 0, 0, 0, 0, 11, 27, 2011, 0),
(603, 0, 0, 0, 0, 16, 27, 2011, 0),
(604, 0, 0, 0, 0, 2, 27, 2011, 0),
(605, 0, 0, 0, 0, 8, 27, 2011, 0),
(606, 0, 0, 0, 0, 17, 27, 2011, 0),
(607, 0, 0, 0, 0, 1, 27, 2012, 0),
(608, 0, 0, 0, 0, 24, 27, 2012, 0),
(609, 0, 0, 0, 0, 10, 27, 2012, 0),
(610, 0, 0, 0, 0, 25, 27, 2012, 0),
(611, 0, 0, 0, 0, 14, 27, 2012, 0),
(612, 0, 0, 0, 0, 11, 27, 2012, 0),
(613, 0, 0, 0, 0, 16, 27, 2012, 0),
(614, 0, 0, 0, 0, 2, 27, 2012, 0),
(615, 0, 0, 0, 0, 8, 27, 2012, 0),
(616, 0, 0, 0, 0, 17, 27, 2012, 0),
(617, 0, 0, 0, 0, 1, 27, 2013, 0),
(618, 0, 0, 0, 0, 24, 27, 2013, 0),
(619, 0, 0, 0, 0, 10, 27, 2013, 0),
(620, 0, 0, 0, 0, 25, 27, 2013, 0),
(621, 0, 0, 0, 0, 14, 27, 2013, 0),
(622, 0, 0, 0, 0, 11, 27, 2013, 0),
(623, 0, 0, 0, 0, 16, 27, 2013, 0),
(624, 0, 0, 0, 0, 2, 27, 2013, 0),
(625, 0, 0, 0, 0, 8, 27, 2013, 0),
(626, 0, 0, 0, 0, 17, 27, 2013, 0),
(627, 0, 0, 0, 0, 1, 27, 2014, 0),
(628, 0, 0, 0, 0, 24, 27, 2014, 0),
(629, 0, 0, 0, 0, 10, 27, 2014, 0),
(630, 0, 0, 0, 0, 25, 27, 2014, 0),
(631, 0, 0, 0, 0, 14, 27, 2014, 0),
(632, 0, 0, 0, 0, 11, 27, 2014, 0),
(633, 0, 0, 0, 0, 16, 27, 2014, 0),
(634, 0, 0, 0, 0, 2, 27, 2014, 0),
(635, 0, 0, 0, 0, 8, 27, 2014, 0),
(636, 0, 0, 0, 0, 17, 27, 2014, 0),
(637, 0, 4, 0, 4, 1, 27, 2009, 1),
(638, 0, 0, 0, 0, 22, 27, 2009, 1),
(639, 0, 0, 0, 0, 24, 27, 2009, 1),
(640, 3, 0, 1, 4, 10, 27, 2009, 1),
(641, 0, 0, 0, 0, 12, 27, 2009, 1),
(642, 0, 0, 0, 0, 14, 27, 2009, 1),
(643, 0, 0, 0, 0, 11, 27, 2009, 1),
(644, 0, 0, 0, 0, 16, 27, 2009, 1),
(645, 0, 0, 0, 0, 2, 27, 2009, 1),
(646, 0, 0, 0, 0, 8, 27, 2009, 1),
(647, 2, 2, 6, 10, 1, 27, 2010, 1),
(648, 0, 0, 0, 0, 22, 27, 2010, 1),
(649, 0, 0, 0, 0, 24, 27, 2010, 1),
(650, 3, 4, 7, 14, 10, 27, 2010, 1),
(651, 0, 0, 0, 0, 12, 27, 2010, 1),
(652, 0, 0, 0, 0, 14, 27, 2010, 1),
(653, 30, 23, 20, 73, 11, 27, 2010, 1),
(654, 0, 0, 0, 0, 16, 27, 2010, 1),
(655, 24, 0, 0, 24, 2, 27, 2010, 1),
(656, 0, 8, 21, 29, 8, 27, 2010, 1),
(657, 0, 1, 2, 3, 1, 27, 2011, 1),
(658, 0, 0, 0, 0, 22, 27, 2011, 1),
(659, 0, 0, 0, 0, 24, 27, 2011, 1),
(660, 0, 0, 0, 0, 10, 27, 2011, 1),
(661, 0, 0, 0, 0, 12, 27, 2011, 1),
(662, 0, 0, 0, 0, 14, 27, 2011, 1),
(663, 0, 0, 0, 0, 11, 27, 2011, 1),
(664, 0, 0, 0, 0, 16, 27, 2011, 1),
(665, 0, 0, 0, 0, 2, 27, 2011, 1),
(666, 0, 0, 0, 0, 8, 27, 2011, 1),
(667, 0, 1, 2, 3, 1, 27, 2012, 1),
(668, 0, 0, 0, 0, 22, 27, 2012, 1),
(669, 0, 0, 0, 0, 24, 27, 2012, 1),
(670, 0, 0, 0, 0, 10, 27, 2012, 1),
(671, 0, 0, 0, 0, 12, 27, 2012, 1),
(672, 0, 0, 0, 0, 14, 27, 2012, 1),
(673, 0, 0, 0, 0, 11, 27, 2012, 1),
(674, 0, 0, 0, 0, 16, 27, 2012, 1),
(675, 0, 0, 0, 0, 2, 27, 2012, 1),
(676, 0, 0, 0, 0, 8, 27, 2012, 1),
(677, 0, 0, 0, 0, 1, 27, 2013, 1),
(678, 0, 0, 0, 0, 22, 27, 2013, 1),
(679, 0, 0, 0, 0, 24, 27, 2013, 1),
(680, 0, 0, 0, 0, 10, 27, 2013, 1),
(681, 0, 0, 0, 0, 12, 27, 2013, 1),
(682, 0, 0, 0, 0, 14, 27, 2013, 1),
(683, 0, 0, 0, 0, 11, 27, 2013, 1),
(684, 0, 0, 0, 0, 16, 27, 2013, 1),
(685, 0, 0, 0, 0, 2, 27, 2013, 1),
(686, 0, 0, 0, 0, 8, 27, 2013, 1),
(687, 0, 0, 0, 0, 1, 27, 2014, 1),
(688, 0, 0, 0, 0, 22, 27, 2014, 1),
(689, 0, 0, 0, 0, 24, 27, 2014, 1),
(690, 0, 0, 0, 0, 10, 27, 2014, 1),
(691, 0, 0, 0, 0, 12, 27, 2014, 1),
(692, 0, 0, 0, 0, 14, 27, 2014, 1),
(693, 0, 0, 0, 0, 11, 27, 2014, 1),
(694, 0, 0, 0, 0, 16, 27, 2014, 1),
(695, 0, 0, 0, 0, 2, 27, 2014, 1),
(696, 0, 0, 0, 0, 8, 27, 2014, 1),
(697, 0, 0, 0, 0, 27, 29, 2009, 0),
(698, 0, 0, 0, 0, 23, 29, 2009, 0),
(699, 0, 0, 0, 0, 1, 29, 2009, 0),
(700, 0, 0, 0, 0, 22, 29, 2009, 0),
(701, 0, 0, 0, 0, 24, 29, 2009, 0),
(702, 0, 0, 0, 0, 10, 29, 2009, 0),
(703, 0, 0, 0, 0, 12, 29, 2009, 0),
(704, 0, 0, 0, 0, 13, 29, 2009, 0),
(705, 2, 1, 4, 7, 11, 29, 2009, 0),
(706, 0, 0, 0, 0, 28, 29, 2009, 0),
(707, 0, 0, 0, 0, 27, 29, 2010, 0),
(708, 0, 0, 0, 0, 23, 29, 2010, 0),
(709, 0, 2, 0, 2, 1, 29, 2010, 0),
(710, 0, 0, 0, 0, 22, 29, 2010, 0),
(711, 0, 0, 0, 0, 24, 29, 2010, 0),
(712, 0, 0, 0, 0, 10, 29, 2010, 0),
(713, 0, 0, 0, 0, 12, 29, 2010, 0),
(714, 0, 0, 0, 0, 13, 29, 2010, 0),
(715, 0, 0, 0, 0, 11, 29, 2010, 0),
(716, 0, 0, 0, 0, 28, 29, 2010, 0),
(717, 5, 6, 4, 15, 27, 29, 2011, 0),
(718, 0, 0, 0, 0, 23, 29, 2011, 0),
(719, 0, 0, 0, 0, 1, 29, 2011, 0),
(720, 0, 0, 0, 0, 22, 29, 2011, 0),
(721, 0, 0, 0, 0, 24, 29, 2011, 0),
(722, 0, 0, 0, 0, 10, 29, 2011, 0),
(723, 11, 4, 8, 23, 12, 29, 2011, 0),
(724, 0, 5, 7, 12, 13, 29, 2011, 0),
(725, 1, 2, 3, 6, 11, 29, 2011, 0),
(726, 4, 3, 4, 11, 28, 29, 2011, 0),
(727, 5, 6, 4, 15, 27, 29, 2012, 0),
(728, 0, 0, 0, 0, 23, 29, 2012, 0),
(729, 0, 0, 0, 0, 1, 29, 2012, 0),
(730, 0, 0, 0, 0, 22, 29, 2012, 0),
(731, 0, 0, 0, 0, 24, 29, 2012, 0),
(732, 0, 0, 0, 0, 10, 29, 2012, 0),
(733, 11, 4, 8, 23, 12, 29, 2012, 0),
(734, 0, 5, 7, 12, 13, 29, 2012, 0),
(735, 1, 2, 3, 6, 11, 29, 2012, 0),
(736, 4, 3, 4, 11, 28, 29, 2012, 0),
(737, 0, 0, 0, 0, 27, 29, 2013, 0),
(738, 0, 0, 0, 0, 23, 29, 2013, 0),
(739, 0, 0, 0, 0, 1, 29, 2013, 0),
(740, 0, 0, 0, 0, 22, 29, 2013, 0),
(741, 0, 0, 0, 0, 24, 29, 2013, 0),
(742, 0, 0, 0, 0, 10, 29, 2013, 0),
(743, 0, 0, 0, 0, 12, 29, 2013, 0),
(744, 0, 0, 0, 0, 13, 29, 2013, 0),
(745, 0, 0, 0, 0, 11, 29, 2013, 0),
(746, 0, 0, 0, 0, 28, 29, 2013, 0),
(747, 0, 0, 0, 0, 27, 29, 2014, 0),
(748, 0, 0, 0, 0, 23, 29, 2014, 0),
(749, 0, 0, 0, 0, 1, 29, 2014, 0),
(750, 0, 0, 0, 0, 22, 29, 2014, 0),
(751, 0, 0, 0, 0, 24, 29, 2014, 0),
(752, 0, 0, 0, 0, 10, 29, 2014, 0),
(753, 0, 0, 0, 0, 12, 29, 2014, 0),
(754, 0, 0, 0, 0, 13, 29, 2014, 0),
(755, 0, 0, 0, 0, 11, 29, 2014, 0),
(756, 0, 0, 0, 0, 28, 29, 2014, 0),
(757, 0, 0, 0, 0, 27, 29, 2009, 1),
(758, 0, 0, 0, 0, 23, 29, 2009, 1),
(759, 0, 0, 0, 0, 1, 29, 2009, 1),
(760, 0, 0, 0, 0, 22, 29, 2009, 1),
(761, 0, 0, 0, 0, 24, 29, 2009, 1),
(762, 0, 0, 0, 0, 10, 29, 2009, 1),
(763, 0, 0, 0, 0, 12, 29, 2009, 1),
(764, 0, 0, 0, 0, 13, 29, 2009, 1),
(765, 0, 0, 0, 0, 11, 29, 2009, 1),
(766, 0, 0, 0, 0, 28, 29, 2009, 1),
(767, 0, 0, 0, 0, 27, 29, 2010, 1),
(768, 0, 0, 0, 0, 23, 29, 2010, 1),
(769, 0, 0, 0, 0, 1, 29, 2010, 1),
(770, 0, 0, 0, 0, 22, 29, 2010, 1),
(771, 0, 0, 0, 0, 24, 29, 2010, 1),
(772, 0, 0, 0, 0, 10, 29, 2010, 1),
(773, 0, 0, 0, 0, 12, 29, 2010, 1),
(774, 0, 0, 0, 0, 13, 29, 2010, 1),
(775, 0, 0, 0, 0, 11, 29, 2010, 1),
(776, 0, 0, 0, 0, 28, 29, 2010, 1),
(777, 0, 0, 0, 0, 27, 29, 2011, 1),
(778, 0, 0, 0, 0, 23, 29, 2011, 1),
(779, 0, 0, 0, 0, 1, 29, 2011, 1),
(780, 0, 0, 0, 0, 22, 29, 2011, 1),
(781, 0, 0, 0, 0, 24, 29, 2011, 1),
(782, 0, 0, 0, 0, 10, 29, 2011, 1),
(783, 0, 0, 0, 0, 12, 29, 2011, 1),
(784, 0, 0, 0, 0, 13, 29, 2011, 1),
(785, 0, 0, 0, 0, 11, 29, 2011, 1),
(786, 0, 0, 0, 0, 28, 29, 2011, 1),
(787, 0, 0, 0, 0, 27, 29, 2012, 1),
(788, 0, 0, 0, 0, 23, 29, 2012, 1),
(789, 0, 0, 0, 0, 1, 29, 2012, 1),
(790, 0, 0, 0, 0, 22, 29, 2012, 1),
(791, 0, 0, 0, 0, 24, 29, 2012, 1),
(792, 0, 0, 0, 0, 10, 29, 2012, 1),
(793, 0, 0, 0, 0, 12, 29, 2012, 1),
(794, 0, 0, 0, 0, 13, 29, 2012, 1),
(795, 0, 0, 0, 0, 11, 29, 2012, 1),
(796, 0, 0, 0, 0, 28, 29, 2012, 1),
(797, 0, 0, 0, 0, 27, 29, 2013, 1),
(798, 0, 0, 0, 0, 23, 29, 2013, 1),
(799, 0, 1, 0, 1, 1, 29, 2013, 1),
(800, 0, 0, 0, 0, 22, 29, 2013, 1),
(801, 0, 0, 0, 0, 24, 29, 2013, 1),
(802, 0, 0, 0, 0, 10, 29, 2013, 1),
(803, 0, 0, 0, 0, 12, 29, 2013, 1),
(804, 0, 0, 0, 0, 13, 29, 2013, 1),
(805, 0, 0, 0, 0, 11, 29, 2013, 1),
(806, 3, 2, 0, 5, 28, 29, 2013, 1),
(807, 0, 0, 0, 0, 27, 29, 2014, 1),
(808, 0, 0, 0, 0, 23, 29, 2014, 1),
(809, 0, 0, 0, 0, 1, 29, 2014, 1),
(810, 0, 0, 0, 0, 22, 29, 2014, 1),
(811, 0, 0, 0, 0, 24, 29, 2014, 1),
(812, 0, 0, 0, 0, 10, 29, 2014, 1),
(813, 0, 0, 0, 0, 12, 29, 2014, 1),
(814, 0, 0, 0, 0, 13, 29, 2014, 1),
(815, 0, 0, 0, 0, 11, 29, 2014, 1),
(816, 0, 0, 0, 0, 28, 29, 2014, 1),
(817, 0, 0, 0, 0, 27, 31, 2009, 0),
(818, 0, 0, 0, 0, 23, 31, 2009, 0),
(819, 0, 0, 0, 0, 1, 31, 2009, 0),
(820, 0, 0, 0, 0, 22, 31, 2009, 0),
(821, 0, 0, 0, 0, 10, 31, 2009, 0),
(822, 0, 0, 0, 0, 12, 31, 2009, 0),
(823, 0, 0, 0, 0, 14, 31, 2009, 0),
(824, 0, 0, 0, 0, 11, 31, 2009, 0),
(825, 0, 0, 0, 0, 16, 31, 2009, 0),
(826, 0, 0, 0, 0, 8, 31, 2009, 0),
(827, 0, 0, 0, 0, 27, 31, 2010, 0),
(828, 0, 0, 0, 0, 23, 31, 2010, 0),
(829, 40, 0, 0, 40, 1, 31, 2010, 0),
(830, 0, 0, 0, 0, 22, 31, 2010, 0),
(831, 0, 0, 0, 0, 10, 31, 2010, 0),
(832, 0, 0, 0, 0, 12, 31, 2010, 0),
(833, 0, 0, 0, 0, 14, 31, 2010, 0),
(834, 0, 0, 0, 0, 11, 31, 2010, 0),
(835, 0, 0, 0, 0, 16, 31, 2010, 0),
(836, 0, 0, 0, 0, 8, 31, 2010, 0),
(837, 0, 0, 0, 0, 27, 31, 2011, 0),
(838, 0, 0, 0, 0, 23, 31, 2011, 0),
(839, 0, 0, 0, 0, 1, 31, 2011, 0),
(840, 0, 0, 0, 0, 22, 31, 2011, 0),
(841, 0, 0, 0, 0, 10, 31, 2011, 0),
(842, 0, 0, 0, 0, 12, 31, 2011, 0),
(843, 0, 0, 0, 0, 14, 31, 2011, 0),
(844, 0, 0, 0, 0, 11, 31, 2011, 0),
(845, 0, 0, 0, 0, 16, 31, 2011, 0),
(846, 0, 0, 0, 0, 8, 31, 2011, 0),
(847, 0, 0, 0, 0, 27, 31, 2012, 0),
(848, 0, 0, 0, 0, 23, 31, 2012, 0),
(849, 0, 0, 0, 0, 1, 31, 2012, 0),
(850, 0, 0, 0, 0, 22, 31, 2012, 0),
(851, 0, 0, 0, 0, 10, 31, 2012, 0),
(852, 0, 0, 0, 0, 12, 31, 2012, 0),
(853, 0, 0, 0, 0, 14, 31, 2012, 0),
(854, 0, 0, 0, 0, 11, 31, 2012, 0),
(855, 0, 0, 0, 0, 16, 31, 2012, 0),
(856, 0, 0, 0, 0, 8, 31, 2012, 0),
(857, 0, 0, 0, 0, 27, 31, 2013, 0),
(858, 0, 0, 0, 0, 23, 31, 2013, 0),
(859, 0, 0, 0, 0, 1, 31, 2013, 0),
(860, 0, 0, 0, 0, 22, 31, 2013, 0),
(861, 0, 0, 0, 0, 10, 31, 2013, 0),
(862, 0, 0, 0, 0, 12, 31, 2013, 0),
(863, 0, 0, 0, 0, 14, 31, 2013, 0),
(864, 0, 0, 0, 0, 11, 31, 2013, 0),
(865, 0, 0, 0, 0, 16, 31, 2013, 0),
(866, 0, 0, 0, 0, 8, 31, 2013, 0),
(867, 0, 0, 0, 0, 27, 31, 2014, 0),
(868, 0, 0, 0, 0, 23, 31, 2014, 0),
(869, 0, 0, 0, 0, 1, 31, 2014, 0),
(870, 0, 0, 0, 0, 22, 31, 2014, 0),
(871, 0, 0, 0, 0, 10, 31, 2014, 0),
(872, 0, 0, 0, 0, 12, 31, 2014, 0),
(873, 0, 0, 0, 0, 14, 31, 2014, 0),
(874, 0, 0, 0, 0, 11, 31, 2014, 0),
(875, 0, 0, 0, 0, 16, 31, 2014, 0),
(876, 0, 0, 0, 0, 8, 31, 2014, 0),
(877, 0, 0, 0, 0, 27, 31, 2009, 1),
(878, 0, 0, 0, 0, 23, 31, 2009, 1),
(879, 0, 0, 0, 0, 1, 31, 2009, 1),
(880, 0, 0, 0, 0, 22, 31, 2009, 1),
(881, 0, 0, 0, 0, 24, 31, 2009, 1),
(882, 0, 0, 0, 0, 10, 31, 2009, 1),
(883, 0, 0, 0, 0, 12, 31, 2009, 1),
(884, 0, 0, 0, 0, 14, 31, 2009, 1),
(885, 0, 0, 0, 0, 15, 31, 2009, 1),
(886, 0, 0, 0, 0, 16, 31, 2009, 1),
(887, 0, 0, 0, 0, 27, 31, 2010, 1),
(888, 0, 0, 0, 0, 23, 31, 2010, 1),
(889, 0, 0, 0, 0, 1, 31, 2010, 1),
(890, 0, 0, 0, 0, 22, 31, 2010, 1),
(891, 0, 0, 0, 0, 24, 31, 2010, 1),
(892, 0, 0, 0, 0, 10, 31, 2010, 1),
(893, 0, 0, 0, 0, 12, 31, 2010, 1),
(894, 0, 0, 5, 5, 14, 31, 2010, 1),
(895, 0, 5, 5, 10, 15, 31, 2010, 1),
(896, 20, 10, 10, 40, 16, 31, 2010, 1),
(897, 0, 0, 0, 0, 27, 31, 2011, 1),
(898, 0, 0, 0, 0, 23, 31, 2011, 1),
(899, 0, 10, 0, 10, 1, 31, 2011, 1),
(900, 0, 0, 0, 0, 22, 31, 2011, 1),
(901, 0, 0, 0, 0, 24, 31, 2011, 1),
(902, 0, 5, 5, 10, 10, 31, 2011, 1),
(903, 0, 0, 0, 0, 12, 31, 2011, 1),
(904, 0, 5, 0, 5, 14, 31, 2011, 1),
(905, 0, 0, 0, 0, 15, 31, 2011, 1),
(906, 10, 15, 10, 35, 16, 31, 2011, 1),
(907, 0, 0, 0, 0, 27, 31, 2012, 1),
(908, 0, 0, 0, 0, 23, 31, 2012, 1),
(909, 0, 10, 0, 10, 1, 31, 2012, 1),
(910, 0, 0, 0, 0, 22, 31, 2012, 1),
(911, 0, 0, 0, 0, 24, 31, 2012, 1),
(912, 0, 5, 5, 10, 10, 31, 2012, 1),
(913, 0, 0, 0, 0, 12, 31, 2012, 1),
(914, 0, 5, 0, 5, 14, 31, 2012, 1),
(915, 0, 0, 0, 0, 15, 31, 2012, 1),
(916, 10, 15, 10, 35, 16, 31, 2012, 1),
(917, 0, 0, 0, 0, 27, 31, 2013, 1),
(918, 0, 0, 0, 0, 23, 31, 2013, 1),
(919, 0, 0, 0, 0, 1, 31, 2013, 1),
(920, 0, 0, 0, 0, 22, 31, 2013, 1),
(921, 0, 0, 0, 0, 24, 31, 2013, 1),
(922, 1, 0, 1, 2, 10, 31, 2013, 1),
(923, 0, 0, 0, 0, 12, 31, 2013, 1),
(924, 0, 0, 0, 0, 14, 31, 2013, 1),
(925, 0, 0, 0, 0, 15, 31, 2013, 1),
(926, 0, 0, 0, 0, 16, 31, 2013, 1),
(927, 0, 0, 0, 0, 27, 31, 2014, 1),
(928, 0, 0, 0, 0, 23, 31, 2014, 1),
(929, 0, 0, 0, 0, 1, 31, 2014, 1),
(930, 0, 0, 0, 0, 22, 31, 2014, 1),
(931, 0, 0, 0, 0, 24, 31, 2014, 1),
(932, 0, 0, 0, 0, 10, 31, 2014, 1),
(933, 0, 0, 0, 0, 12, 31, 2014, 1),
(934, 0, 0, 0, 0, 14, 31, 2014, 1),
(935, 0, 0, 0, 0, 15, 31, 2014, 1),
(936, 6, 1, 0, 7, 16, 31, 2014, 1),
(937, 0, 0, 0, 0, 27, 33, 2009, 0),
(938, 0, 0, 0, 0, 23, 33, 2009, 0),
(939, 5, 0, 0, 5, 1, 33, 2009, 0),
(940, 0, 0, 0, 0, 4, 33, 2009, 0),
(941, 0, 0, 0, 0, 22, 33, 2009, 0),
(942, 0, 0, 0, 0, 24, 33, 2009, 0),
(943, 0, 0, 0, 0, 10, 33, 2009, 0),
(944, 0, 5, 1, 6, 12, 33, 2009, 0),
(945, 4, 1, 0, 5, 11, 33, 2009, 0),
(946, 0, 0, 0, 0, 18, 33, 2009, 0),
(947, 0, 0, 0, 0, 27, 33, 2010, 0),
(948, 0, 0, 0, 0, 23, 33, 2010, 0),
(949, 0, 0, 2, 2, 1, 33, 2010, 0),
(950, 0, 0, 0, 0, 4, 33, 2010, 0),
(951, 0, 0, 0, 0, 22, 33, 2010, 0),
(952, 0, 0, 0, 0, 24, 33, 2010, 0),
(953, 0, 0, 0, 0, 10, 33, 2010, 0),
(954, 0, 0, 0, 0, 12, 33, 2010, 0),
(955, 0, 0, 0, 0, 11, 33, 2010, 0),
(956, 0, 0, 0, 0, 18, 33, 2010, 0),
(957, 0, 0, 0, 0, 27, 33, 2011, 0),
(958, 0, 0, 0, 0, 23, 33, 2011, 0),
(959, 1, 2, 0, 3, 1, 33, 2011, 0),
(960, 0, 0, 1, 1, 4, 33, 2011, 0),
(961, 0, 0, 0, 0, 22, 33, 2011, 0),
(962, 0, 0, 0, 0, 24, 33, 2011, 0),
(963, 0, 0, 0, 0, 10, 33, 2011, 0),
(964, 0, 0, 0, 0, 12, 33, 2011, 0),
(965, 0, 0, 0, 0, 11, 33, 2011, 0),
(966, 0, 0, 1, 1, 18, 33, 2011, 0),
(967, 0, 0, 0, 0, 27, 33, 2012, 0),
(968, 0, 0, 0, 0, 23, 33, 2012, 0),
(969, 1, 2, 0, 3, 1, 33, 2012, 0),
(970, 0, 0, 1, 1, 4, 33, 2012, 0),
(971, 0, 0, 0, 0, 22, 33, 2012, 0),
(972, 0, 0, 0, 0, 24, 33, 2012, 0),
(973, 0, 0, 0, 0, 10, 33, 2012, 0),
(974, 0, 0, 0, 0, 12, 33, 2012, 0),
(975, 0, 0, 0, 0, 11, 33, 2012, 0),
(976, 0, 0, 1, 1, 18, 33, 2012, 0),
(977, 2, 3, 5, 10, 27, 33, 2013, 0),
(978, 0, 0, 0, 0, 23, 33, 2013, 0),
(979, 1, 2, 0, 3, 1, 33, 2013, 0),
(980, 0, 0, 1, 1, 4, 33, 2013, 0),
(981, 0, 0, 0, 0, 22, 33, 2013, 0),
(982, 0, 0, 0, 0, 24, 33, 2013, 0),
(983, 1, 6, 6, 13, 10, 33, 2013, 0),
(984, 0, 0, 0, 0, 12, 33, 2013, 0),
(985, 2, 4, 4, 10, 11, 33, 2013, 0),
(986, 0, 0, 1, 1, 18, 33, 2013, 0),
(987, 0, 0, 0, 0, 27, 33, 2014, 0),
(988, 0, 0, 0, 0, 23, 33, 2014, 0),
(989, 0, 0, 0, 0, 1, 33, 2014, 0),
(990, 0, 0, 0, 0, 4, 33, 2014, 0),
(991, 0, 0, 0, 0, 22, 33, 2014, 0),
(992, 0, 0, 0, 0, 24, 33, 2014, 0),
(993, 1, 6, 6, 13, 10, 33, 2014, 0),
(994, 0, 0, 0, 0, 12, 33, 2014, 0),
(995, 1, 0, 0, 1, 11, 33, 2014, 0),
(996, 0, 0, 0, 0, 18, 33, 2014, 0),
(997, 0, 0, 0, 0, 27, 33, 2009, 1),
(998, 0, 0, 0, 0, 23, 33, 2009, 1),
(999, 0, 0, 0, 0, 1, 33, 2009, 1),
(1000, 0, 0, 0, 0, 4, 33, 2009, 1),
(1001, 0, 0, 0, 0, 22, 33, 2009, 1),
(1002, 0, 0, 0, 0, 24, 33, 2009, 1),
(1003, 1, 4, 3, 8, 10, 33, 2009, 1),
(1004, 0, 0, 0, 0, 12, 33, 2009, 1),
(1005, 1, 1, 1, 3, 11, 33, 2009, 1),
(1006, 0, 0, 0, 0, 18, 33, 2009, 1),
(1007, 0, 0, 0, 0, 28, 33, 2009, 1),
(1008, 0, 0, 0, 0, 35, 33, 2009, 1),
(1009, 0, 0, 0, 0, 27, 33, 2010, 1),
(1010, 0, 0, 0, 0, 23, 33, 2010, 1),
(1011, 1, 2, 4, 7, 1, 33, 2010, 1),
(1012, 0, 0, 0, 0, 4, 33, 2010, 1),
(1013, 0, 0, 0, 0, 22, 33, 2010, 1),
(1014, 0, 0, 0, 0, 24, 33, 2010, 1),
(1015, 0, 0, 0, 0, 10, 33, 2010, 1),
(1016, 0, 0, 0, 0, 12, 33, 2010, 1),
(1017, 2, 1, 0, 3, 11, 33, 2010, 1),
(1018, 0, 0, 0, 0, 18, 33, 2010, 1),
(1019, 0, 0, 0, 0, 28, 33, 2010, 1),
(1020, 0, 0, 0, 0, 35, 33, 2010, 1),
(1021, 0, 0, 0, 0, 27, 33, 2011, 1),
(1022, 0, 0, 0, 0, 23, 33, 2011, 1),
(1023, 4, 1, 5, 10, 1, 33, 2011, 1),
(1024, 0, 0, 1, 1, 4, 33, 2011, 1),
(1025, 0, 0, 0, 0, 22, 33, 2011, 1),
(1026, 0, 0, 0, 0, 24, 33, 2011, 1),
(1027, 0, 0, 0, 0, 10, 33, 2011, 1),
(1028, 0, 4, 4, 8, 12, 33, 2011, 1),
(1029, 0, 4, 0, 4, 11, 33, 2011, 1),
(1030, 0, 0, 1, 1, 18, 33, 2011, 1),
(1031, 0, 0, 0, 0, 28, 33, 2011, 1),
(1032, 0, 0, 0, 0, 35, 33, 2011, 1),
(1033, 0, 0, 0, 0, 27, 33, 2012, 1),
(1034, 0, 0, 0, 0, 23, 33, 2012, 1),
(1035, 2, 1, 2, 5, 1, 33, 2012, 1),
(1036, 0, 0, 1, 1, 4, 33, 2012, 1),
(1037, 0, 0, 0, 0, 22, 33, 2012, 1),
(1038, 0, 0, 0, 0, 24, 33, 2012, 1),
(1039, 1, 5, 3, 9, 10, 33, 2012, 1),
(1040, 0, 0, 0, 0, 12, 33, 2012, 1),
(1041, 0, 0, 0, 0, 11, 33, 2012, 1),
(1042, 0, 0, 1, 1, 18, 33, 2012, 1),
(1043, 0, 0, 0, 0, 28, 33, 2012, 1),
(1044, 0, 0, 0, 0, 35, 33, 2012, 1),
(1045, 0, 0, 0, 0, 27, 33, 2013, 1),
(1046, 0, 1, 1, 2, 23, 33, 2013, 1),
(1047, 0, 1, 0, 1, 1, 33, 2013, 1),
(1048, 0, 0, 0, 0, 4, 33, 2013, 1),
(1049, 0, 0, 0, 0, 22, 33, 2013, 1),
(1050, 0, 0, 0, 0, 24, 33, 2013, 1),
(1051, 2, 3, 5, 10, 10, 33, 2013, 1),
(1052, 0, 1, 1, 2, 12, 33, 2013, 1),
(1053, 0, 0, 0, 0, 11, 33, 2013, 1),
(1054, 0, 0, 0, 0, 18, 33, 2013, 1),
(1055, 2, 5, 2, 9, 28, 33, 2013, 1),
(1056, 0, 3, 1, 4, 35, 33, 2013, 1),
(1057, 0, 0, 0, 0, 27, 33, 2014, 1),
(1058, 0, 0, 0, 0, 23, 33, 2014, 1),
(1059, 0, 0, 0, 0, 1, 33, 2014, 1),
(1060, 0, 0, 0, 0, 4, 33, 2014, 1),
(1061, 0, 0, 0, 0, 22, 33, 2014, 1),
(1062, 0, 0, 0, 0, 24, 33, 2014, 1),
(1063, 1, 3, 5, 9, 10, 33, 2014, 1),
(1064, 0, 0, 0, 0, 12, 33, 2014, 1),
(1065, 3, 4, 4, 11, 11, 33, 2014, 1),
(1066, 0, 0, 0, 0, 18, 33, 2014, 1),
(1067, 0, 3, 2, 5, 28, 33, 2014, 1),
(1068, 0, 0, 0, 0, 35, 33, 2014, 1),
(1069, 7, 0, 0, 7, 1, 30, 2009, 0),
(1070, 0, 0, 0, 0, 24, 30, 2009, 0),
(1071, 0, 0, 0, 0, 10, 30, 2009, 0),
(1072, 0, 1, 2, 3, 25, 30, 2009, 0),
(1073, 2, 0, 0, 2, 11, 30, 2009, 0),
(1074, 0, 0, 0, 0, 6, 30, 2009, 0),
(1075, 0, 0, 0, 0, 17, 30, 2009, 0),
(1076, 3, 3, 1, 7, 16, 30, 2009, 0),
(1077, 0, 0, 0, 0, 2, 30, 2009, 0),
(1078, 0, 0, 0, 0, 8, 30, 2009, 0),
(1079, 1, 1, 3, 5, 1, 30, 2010, 0),
(1080, 3, 2, 3, 8, 24, 30, 2010, 0),
(1081, 9, 6, 9, 24, 10, 30, 2010, 0),
(1082, 4, 2, 1, 7, 25, 30, 2010, 0),
(1083, 37, 25, 26, 88, 11, 30, 2010, 0),
(1084, 0, 0, 0, 0, 6, 30, 2010, 0),
(1085, 11, 2, 8, 21, 17, 30, 2010, 0),
(1086, 11, 31, 2, 44, 16, 30, 2010, 0),
(1087, 1, 0, 3, 4, 2, 30, 2010, 0),
(1088, 13, 18, 36, 67, 8, 30, 2010, 0),
(1089, 30, 11, 5, 46, 1, 30, 2011, 0),
(1090, 0, 0, 0, 0, 24, 30, 2011, 0),
(1091, 0, 0, 0, 0, 10, 30, 2011, 0),
(1092, 0, 0, 0, 0, 25, 30, 2011, 0),
(1093, 0, 0, 0, 0, 11, 30, 2011, 0),
(1094, 0, 0, 0, 0, 6, 30, 2011, 0),
(1095, 0, 0, 0, 0, 17, 30, 2011, 0),
(1096, 0, 0, 0, 0, 16, 30, 2011, 0),
(1097, 0, 0, 0, 0, 2, 30, 2011, 0),
(1098, 0, 0, 0, 0, 8, 30, 2011, 0),
(1099, 2, 0, 0, 2, 1, 30, 2012, 0),
(1100, 0, 0, 0, 0, 24, 30, 2012, 0),
(1101, 0, 0, 0, 0, 10, 30, 2012, 0),
(1102, 0, 0, 0, 0, 25, 30, 2012, 0),
(1103, 0, 0, 0, 0, 11, 30, 2012, 0),
(1104, 0, 0, 0, 0, 6, 30, 2012, 0),
(1105, 0, 0, 0, 0, 17, 30, 2012, 0),
(1106, 0, 0, 0, 0, 16, 30, 2012, 0),
(1107, 0, 0, 0, 0, 2, 30, 2012, 0),
(1108, 0, 0, 0, 0, 8, 30, 2012, 0),
(1109, 0, 0, 0, 0, 1, 30, 2013, 0),
(1110, 0, 0, 0, 0, 24, 30, 2013, 0),
(1111, 0, 0, 0, 0, 10, 30, 2013, 0),
(1112, 0, 0, 0, 0, 25, 30, 2013, 0),
(1113, 0, 0, 0, 0, 11, 30, 2013, 0),
(1114, 0, 0, 0, 0, 6, 30, 2013, 0),
(1115, 0, 0, 0, 0, 17, 30, 2013, 0),
(1116, 0, 0, 0, 0, 16, 30, 2013, 0),
(1117, 0, 0, 0, 0, 2, 30, 2013, 0),
(1118, 0, 0, 0, 0, 8, 30, 2013, 0),
(1119, 0, 0, 0, 0, 1, 30, 2014, 0),
(1120, 0, 0, 0, 0, 24, 30, 2014, 0),
(1121, 0, 0, 0, 0, 10, 30, 2014, 0),
(1122, 0, 0, 0, 0, 25, 30, 2014, 0),
(1123, 0, 0, 0, 0, 11, 30, 2014, 0),
(1124, 0, 0, 2, 2, 6, 30, 2014, 0),
(1125, 0, 0, 0, 0, 17, 30, 2014, 0),
(1126, 0, 0, 0, 0, 16, 30, 2014, 0),
(1127, 0, 0, 0, 0, 2, 30, 2014, 0),
(1128, 0, 0, 0, 0, 8, 30, 2014, 0),
(1129, 0, 2, 0, 2, 1, 30, 2009, 1),
(1130, 0, 0, 0, 0, 22, 30, 2009, 1),
(1131, 0, 0, 0, 0, 24, 30, 2009, 1),
(1132, 3, 0, 1, 4, 10, 30, 2009, 1),
(1133, 0, 0, 0, 0, 12, 30, 2009, 1),
(1134, 0, 0, 0, 0, 14, 30, 2009, 1),
(1135, 2, 0, 4, 6, 11, 30, 2009, 1),
(1136, 0, 0, 0, 0, 9, 30, 2009, 1),
(1137, 0, 0, 0, 0, 2, 30, 2009, 1),
(1138, 3, 0, 1, 4, 8, 30, 2009, 1),
(1139, 2, 4, 7, 13, 1, 30, 2010, 1),
(1140, 0, 0, 0, 0, 22, 30, 2010, 1),
(1141, 0, 0, 0, 0, 24, 30, 2010, 1),
(1142, 0, 2, 3, 5, 10, 30, 2010, 1),
(1143, 0, 0, 0, 0, 12, 30, 2010, 1),
(1144, 0, 0, 0, 0, 14, 30, 2010, 1),
(1145, 35, 25, 21, 81, 11, 30, 2010, 1),
(1146, 0, 0, 0, 0, 9, 30, 2010, 1),
(1147, 21, 0, 0, 21, 2, 30, 2010, 1),
(1148, 3, 10, 18, 31, 8, 30, 2010, 1),
(1149, 4, 7, 6, 17, 1, 30, 2011, 1),
(1150, 0, 0, 0, 0, 22, 30, 2011, 1),
(1151, 0, 0, 0, 0, 24, 30, 2011, 1),
(1152, 0, 0, 0, 0, 10, 30, 2011, 1),
(1153, 0, 0, 0, 0, 12, 30, 2011, 1),
(1154, 0, 0, 0, 0, 14, 30, 2011, 1),
(1155, 0, 0, 0, 0, 11, 30, 2011, 1),
(1156, 0, 0, 0, 0, 9, 30, 2011, 1),
(1157, 0, 0, 0, 0, 2, 30, 2011, 1),
(1158, 0, 0, 0, 0, 8, 30, 2011, 1),
(1159, 5, 8, 6, 19, 1, 30, 2012, 1),
(1160, 0, 0, 0, 0, 22, 30, 2012, 1),
(1161, 0, 0, 0, 0, 24, 30, 2012, 1),
(1162, 0, 0, 0, 0, 10, 30, 2012, 1),
(1163, 0, 0, 0, 0, 12, 30, 2012, 1),
(1164, 0, 0, 0, 0, 14, 30, 2012, 1),
(1165, 3, 3, 4, 10, 11, 30, 2012, 1),
(1166, 0, 0, 0, 0, 9, 30, 2012, 1),
(1167, 0, 0, 0, 0, 2, 30, 2012, 1),
(1168, 0, 0, 0, 0, 8, 30, 2012, 1),
(1169, 0, 2, 1, 3, 1, 30, 2013, 1),
(1170, 0, 0, 0, 0, 22, 30, 2013, 1),
(1171, 0, 0, 0, 0, 24, 30, 2013, 1),
(1172, 0, 0, 0, 0, 10, 30, 2013, 1),
(1173, 0, 0, 0, 0, 12, 30, 2013, 1),
(1174, 0, 0, 0, 0, 14, 30, 2013, 1),
(1175, 0, 0, 0, 0, 11, 30, 2013, 1),
(1176, 0, 0, 0, 0, 9, 30, 2013, 1),
(1177, 0, 0, 0, 0, 2, 30, 2013, 1),
(1178, 0, 0, 0, 0, 8, 30, 2013, 1),
(1179, 2, 1, 2, 5, 1, 30, 2014, 1),
(1180, 0, 0, 0, 0, 22, 30, 2014, 1),
(1181, 0, 0, 0, 0, 24, 30, 2014, 1),
(1182, 0, 0, 0, 0, 10, 30, 2014, 1),
(1183, 0, 0, 0, 0, 12, 30, 2014, 1),
(1184, 0, 0, 0, 0, 14, 30, 2014, 1),
(1185, 0, 0, 0, 0, 11, 30, 2014, 1),
(1186, 0, 0, 2, 2, 9, 30, 2014, 1),
(1187, 0, 0, 0, 0, 2, 30, 2014, 1),
(1188, 0, 0, 0, 0, 8, 30, 2014, 1),
(1189, 0, 0, 0, 0, 27, 4, 2009, 0),
(1190, 0, 0, 0, 0, 23, 4, 2009, 0),
(1191, 0, 0, 0, 0, 1, 4, 2009, 0),
(1192, 0, 0, 0, 0, 22, 4, 2009, 0),
(1193, 0, 0, 0, 0, 24, 4, 2009, 0),
(1194, 0, 0, 0, 0, 10, 4, 2009, 0),
(1195, 0, 0, 0, 0, 25, 4, 2009, 0),
(1196, 0, 0, 0, 0, 14, 4, 2009, 0),
(1197, 0, 0, 0, 0, 11, 4, 2009, 0),
(1198, 0, 0, 0, 0, 17, 4, 2009, 0),
(1199, 0, 0, 0, 0, 27, 4, 2010, 0),
(1200, 0, 0, 0, 0, 23, 4, 2010, 0),
(1201, 0, 0, 0, 0, 1, 4, 2010, 0),
(1202, 0, 0, 0, 0, 22, 4, 2010, 0),
(1203, 0, 0, 0, 0, 24, 4, 2010, 0),
(1204, 0, 0, 0, 0, 10, 4, 2010, 0),
(1205, 0, 0, 0, 0, 25, 4, 2010, 0),
(1206, 0, 0, 0, 0, 14, 4, 2010, 0),
(1207, 0, 0, 0, 0, 11, 4, 2010, 0),
(1208, 0, 0, 0, 0, 17, 4, 2010, 0),
(1209, 0, 0, 0, 0, 27, 4, 2011, 0),
(1210, 0, 0, 0, 0, 23, 4, 2011, 0),
(1211, 0, 0, 0, 0, 1, 4, 2011, 0),
(1212, 0, 0, 0, 0, 22, 4, 2011, 0),
(1213, 0, 0, 0, 0, 24, 4, 2011, 0),
(1214, 0, 0, 0, 0, 10, 4, 2011, 0),
(1215, 0, 0, 0, 0, 25, 4, 2011, 0),
(1216, 0, 0, 0, 0, 14, 4, 2011, 0),
(1217, 0, 0, 0, 0, 11, 4, 2011, 0),
(1218, 4, 0, 0, 4, 17, 4, 2011, 0),
(1219, 0, 0, 0, 0, 27, 4, 2012, 0),
(1220, 0, 0, 0, 0, 23, 4, 2012, 0),
(1221, 0, 0, 0, 0, 1, 4, 2012, 0),
(1222, 0, 0, 0, 0, 22, 4, 2012, 0),
(1223, 0, 0, 0, 0, 24, 4, 2012, 0),
(1224, 0, 0, 0, 0, 10, 4, 2012, 0),
(1225, 0, 0, 0, 0, 25, 4, 2012, 0),
(1226, 0, 0, 0, 0, 14, 4, 2012, 0),
(1227, 0, 0, 0, 0, 11, 4, 2012, 0),
(1228, 4, 0, 0, 4, 17, 4, 2012, 0),
(1229, 0, 0, 0, 0, 27, 4, 2013, 0),
(1230, 0, 0, 0, 0, 23, 4, 2013, 0),
(1231, 1, 2, 0, 3, 1, 4, 2013, 0),
(1232, 0, 0, 0, 0, 22, 4, 2013, 0),
(1233, 0, 0, 0, 0, 24, 4, 2013, 0),
(1234, 0, 0, 0, 0, 10, 4, 2013, 0),
(1235, 0, 0, 0, 0, 25, 4, 2013, 0),
(1236, 0, 0, 0, 0, 14, 4, 2013, 0),
(1237, 0, 0, 0, 0, 11, 4, 2013, 0),
(1238, 4, 0, 0, 4, 17, 4, 2013, 0),
(1239, 0, 0, 0, 0, 27, 4, 2014, 0),
(1240, 0, 0, 0, 0, 23, 4, 2014, 0),
(1241, 0, 0, 0, 0, 1, 4, 2014, 0),
(1242, 0, 0, 0, 0, 22, 4, 2014, 0),
(1243, 0, 0, 0, 0, 24, 4, 2014, 0),
(1244, 0, 0, 0, 0, 10, 4, 2014, 0),
(1245, 0, 0, 0, 0, 25, 4, 2014, 0),
(1246, 0, 0, 0, 0, 14, 4, 2014, 0),
(1247, 0, 0, 0, 0, 11, 4, 2014, 0),
(1248, 0, 0, 0, 0, 17, 4, 2014, 0),
(1249, 0, 0, 0, 0, 27, 4, 2009, 1),
(1250, 0, 0, 0, 0, 23, 4, 2009, 1),
(1251, 42, 1, 5, 48, 1, 4, 2009, 1),
(1252, 0, 0, 1, 1, 4, 4, 2009, 1),
(1253, 0, 0, 0, 0, 22, 4, 2009, 1),
(1254, 0, 1, 1, 2, 10, 4, 2009, 1),
(1255, 0, 2, 0, 2, 25, 4, 2009, 1),
(1256, 0, 5, 6, 11, 11, 4, 2009, 1),
(1257, 0, 0, 0, 0, 16, 4, 2009, 1),
(1258, 0, 0, 1, 1, 17, 4, 2009, 1),
(1259, 0, 0, 0, 0, 12, 4, 2009, 1),
(1260, 0, 0, 0, 0, 27, 4, 2010, 1),
(1261, 0, 0, 0, 0, 23, 4, 2010, 1),
(1262, 10, 5, 0, 15, 1, 4, 2010, 1),
(1263, 0, 0, 0, 0, 4, 4, 2010, 1),
(1264, 5, 5, 0, 10, 22, 4, 2010, 1),
(1265, 0, 0, 0, 0, 10, 4, 2010, 1),
(1266, 0, 0, 0, 0, 25, 4, 2010, 1),
(1267, 0, 0, 0, 0, 11, 4, 2010, 1),
(1268, 0, 0, 0, 0, 16, 4, 2010, 1),
(1269, 0, 0, 0, 0, 17, 4, 2010, 1),
(1270, 0, 0, 0, 0, 12, 4, 2010, 1),
(1271, 0, 0, 0, 0, 27, 4, 2011, 1),
(1272, 0, 1, 0, 1, 23, 4, 2011, 1),
(1273, 5, 0, 15, 20, 1, 4, 2011, 1),
(1274, 6, 0, 5, 11, 4, 4, 2011, 1),
(1275, 0, 0, 0, 0, 22, 4, 2011, 1),
(1276, 0, 0, 1, 1, 10, 4, 2011, 1),
(1277, 2, 0, 1, 3, 25, 4, 2011, 1),
(1278, 0, 0, 0, 0, 11, 4, 2011, 1),
(1279, 1, 0, 1, 2, 16, 4, 2011, 1),
(1280, 20, 1, 1, 22, 17, 4, 2011, 1),
(1281, 0, 0, 0, 0, 12, 4, 2011, 1),
(1282, 0, 0, 0, 0, 27, 4, 2012, 1),
(1283, 0, 0, 0, 0, 23, 4, 2012, 1),
(1284, 0, 2, 1, 3, 1, 4, 2012, 1),
(1285, 0, 0, 0, 0, 4, 4, 2012, 1),
(1286, 0, 0, 0, 0, 22, 4, 2012, 1),
(1287, 0, 0, 0, 0, 10, 4, 2012, 1),
(1288, 1, 1, 1, 3, 25, 4, 2012, 1),
(1289, 0, 0, 0, 0, 11, 4, 2012, 1),
(1290, 0, 0, 0, 0, 16, 4, 2012, 1),
(1291, 1, 0, 2, 3, 17, 4, 2012, 1),
(1292, 0, 0, 0, 0, 12, 4, 2012, 1),
(1293, 0, 0, 0, 0, 27, 4, 2013, 1),
(1294, 0, 0, 0, 0, 23, 4, 2013, 1),
(1295, 12, 5, 3, 20, 1, 4, 2013, 1),
(1296, 0, 0, 0, 0, 4, 4, 2013, 1),
(1297, 0, 0, 0, 0, 22, 4, 2013, 1),
(1298, 0, 0, 0, 0, 10, 4, 2013, 1),
(1299, 0, 0, 0, 0, 25, 4, 2013, 1),
(1300, 0, 0, 0, 0, 11, 4, 2013, 1),
(1301, 0, 0, 0, 0, 16, 4, 2013, 1),
(1302, 0, 0, 0, 0, 17, 4, 2013, 1),
(1303, 0, 0, 0, 0, 12, 4, 2013, 1),
(1304, 0, 0, 0, 0, 27, 4, 2014, 1),
(1305, 0, 0, 0, 0, 23, 4, 2014, 1),
(1306, 10, 5, 0, 15, 1, 4, 2014, 1),
(1307, 0, 0, 0, 0, 4, 4, 2014, 1),
(1308, 0, 0, 0, 0, 22, 4, 2014, 1),
(1309, 5, 0, 10, 15, 10, 4, 2014, 1),
(1310, 5, 15, 10, 30, 25, 4, 2014, 1),
(1311, 0, 5, 0, 5, 11, 4, 2014, 1),
(1312, 0, 0, 0, 0, 16, 4, 2014, 1),
(1313, 10, 5, 25, 40, 17, 4, 2014, 1),
(1314, 0, 5, 5, 10, 12, 4, 2014, 1),
(1315, 0, 0, 0, 0, 27, 6, 2009, 0),
(1316, 0, 0, 0, 0, 23, 6, 2009, 0),
(1317, 4, 1, 1, 6, 1, 6, 2009, 0),
(1318, 0, 0, 0, 0, 24, 6, 2009, 0),
(1319, 0, 0, 3, 3, 12, 6, 2009, 0),
(1320, 0, 0, 0, 0, 14, 6, 2009, 0),
(1321, 6, 3, 1, 10, 11, 6, 2009, 0),
(1322, 0, 0, 0, 0, 16, 6, 2009, 0),
(1323, 0, 0, 0, 0, 31, 6, 2009, 0),
(1324, 0, 0, 4, 4, 17, 6, 2009, 0),
(1325, 0, 0, 0, 0, 27, 6, 2010, 0),
(1326, 0, 0, 0, 0, 23, 6, 2010, 0),
(1327, 8, 2, 1, 11, 1, 6, 2010, 0),
(1328, 0, 0, 0, 0, 24, 6, 2010, 0),
(1329, 2, 2, 4, 8, 12, 6, 2010, 0),
(1330, 15, 4, 9, 28, 14, 6, 2010, 0),
(1331, 14, 3, 2, 19, 11, 6, 2010, 0),
(1332, 1, 0, 0, 1, 16, 6, 2010, 0),
(1333, 2, 0, 0, 2, 31, 6, 2010, 0),
(1334, 1, 1, 5, 7, 17, 6, 2010, 0),
(1335, 0, 0, 0, 0, 27, 6, 2011, 0),
(1336, 0, 0, 0, 0, 23, 6, 2011, 0),
(1337, 0, 0, 0, 0, 1, 6, 2011, 0),
(1338, 0, 0, 0, 0, 24, 6, 2011, 0),
(1339, 6, 0, 6, 12, 12, 6, 2011, 0),
(1340, 0, 0, 0, 0, 14, 6, 2011, 0),
(1341, 0, 0, 0, 0, 11, 6, 2011, 0),
(1342, 0, 0, 0, 0, 16, 6, 2011, 0),
(1343, 0, 0, 0, 0, 31, 6, 2011, 0),
(1344, 0, 0, 0, 0, 17, 6, 2011, 0),
(1345, 0, 0, 0, 0, 27, 6, 2012, 0),
(1346, 0, 0, 0, 0, 23, 6, 2012, 0),
(1347, 8, 2, 1, 11, 1, 6, 2012, 0),
(1348, 0, 0, 0, 0, 24, 6, 2012, 0),
(1349, 2, 0, 0, 2, 12, 6, 2012, 0),
(1350, 6, 3, 3, 12, 14, 6, 2012, 0),
(1351, 3, 1, 2, 6, 11, 6, 2012, 0),
(1352, 0, 0, 0, 0, 16, 6, 2012, 0),
(1353, 0, 0, 0, 0, 31, 6, 2012, 0),
(1354, 2, 1, 1, 4, 17, 6, 2012, 0),
(1355, 0, 0, 0, 0, 27, 6, 2013, 0),
(1356, 3, 4, 5, 12, 23, 6, 2013, 0),
(1357, 11, 8, 3, 22, 1, 6, 2013, 0),
(1358, 0, 0, 0, 0, 24, 6, 2013, 0),
(1359, 5, 5, 0, 10, 12, 6, 2013, 0),
(1360, 0, 3, 4, 7, 14, 6, 2013, 0),
(1361, 14, 8, 6, 28, 11, 6, 2013, 0),
(1362, 0, 0, 0, 0, 16, 6, 2013, 0),
(1363, 0, 0, 0, 0, 31, 6, 2013, 0),
(1364, 4, 3, 1, 8, 17, 6, 2013, 0),
(1365, 0, 0, 0, 0, 27, 6, 2014, 0),
(1366, 1, 2, 0, 3, 23, 6, 2014, 0),
(1367, 8, 8, 0, 16, 1, 6, 2014, 0),
(1368, 0, 0, 0, 0, 24, 6, 2014, 0),
(1369, 0, 0, 0, 0, 12, 6, 2014, 0),
(1370, 0, 1, 1, 2, 14, 6, 2014, 0),
(1371, 0, 0, 0, 0, 11, 6, 2014, 0),
(1372, 0, 0, 0, 0, 16, 6, 2014, 0),
(1373, 0, 0, 0, 0, 31, 6, 2014, 0),
(1374, 1, 2, 0, 3, 17, 6, 2014, 0),
(1375, 0, 0, 3, 3, 1, 6, 2009, 1),
(1376, 0, 1, 1, 2, 21, 6, 2009, 1),
(1377, 1, 0, 1, 2, 9, 6, 2009, 1),
(1378, 1, 1, 1, 3, 4, 6, 2009, 1),
(1379, 13, 2, 0, 15, 22, 6, 2009, 1),
(1380, 4, 4, 8, 16, 10, 6, 2009, 1),
(1381, 0, 0, 0, 0, 25, 6, 2009, 1),
(1382, 19, 2, 2, 23, 12, 6, 2009, 1),
(1383, 5, 4, 3, 12, 14, 6, 2009, 1),
(1384, 5, 2, 5, 12, 11, 6, 2009, 1),
(1385, 11, 10, 13, 34, 15, 6, 2009, 1),
(1386, 4, 6, 6, 16, 16, 6, 2009, 1),
(1387, 0, 3, 1, 4, 8, 6, 2009, 1),
(1388, 0, 0, 0, 0, 31, 6, 2009, 1),
(1389, 10, 1, 4, 15, 17, 6, 2009, 1),
(1390, 4, 3, 4, 11, 1, 6, 2010, 1),
(1391, 0, 0, 0, 0, 21, 6, 2010, 1),
(1392, 0, 0, 0, 0, 9, 6, 2010, 1),
(1393, 0, 0, 0, 0, 4, 6, 2010, 1),
(1394, 5, 2, 0, 7, 22, 6, 2010, 1),
(1395, 6, 4, 4, 14, 10, 6, 2010, 1),
(1396, 4, 1, 0, 5, 25, 6, 2010, 1),
(1397, 10, 4, 2, 16, 12, 6, 2010, 1),
(1398, 5, 7, 1, 13, 14, 6, 2010, 1),
(1399, 9, 4, 5, 18, 11, 6, 2010, 1),
(1400, 0, 0, 0, 0, 15, 6, 2010, 1),
(1401, 10, 19, 23, 52, 16, 6, 2010, 1),
(1402, 0, 0, 0, 0, 8, 6, 2010, 1),
(1403, 20, 0, 0, 20, 31, 6, 2010, 1),
(1404, 2, 8, 6, 16, 17, 6, 2010, 1),
(1405, 0, 0, 0, 0, 1, 6, 2011, 1),
(1406, 0, 0, 0, 0, 21, 6, 2011, 1),
(1407, 0, 0, 0, 0, 9, 6, 2011, 1),
(1408, 0, 0, 0, 0, 4, 6, 2011, 1),
(1409, 0, 0, 0, 0, 22, 6, 2011, 1),
(1410, 0, 0, 0, 0, 10, 6, 2011, 1),
(1411, 0, 0, 0, 0, 25, 6, 2011, 1),
(1412, 3, 0, 1, 4, 12, 6, 2011, 1),
(1413, 0, 0, 0, 0, 14, 6, 2011, 1),
(1414, 0, 0, 0, 0, 11, 6, 2011, 1),
(1415, 0, 0, 0, 0, 15, 6, 2011, 1),
(1416, 0, 0, 0, 0, 16, 6, 2011, 1),
(1417, 0, 0, 0, 0, 8, 6, 2011, 1),
(1418, 0, 0, 0, 0, 31, 6, 2011, 1),
(1419, 0, 0, 0, 0, 17, 6, 2011, 1),
(1420, 3, 3, 1, 7, 1, 6, 2012, 1),
(1421, 0, 0, 0, 0, 21, 6, 2012, 1),
(1422, 0, 0, 0, 0, 9, 6, 2012, 1),
(1423, 0, 0, 0, 0, 4, 6, 2012, 1),
(1424, 0, 0, 0, 0, 22, 6, 2012, 1),
(1425, 0, 0, 0, 0, 10, 6, 2012, 1),
(1426, 0, 0, 0, 0, 25, 6, 2012, 1),
(1427, 17, 7, 2, 26, 12, 6, 2012, 1),
(1428, 6, 0, 0, 6, 14, 6, 2012, 1),
(1429, 2, 3, 5, 10, 11, 6, 2012, 1),
(1430, 0, 0, 0, 0, 15, 6, 2012, 1),
(1431, 0, 0, 0, 0, 16, 6, 2012, 1),
(1432, 0, 0, 0, 0, 8, 6, 2012, 1),
(1433, 0, 0, 0, 0, 31, 6, 2012, 1),
(1434, 10, 1, 1, 12, 17, 6, 2012, 1),
(1435, 4, 2, 0, 6, 1, 6, 2013, 1),
(1436, 0, 0, 0, 0, 21, 6, 2013, 1),
(1437, 0, 0, 0, 0, 9, 6, 2013, 1),
(1438, 0, 0, 0, 0, 4, 6, 2013, 1),
(1439, 0, 0, 0, 0, 22, 6, 2013, 1),
(1440, 0, 0, 0, 0, 10, 6, 2013, 1),
(1441, 0, 0, 0, 0, 25, 6, 2013, 1),
(1442, 5, 5, 0, 10, 12, 6, 2013, 1),
(1443, 0, 1, 3, 4, 14, 6, 2013, 1),
(1444, 5, 2, 6, 13, 11, 6, 2013, 1),
(1445, 0, 0, 0, 0, 15, 6, 2013, 1),
(1446, 0, 0, 0, 0, 16, 6, 2013, 1),
(1447, 0, 0, 0, 0, 8, 6, 2013, 1),
(1448, 0, 0, 0, 0, 31, 6, 2013, 1),
(1449, 4, 3, 1, 8, 17, 6, 2013, 1),
(1450, 0, 1, 0, 1, 1, 6, 2014, 1),
(1451, 0, 0, 0, 0, 21, 6, 2014, 1),
(1452, 0, 0, 0, 0, 9, 6, 2014, 1),
(1453, 0, 0, 0, 0, 4, 6, 2014, 1),
(1454, 0, 0, 0, 0, 22, 6, 2014, 1),
(1455, 0, 0, 0, 0, 10, 6, 2014, 1),
(1456, 0, 0, 0, 0, 25, 6, 2014, 1),
(1457, 0, 0, 0, 0, 12, 6, 2014, 1),
(1458, 0, 0, 0, 0, 14, 6, 2014, 1),
(1459, 0, 0, 0, 0, 11, 6, 2014, 1),
(1460, 0, 0, 0, 0, 15, 6, 2014, 1),
(1461, 0, 0, 0, 0, 16, 6, 2014, 1),
(1462, 0, 0, 0, 0, 8, 6, 2014, 1),
(1463, 0, 0, 0, 0, 31, 6, 2014, 1),
(1464, 1, 1, 0, 2, 17, 6, 2014, 1),
(1465, 0, 0, 0, 0, 27, 5, 2009, 0),
(1466, 0, 0, 0, 0, 23, 5, 2009, 0),
(1467, 2, 0, 1, 3, 1, 5, 2009, 0),
(1468, 0, 0, 0, 0, 9, 5, 2009, 0),
(1469, 3, 2, 3, 8, 22, 5, 2009, 0),
(1470, 0, 0, 0, 0, 10, 5, 2009, 0),
(1471, 0, 0, 0, 0, 25, 5, 2009, 0),
(1472, 0, 0, 0, 0, 14, 5, 2009, 0),
(1473, 0, 0, 0, 0, 11, 5, 2009, 0),
(1474, 0, 0, 0, 0, 15, 5, 2009, 0),
(1475, 0, 0, 0, 0, 27, 5, 2010, 0),
(1476, 0, 0, 0, 0, 23, 5, 2010, 0);
INSERT INTO `tbl_medali` (`id_medali`, `emas`, `perak`, `perunggu`, `jml_medali`, `id_cabor`, `id_propinsi`, `tahun`, `kejuaraan`) VALUES
(1477, 0, 0, 0, 0, 1, 5, 2010, 0),
(1478, 0, 0, 0, 0, 9, 5, 2010, 0),
(1479, 0, 0, 0, 0, 22, 5, 2010, 0),
(1480, 0, 0, 0, 0, 10, 5, 2010, 0),
(1481, 0, 0, 0, 0, 25, 5, 2010, 0),
(1482, 0, 0, 0, 0, 14, 5, 2010, 0),
(1483, 3, 0, 2, 5, 11, 5, 2010, 0),
(1484, 0, 0, 0, 0, 15, 5, 2010, 0),
(1485, 0, 0, 0, 0, 27, 5, 2011, 0),
(1486, 0, 0, 0, 0, 23, 5, 2011, 0),
(1487, 0, 0, 0, 0, 1, 5, 2011, 0),
(1488, 0, 0, 0, 0, 9, 5, 2011, 0),
(1489, 0, 0, 0, 0, 22, 5, 2011, 0),
(1490, 0, 0, 0, 0, 10, 5, 2011, 0),
(1491, 0, 0, 0, 0, 25, 5, 2011, 0),
(1492, 0, 0, 0, 0, 14, 5, 2011, 0),
(1493, 0, 0, 0, 0, 11, 5, 2011, 0),
(1494, 0, 0, 0, 0, 15, 5, 2011, 0),
(1495, 0, 0, 0, 0, 27, 5, 2012, 0),
(1496, 0, 0, 0, 0, 23, 5, 2012, 0),
(1497, 0, 0, 0, 0, 1, 5, 2012, 0),
(1498, 0, 0, 0, 0, 9, 5, 2012, 0),
(1499, 0, 0, 0, 0, 22, 5, 2012, 0),
(1500, 0, 0, 0, 0, 10, 5, 2012, 0),
(1501, 0, 0, 0, 0, 25, 5, 2012, 0),
(1502, 0, 0, 0, 0, 14, 5, 2012, 0),
(1503, 0, 0, 0, 0, 11, 5, 2012, 0),
(1504, 0, 0, 0, 0, 15, 5, 2012, 0),
(1505, 0, 0, 0, 0, 27, 5, 2013, 0),
(1506, 0, 0, 0, 0, 23, 5, 2013, 0),
(1507, 0, 0, 0, 0, 1, 5, 2013, 0),
(1508, 0, 0, 0, 0, 9, 5, 2013, 0),
(1509, 0, 0, 0, 0, 22, 5, 2013, 0),
(1510, 0, 0, 0, 0, 10, 5, 2013, 0),
(1511, 0, 0, 0, 0, 25, 5, 2013, 0),
(1512, 0, 0, 0, 0, 14, 5, 2013, 0),
(1513, 0, 0, 0, 0, 11, 5, 2013, 0),
(1514, 0, 0, 0, 0, 15, 5, 2013, 0),
(1515, 0, 0, 0, 0, 27, 5, 2014, 0),
(1516, 0, 0, 0, 0, 23, 5, 2014, 0),
(1517, 0, 0, 0, 0, 1, 5, 2014, 0),
(1518, 20, 11, 0, 31, 9, 5, 2014, 0),
(1519, 0, 0, 0, 0, 22, 5, 2014, 0),
(1520, 0, 0, 0, 0, 10, 5, 2014, 0),
(1521, 0, 0, 0, 0, 25, 5, 2014, 0),
(1522, 0, 0, 0, 0, 14, 5, 2014, 0),
(1523, 0, 0, 0, 0, 11, 5, 2014, 0),
(1524, 0, 0, 0, 0, 15, 5, 2014, 0),
(1525, 0, 0, 0, 0, 27, 5, 2009, 1),
(1526, 0, 0, 0, 0, 23, 5, 2009, 1),
(1527, 0, 0, 0, 0, 1, 5, 2009, 1),
(1528, 0, 0, 0, 0, 21, 5, 2009, 1),
(1529, 1, 0, 2, 3, 9, 5, 2009, 1),
(1530, 0, 0, 0, 0, 22, 5, 2009, 1),
(1531, 0, 0, 0, 0, 25, 5, 2009, 1),
(1532, 0, 0, 0, 0, 14, 5, 2009, 1),
(1533, 0, 0, 0, 0, 11, 5, 2009, 1),
(1534, 0, 0, 0, 0, 8, 5, 2009, 1),
(1535, 0, 0, 0, 0, 27, 5, 2010, 1),
(1536, 0, 0, 0, 0, 23, 5, 2010, 1),
(1537, 0, 0, 0, 0, 1, 5, 2010, 1),
(1538, 0, 0, 0, 0, 21, 5, 2010, 1),
(1539, 0, 0, 1, 1, 9, 5, 2010, 1),
(1540, 0, 0, 0, 0, 22, 5, 2010, 1),
(1541, 0, 0, 0, 0, 25, 5, 2010, 1),
(1542, 0, 0, 0, 0, 14, 5, 2010, 1),
(1543, 0, 0, 0, 0, 11, 5, 2010, 1),
(1544, 0, 0, 1, 1, 8, 5, 2010, 1),
(1545, 0, 0, 0, 0, 27, 5, 2011, 1),
(1546, 0, 0, 0, 0, 23, 5, 2011, 1),
(1547, 0, 2, 2, 4, 1, 5, 2011, 1),
(1548, 0, 0, 0, 0, 21, 5, 2011, 1),
(1549, 0, 1, 0, 1, 9, 5, 2011, 1),
(1550, 0, 0, 0, 0, 22, 5, 2011, 1),
(1551, 0, 0, 0, 0, 25, 5, 2011, 1),
(1552, 0, 0, 0, 0, 14, 5, 2011, 1),
(1553, 0, 0, 0, 0, 11, 5, 2011, 1),
(1554, 0, 0, 0, 0, 8, 5, 2011, 1),
(1555, 0, 0, 0, 0, 27, 5, 2012, 1),
(1556, 0, 0, 0, 0, 23, 5, 2012, 1),
(1557, 0, 2, 2, 4, 1, 5, 2012, 1),
(1558, 0, 0, 0, 0, 21, 5, 2012, 1),
(1559, 0, 0, 1, 1, 9, 5, 2012, 1),
(1560, 0, 0, 0, 0, 22, 5, 2012, 1),
(1561, 0, 0, 0, 0, 25, 5, 2012, 1),
(1562, 0, 0, 0, 0, 14, 5, 2012, 1),
(1563, 0, 0, 0, 0, 11, 5, 2012, 1),
(1564, 0, 0, 0, 0, 8, 5, 2012, 1),
(1565, 0, 0, 0, 0, 27, 5, 2013, 1),
(1566, 0, 0, 0, 0, 23, 5, 2013, 1),
(1567, 10, 5, 0, 15, 1, 5, 2013, 1),
(1568, 0, 0, 0, 0, 21, 5, 2013, 1),
(1569, 0, 0, 1, 1, 9, 5, 2013, 1),
(1570, 0, 0, 0, 0, 22, 5, 2013, 1),
(1571, 0, 0, 0, 0, 25, 5, 2013, 1),
(1572, 0, 0, 0, 0, 14, 5, 2013, 1),
(1573, 0, 0, 0, 0, 11, 5, 2013, 1),
(1574, 0, 0, 0, 0, 8, 5, 2013, 1),
(1575, 0, 0, 0, 0, 27, 5, 2014, 1),
(1576, 0, 0, 0, 0, 23, 5, 2014, 1),
(1577, 0, 0, 0, 0, 1, 5, 2014, 1),
(1578, 0, 0, 0, 0, 21, 5, 2014, 1),
(1579, 1, 0, 1, 2, 9, 5, 2014, 1),
(1580, 0, 0, 0, 0, 22, 5, 2014, 1),
(1581, 0, 0, 0, 0, 25, 5, 2014, 1),
(1582, 0, 0, 0, 0, 14, 5, 2014, 1),
(1583, 0, 0, 0, 0, 11, 5, 2014, 1),
(1584, 0, 0, 0, 0, 8, 5, 2014, 1),
(1585, 0, 0, 0, 0, 27, 7, 2009, 0),
(1586, 0, 0, 0, 0, 23, 7, 2009, 0),
(1587, 0, 0, 0, 0, 1, 7, 2009, 0),
(1588, 0, 0, 0, 0, 4, 7, 2009, 0),
(1589, 0, 0, 0, 0, 24, 7, 2009, 0),
(1590, 0, 0, 0, 0, 10, 7, 2009, 0),
(1591, 0, 0, 0, 0, 12, 7, 2009, 0),
(1592, 0, 0, 0, 0, 14, 7, 2009, 0),
(1593, 0, 0, 0, 0, 2, 7, 2009, 0),
(1594, 0, 2, 0, 2, 17, 7, 2009, 0),
(1595, 0, 0, 0, 0, 27, 7, 2010, 0),
(1596, 0, 0, 0, 0, 23, 7, 2010, 0),
(1597, 0, 0, 0, 0, 1, 7, 2010, 0),
(1598, 0, 0, 0, 0, 4, 7, 2010, 0),
(1599, 0, 0, 0, 0, 24, 7, 2010, 0),
(1600, 1, 0, 1, 2, 10, 7, 2010, 0),
(1601, 3, 2, 2, 7, 12, 7, 2010, 0),
(1602, 0, 0, 0, 0, 14, 7, 2010, 0),
(1603, 0, 0, 0, 0, 2, 7, 2010, 0),
(1604, 1, 0, 0, 1, 17, 7, 2010, 0),
(1605, 0, 0, 0, 0, 27, 7, 2011, 0),
(1606, 0, 0, 0, 0, 23, 7, 2011, 0),
(1607, 0, 0, 0, 0, 1, 7, 2011, 0),
(1608, 0, 0, 0, 0, 4, 7, 2011, 0),
(1609, 0, 0, 0, 0, 24, 7, 2011, 0),
(1610, 0, 0, 0, 0, 10, 7, 2011, 0),
(1611, 0, 0, 0, 0, 12, 7, 2011, 0),
(1612, 0, 0, 0, 0, 14, 7, 2011, 0),
(1613, 0, 0, 0, 0, 2, 7, 2011, 0),
(1614, 0, 0, 0, 0, 17, 7, 2011, 0),
(1615, 0, 0, 0, 0, 27, 7, 2012, 0),
(1616, 0, 0, 0, 0, 23, 7, 2012, 0),
(1617, 0, 0, 0, 0, 1, 7, 2012, 0),
(1618, 0, 0, 0, 0, 4, 7, 2012, 0),
(1619, 0, 0, 0, 0, 24, 7, 2012, 0),
(1620, 0, 0, 0, 0, 10, 7, 2012, 0),
(1621, 0, 0, 0, 0, 12, 7, 2012, 0),
(1622, 0, 0, 0, 0, 14, 7, 2012, 0),
(1623, 0, 0, 0, 0, 2, 7, 2012, 0),
(1624, 0, 0, 0, 0, 17, 7, 2012, 0),
(1625, 0, 0, 0, 0, 27, 7, 2013, 0),
(1626, 0, 0, 0, 0, 23, 7, 2013, 0),
(1627, 0, 0, 0, 0, 1, 7, 2013, 0),
(1628, 0, 2, 0, 2, 4, 7, 2013, 0),
(1629, 0, 0, 0, 0, 24, 7, 2013, 0),
(1630, 0, 0, 0, 0, 10, 7, 2013, 0),
(1631, 0, 0, 0, 0, 12, 7, 2013, 0),
(1632, 0, 0, 0, 0, 14, 7, 2013, 0),
(1633, 1, 0, 0, 1, 2, 7, 2013, 0),
(1634, 0, 0, 0, 0, 17, 7, 2013, 0),
(1635, 0, 0, 0, 0, 27, 7, 2014, 0),
(1636, 0, 0, 0, 0, 23, 7, 2014, 0),
(1637, 0, 0, 0, 0, 1, 7, 2014, 0),
(1638, 0, 0, 0, 0, 4, 7, 2014, 0),
(1639, 0, 0, 0, 0, 24, 7, 2014, 0),
(1640, 0, 0, 0, 0, 10, 7, 2014, 0),
(1641, 0, 0, 0, 0, 12, 7, 2014, 0),
(1642, 0, 0, 0, 0, 14, 7, 2014, 0),
(1643, 0, 0, 0, 0, 2, 7, 2014, 0),
(1644, 0, 0, 0, 0, 17, 7, 2014, 0),
(1645, 0, 0, 0, 0, 27, 7, 2009, 1),
(1646, 0, 0, 0, 0, 23, 7, 2009, 1),
(1647, 0, 0, 0, 0, 1, 7, 2009, 1),
(1648, 0, 0, 0, 0, 22, 7, 2009, 1),
(1649, 0, 0, 0, 0, 24, 7, 2009, 1),
(1650, 0, 0, 0, 0, 18, 7, 2009, 1),
(1651, 0, 0, 0, 0, 14, 7, 2009, 1),
(1652, 0, 0, 0, 0, 11, 7, 2009, 1),
(1653, 0, 0, 0, 0, 15, 7, 2009, 1),
(1654, 0, 0, 0, 0, 8, 7, 2009, 1),
(1655, 0, 0, 0, 0, 27, 7, 2010, 1),
(1656, 0, 0, 0, 0, 23, 7, 2010, 1),
(1657, 8, 8, 11, 27, 1, 7, 2010, 1),
(1658, 0, 0, 0, 0, 22, 7, 2010, 1),
(1659, 0, 0, 0, 0, 24, 7, 2010, 1),
(1660, 0, 0, 0, 0, 18, 7, 2010, 1),
(1661, 0, 0, 0, 0, 14, 7, 2010, 1),
(1662, 0, 0, 0, 0, 11, 7, 2010, 1),
(1663, 0, 0, 0, 0, 15, 7, 2010, 1),
(1664, 0, 0, 0, 0, 8, 7, 2010, 1),
(1665, 0, 0, 0, 0, 27, 7, 2011, 1),
(1666, 0, 0, 0, 0, 23, 7, 2011, 1),
(1667, 31, 9, 6, 46, 1, 7, 2011, 1),
(1668, 0, 0, 0, 0, 22, 7, 2011, 1),
(1669, 0, 0, 0, 0, 24, 7, 2011, 1),
(1670, 0, 0, 0, 0, 18, 7, 2011, 1),
(1671, 1, 0, 4, 5, 14, 7, 2011, 1),
(1672, 6, 2, 2, 10, 11, 7, 2011, 1),
(1673, 0, 4, 3, 7, 15, 7, 2011, 1),
(1674, 0, 1, 0, 1, 8, 7, 2011, 1),
(1675, 0, 0, 0, 0, 27, 7, 2012, 1),
(1676, 0, 0, 0, 0, 23, 7, 2012, 1),
(1677, 31, 9, 6, 46, 1, 7, 2012, 1),
(1678, 0, 0, 0, 0, 22, 7, 2012, 1),
(1679, 0, 0, 0, 0, 24, 7, 2012, 1),
(1680, 0, 0, 0, 0, 18, 7, 2012, 1),
(1681, 1, 0, 4, 5, 14, 7, 2012, 1),
(1682, 6, 2, 2, 10, 11, 7, 2012, 1),
(1683, 0, 4, 3, 7, 15, 7, 2012, 1),
(1684, 0, 1, 0, 1, 8, 7, 2012, 1),
(1685, 0, 0, 0, 0, 27, 7, 2013, 1),
(1686, 0, 0, 0, 0, 23, 7, 2013, 1),
(1687, 0, 0, 7, 7, 1, 7, 2013, 1),
(1688, 0, 0, 0, 0, 22, 7, 2013, 1),
(1689, 0, 0, 0, 0, 24, 7, 2013, 1),
(1690, 0, 2, 0, 2, 18, 7, 2013, 1),
(1691, 5, 7, 1, 13, 14, 7, 2013, 1),
(1692, 0, 3, 1, 4, 11, 7, 2013, 1),
(1693, 0, 0, 0, 0, 15, 7, 2013, 1),
(1694, 0, 1, 2, 3, 8, 7, 2013, 1),
(1695, 0, 0, 0, 0, 27, 7, 2014, 1),
(1696, 0, 0, 0, 0, 23, 7, 2014, 1),
(1697, 0, 0, 0, 0, 1, 7, 2014, 1),
(1698, 0, 0, 0, 0, 22, 7, 2014, 1),
(1699, 0, 0, 0, 0, 24, 7, 2014, 1),
(1700, 0, 0, 0, 0, 18, 7, 2014, 1),
(1701, 0, 0, 0, 0, 14, 7, 2014, 1),
(1702, 0, 0, 0, 0, 11, 7, 2014, 1),
(1703, 0, 0, 0, 0, 15, 7, 2014, 1),
(1704, 0, 0, 0, 0, 8, 7, 2014, 1),
(1705, 0, 0, 0, 0, 27, 8, 2009, 0),
(1706, 0, 0, 0, 0, 23, 8, 2009, 0),
(1707, 0, 0, 0, 0, 1, 8, 2009, 0),
(1708, 0, 0, 0, 0, 9, 8, 2009, 0),
(1709, 0, 0, 1, 1, 26, 8, 2009, 0),
(1710, 0, 0, 0, 0, 22, 8, 2009, 0),
(1711, 0, 0, 0, 0, 24, 8, 2009, 0),
(1712, 0, 0, 0, 0, 10, 8, 2009, 0),
(1713, 0, 0, 0, 0, 14, 8, 2009, 0),
(1714, 0, 0, 0, 0, 11, 8, 2009, 0),
(1715, 0, 0, 0, 0, 17, 8, 2009, 0),
(1716, 0, 0, 0, 0, 27, 8, 2010, 0),
(1717, 0, 0, 0, 0, 23, 8, 2010, 0),
(1718, 0, 0, 0, 0, 1, 8, 2010, 0),
(1719, 0, 0, 0, 0, 9, 8, 2010, 0),
(1720, 0, 0, 0, 0, 26, 8, 2010, 0),
(1721, 0, 0, 0, 0, 22, 8, 2010, 0),
(1722, 0, 0, 0, 0, 24, 8, 2010, 0),
(1723, 0, 0, 0, 0, 10, 8, 2010, 0),
(1724, 0, 0, 0, 0, 14, 8, 2010, 0),
(1725, 0, 0, 0, 0, 11, 8, 2010, 0),
(1726, 0, 0, 0, 0, 17, 8, 2010, 0),
(1727, 0, 0, 0, 0, 27, 8, 2011, 0),
(1728, 0, 0, 0, 0, 23, 8, 2011, 0),
(1729, 7, 1, 0, 8, 1, 8, 2011, 0),
(1730, 1, 0, 2, 3, 9, 8, 2011, 0),
(1731, 2, 6, 3, 11, 26, 8, 2011, 0),
(1732, 0, 0, 0, 0, 22, 8, 2011, 0),
(1733, 0, 0, 0, 0, 24, 8, 2011, 0),
(1734, 0, 0, 0, 0, 10, 8, 2011, 0),
(1735, 0, 0, 0, 0, 14, 8, 2011, 0),
(1736, 0, 0, 0, 0, 11, 8, 2011, 0),
(1737, 0, 0, 0, 0, 17, 8, 2011, 0),
(1738, 0, 0, 0, 0, 27, 8, 2012, 0),
(1739, 0, 0, 0, 0, 23, 8, 2012, 0),
(1740, 0, 0, 0, 0, 1, 8, 2012, 0),
(1741, 0, 0, 0, 0, 9, 8, 2012, 0),
(1742, 0, 0, 0, 0, 26, 8, 2012, 0),
(1743, 0, 0, 0, 0, 22, 8, 2012, 0),
(1744, 0, 0, 0, 0, 24, 8, 2012, 0),
(1745, 0, 0, 0, 0, 10, 8, 2012, 0),
(1746, 0, 0, 0, 0, 14, 8, 2012, 0),
(1747, 0, 0, 0, 0, 11, 8, 2012, 0),
(1748, 0, 0, 0, 0, 17, 8, 2012, 0),
(1749, 0, 0, 0, 0, 27, 8, 2013, 0),
(1750, 0, 0, 0, 0, 23, 8, 2013, 0),
(1751, 5, 1, 1, 7, 1, 8, 2013, 0),
(1752, 4, 1, 1, 6, 9, 8, 2013, 0),
(1753, 0, 0, 0, 0, 26, 8, 2013, 0),
(1754, 0, 0, 0, 0, 22, 8, 2013, 0),
(1755, 0, 0, 0, 0, 24, 8, 2013, 0),
(1756, 0, 0, 0, 0, 10, 8, 2013, 0),
(1757, 0, 0, 0, 0, 14, 8, 2013, 0),
(1758, 0, 0, 0, 0, 11, 8, 2013, 0),
(1759, 0, 0, 0, 0, 17, 8, 2013, 0),
(1760, 0, 0, 0, 0, 27, 8, 2014, 0),
(1761, 0, 0, 0, 0, 23, 8, 2014, 0),
(1762, 0, 0, 0, 0, 1, 8, 2014, 0),
(1763, 0, 0, 0, 0, 9, 8, 2014, 0),
(1764, 0, 0, 0, 0, 26, 8, 2014, 0),
(1765, 0, 0, 0, 0, 22, 8, 2014, 0),
(1766, 0, 0, 0, 0, 24, 8, 2014, 0),
(1767, 0, 0, 0, 0, 10, 8, 2014, 0),
(1768, 0, 0, 0, 0, 14, 8, 2014, 0),
(1769, 0, 0, 0, 0, 11, 8, 2014, 0),
(1770, 0, 0, 0, 0, 17, 8, 2014, 0),
(1771, 0, 0, 0, 0, 27, 8, 2009, 1),
(1772, 0, 0, 0, 0, 23, 8, 2009, 1),
(1773, 0, 0, 0, 0, 1, 8, 2009, 1),
(1774, 0, 0, 0, 0, 9, 8, 2009, 1),
(1775, 0, 0, 0, 0, 22, 8, 2009, 1),
(1776, 0, 0, 0, 0, 24, 8, 2009, 1),
(1777, 0, 0, 0, 0, 10, 8, 2009, 1),
(1778, 0, 0, 0, 0, 14, 8, 2009, 1),
(1779, 0, 0, 0, 0, 11, 8, 2009, 1),
(1780, 0, 0, 0, 0, 17, 8, 2009, 1),
(1781, 0, 0, 0, 0, 27, 8, 2010, 1),
(1782, 0, 0, 0, 0, 23, 8, 2010, 1),
(1783, 0, 0, 0, 0, 1, 8, 2010, 1),
(1784, 0, 0, 0, 0, 9, 8, 2010, 1),
(1785, 0, 0, 0, 0, 22, 8, 2010, 1),
(1786, 0, 0, 0, 0, 24, 8, 2010, 1),
(1787, 0, 0, 0, 0, 10, 8, 2010, 1),
(1788, 0, 0, 0, 0, 14, 8, 2010, 1),
(1789, 0, 0, 0, 0, 11, 8, 2010, 1),
(1790, 0, 0, 0, 0, 17, 8, 2010, 1),
(1791, 0, 0, 0, 0, 27, 8, 2011, 1),
(1792, 0, 0, 0, 0, 23, 8, 2011, 1),
(1793, 0, 0, 0, 0, 1, 8, 2011, 1),
(1794, 0, 0, 0, 0, 9, 8, 2011, 1),
(1795, 0, 0, 0, 0, 22, 8, 2011, 1),
(1796, 0, 0, 0, 0, 24, 8, 2011, 1),
(1797, 0, 0, 0, 0, 10, 8, 2011, 1),
(1798, 0, 0, 0, 0, 14, 8, 2011, 1),
(1799, 0, 0, 0, 0, 11, 8, 2011, 1),
(1800, 0, 0, 0, 0, 17, 8, 2011, 1),
(1801, 0, 0, 0, 0, 27, 8, 2012, 1),
(1802, 0, 0, 0, 0, 23, 8, 2012, 1),
(1803, 0, 8, 4, 12, 1, 8, 2012, 1),
(1804, 0, 0, 0, 0, 9, 8, 2012, 1),
(1805, 0, 0, 0, 0, 22, 8, 2012, 1),
(1806, 0, 0, 0, 0, 24, 8, 2012, 1),
(1807, 0, 0, 0, 0, 10, 8, 2012, 1),
(1808, 0, 0, 0, 0, 14, 8, 2012, 1),
(1809, 0, 0, 0, 0, 11, 8, 2012, 1),
(1810, 0, 0, 0, 0, 17, 8, 2012, 1),
(1811, 0, 0, 0, 0, 27, 8, 2013, 1),
(1812, 0, 0, 0, 0, 23, 8, 2013, 1),
(1813, 0, 0, 0, 0, 1, 8, 2013, 1),
(1814, 0, 0, 0, 0, 9, 8, 2013, 1),
(1815, 0, 0, 0, 0, 22, 8, 2013, 1),
(1816, 0, 0, 0, 0, 24, 8, 2013, 1),
(1817, 0, 0, 0, 0, 10, 8, 2013, 1),
(1818, 0, 0, 0, 0, 14, 8, 2013, 1),
(1819, 0, 0, 0, 0, 11, 8, 2013, 1),
(1820, 0, 0, 0, 0, 17, 8, 2013, 1),
(1821, 0, 0, 0, 0, 27, 8, 2014, 1),
(1822, 0, 0, 0, 0, 23, 8, 2014, 1),
(1823, 0, 0, 0, 0, 1, 8, 2014, 1),
(1824, 0, 0, 0, 0, 9, 8, 2014, 1),
(1825, 0, 0, 0, 0, 22, 8, 2014, 1),
(1826, 0, 0, 0, 0, 24, 8, 2014, 1),
(1827, 0, 0, 0, 0, 10, 8, 2014, 1),
(1828, 0, 0, 0, 0, 14, 8, 2014, 1),
(1829, 0, 0, 0, 0, 11, 8, 2014, 1),
(1830, 0, 0, 0, 0, 17, 8, 2014, 1),
(1831, 0, 0, 0, 0, 3, 9, 2009, 0),
(1832, 0, 0, 0, 0, 9, 9, 2009, 0),
(1833, 4, 3, 2, 9, 1, 9, 2009, 0),
(1834, 7, 2, 2, 11, 26, 9, 2009, 0),
(1835, 0, 0, 0, 0, 22, 9, 2009, 0),
(1836, 0, 0, 0, 0, 24, 9, 2009, 0),
(1837, 0, 0, 0, 0, 10, 9, 2009, 0),
(1838, 0, 0, 0, 0, 12, 9, 2009, 0),
(1839, 5, 8, 8, 21, 14, 9, 2009, 0),
(1840, 0, 0, 0, 0, 11, 9, 2009, 0),
(1841, 0, 0, 0, 0, 3, 9, 2010, 0),
(1842, 0, 0, 0, 0, 9, 9, 2010, 0),
(1843, 18, 4, 9, 31, 1, 9, 2010, 0),
(1844, 19, 9, 12, 40, 26, 9, 2010, 0),
(1845, 0, 0, 0, 0, 22, 9, 2010, 0),
(1846, 0, 0, 0, 0, 24, 9, 2010, 0),
(1847, 0, 0, 0, 0, 10, 9, 2010, 0),
(1848, 0, 0, 0, 0, 12, 9, 2010, 0),
(1849, 8, 4, 3, 15, 14, 9, 2010, 0),
(1850, 0, 0, 0, 0, 11, 9, 2010, 0),
(1851, 2, 1, 0, 3, 3, 9, 2011, 0),
(1852, 0, 0, 0, 0, 9, 9, 2011, 0),
(1853, 9, 6, 7, 22, 1, 9, 2011, 0),
(1854, 1, 1, 0, 2, 26, 9, 2011, 0),
(1855, 0, 0, 0, 0, 22, 9, 2011, 0),
(1856, 0, 0, 0, 0, 24, 9, 2011, 0),
(1857, 0, 0, 0, 0, 10, 9, 2011, 0),
(1858, 0, 0, 0, 0, 12, 9, 2011, 0),
(1859, 2, 0, 0, 2, 14, 9, 2011, 0),
(1860, 0, 0, 0, 0, 11, 9, 2011, 0),
(1861, 6, 4, 6, 16, 3, 9, 2012, 0),
(1862, 1, 2, 0, 3, 9, 9, 2012, 0),
(1863, 18, 18, 21, 57, 1, 9, 2012, 0),
(1864, 1, 1, 0, 2, 26, 9, 2012, 0),
(1865, 0, 0, 0, 0, 22, 9, 2012, 0),
(1866, 0, 0, 0, 0, 24, 9, 2012, 0),
(1867, 0, 0, 0, 0, 10, 9, 2012, 0),
(1868, 0, 0, 0, 0, 12, 9, 2012, 0),
(1869, 0, 0, 0, 0, 14, 9, 2012, 0),
(1870, 0, 0, 0, 0, 11, 9, 2012, 0),
(1871, 10, 3, 9, 22, 3, 9, 2013, 0),
(1872, 3, 1, 1, 5, 9, 9, 2013, 0),
(1873, 21, 13, 9, 43, 1, 9, 2013, 0),
(1874, 28, 12, 15, 55, 26, 9, 2013, 0),
(1875, 0, 0, 0, 0, 22, 9, 2013, 0),
(1876, 0, 0, 0, 0, 24, 9, 2013, 0),
(1877, 0, 0, 0, 0, 10, 9, 2013, 0),
(1878, 0, 0, 0, 0, 12, 9, 2013, 0),
(1879, 25, 17, 13, 55, 14, 9, 2013, 0),
(1880, 0, 0, 0, 0, 11, 9, 2013, 0),
(1881, 1, 1, 1, 3, 3, 9, 2014, 0),
(1882, 0, 0, 0, 0, 9, 9, 2014, 0),
(1883, 0, 0, 0, 0, 1, 9, 2014, 0),
(1884, 0, 0, 0, 0, 26, 9, 2014, 0),
(1885, 0, 0, 0, 0, 22, 9, 2014, 0),
(1886, 0, 0, 0, 0, 24, 9, 2014, 0),
(1887, 0, 0, 0, 0, 10, 9, 2014, 0),
(1888, 0, 0, 0, 0, 12, 9, 2014, 0),
(1889, 0, 0, 0, 0, 14, 9, 2014, 0),
(1890, 0, 0, 0, 0, 11, 9, 2014, 0),
(1891, 0, 0, 0, 0, 23, 9, 2009, 1),
(1892, 0, 0, 0, 0, 3, 9, 2009, 1),
(1893, 50, 16, 29, 95, 1, 9, 2009, 1),
(1894, 0, 1, 0, 1, 26, 9, 2009, 1),
(1895, 0, 0, 0, 0, 22, 9, 2009, 1),
(1896, 0, 0, 0, 0, 24, 9, 2009, 1),
(1897, 0, 0, 0, 0, 10, 9, 2009, 1),
(1898, 0, 0, 0, 0, 12, 9, 2009, 1),
(1899, 5, 5, 1, 11, 14, 9, 2009, 1),
(1900, 0, 0, 0, 0, 11, 9, 2009, 1),
(1901, 0, 0, 0, 0, 23, 9, 2010, 1),
(1902, 0, 0, 0, 0, 3, 9, 2010, 1),
(1903, 23, 27, 21, 71, 1, 9, 2010, 1),
(1904, 28, 26, 18, 72, 26, 9, 2010, 1),
(1905, 0, 0, 0, 0, 22, 9, 2010, 1),
(1906, 0, 0, 0, 0, 24, 9, 2010, 1),
(1907, 0, 0, 0, 0, 10, 9, 2010, 1),
(1908, 0, 0, 0, 0, 12, 9, 2010, 1),
(1909, 2, 1, 0, 3, 14, 9, 2010, 1),
(1910, 0, 0, 0, 0, 11, 9, 2010, 1),
(1911, 0, 0, 0, 0, 23, 9, 2011, 1),
(1912, 0, 0, 0, 0, 3, 9, 2011, 1),
(1913, 0, 0, 0, 0, 1, 9, 2011, 1),
(1914, 0, 0, 0, 0, 26, 9, 2011, 1),
(1915, 0, 0, 0, 0, 22, 9, 2011, 1),
(1916, 0, 0, 0, 0, 24, 9, 2011, 1),
(1917, 0, 0, 0, 0, 10, 9, 2011, 1),
(1918, 0, 0, 0, 0, 12, 9, 2011, 1),
(1919, 0, 0, 0, 0, 14, 9, 2011, 1),
(1920, 0, 0, 0, 0, 11, 9, 2011, 1),
(1921, 0, 0, 0, 0, 23, 9, 2012, 1),
(1922, 0, 0, 0, 0, 3, 9, 2012, 1),
(1923, 0, 0, 0, 0, 1, 9, 2012, 1),
(1924, 0, 0, 0, 0, 26, 9, 2012, 1),
(1925, 0, 0, 0, 0, 22, 9, 2012, 1),
(1926, 0, 0, 0, 0, 24, 9, 2012, 1),
(1927, 0, 0, 0, 0, 10, 9, 2012, 1),
(1928, 0, 0, 0, 0, 12, 9, 2012, 1),
(1929, 0, 0, 0, 0, 14, 9, 2012, 1),
(1930, 0, 0, 0, 0, 11, 9, 2012, 1),
(1931, 1, 0, 1, 2, 23, 9, 2013, 1),
(1932, 3, 4, 1, 8, 3, 9, 2013, 1),
(1933, 5, 4, 4, 13, 1, 9, 2013, 1),
(1934, 0, 0, 0, 0, 26, 9, 2013, 1),
(1935, 0, 0, 0, 0, 22, 9, 2013, 1),
(1936, 0, 0, 0, 0, 24, 9, 2013, 1),
(1937, 0, 0, 0, 0, 10, 9, 2013, 1),
(1938, 0, 0, 0, 0, 12, 9, 2013, 1),
(1939, 0, 0, 0, 0, 14, 9, 2013, 1),
(1940, 0, 0, 0, 0, 11, 9, 2013, 1),
(1941, 0, 0, 0, 0, 23, 9, 2014, 1),
(1942, 0, 0, 0, 0, 3, 9, 2014, 1),
(1943, 0, 0, 0, 0, 1, 9, 2014, 1),
(1944, 0, 0, 0, 0, 26, 9, 2014, 1),
(1945, 0, 0, 0, 0, 22, 9, 2014, 1),
(1946, 0, 0, 0, 0, 24, 9, 2014, 1),
(1947, 0, 0, 0, 0, 10, 9, 2014, 1),
(1948, 0, 0, 0, 0, 12, 9, 2014, 1),
(1949, 0, 0, 0, 0, 14, 9, 2014, 1),
(1950, 0, 0, 0, 0, 11, 9, 2014, 1),
(1951, 0, 0, 0, 0, 27, 10, 2009, 0),
(1952, 0, 0, 0, 0, 23, 10, 2009, 0),
(1953, 0, 0, 0, 0, 1, 10, 2009, 0),
(1954, 0, 0, 0, 0, 22, 10, 2009, 0),
(1955, 0, 0, 0, 0, 24, 10, 2009, 0),
(1956, 0, 0, 0, 0, 10, 10, 2009, 0),
(1957, 0, 0, 0, 0, 12, 10, 2009, 0),
(1958, 0, 0, 0, 0, 14, 10, 2009, 0),
(1959, 0, 0, 0, 0, 11, 10, 2009, 0),
(1960, 0, 0, 0, 0, 15, 10, 2009, 0),
(1961, 0, 0, 0, 0, 27, 10, 2010, 0),
(1962, 0, 0, 0, 0, 23, 10, 2010, 0),
(1963, 2, 2, 0, 4, 1, 10, 2010, 0),
(1964, 0, 0, 0, 0, 22, 10, 2010, 0),
(1965, 0, 0, 0, 0, 24, 10, 2010, 0),
(1966, 0, 0, 0, 0, 10, 10, 2010, 0),
(1967, 0, 0, 0, 0, 12, 10, 2010, 0),
(1968, 0, 0, 0, 0, 14, 10, 2010, 0),
(1969, 2, 1, 3, 6, 11, 10, 2010, 0),
(1970, 0, 0, 0, 0, 15, 10, 2010, 0),
(1971, 0, 0, 0, 0, 27, 10, 2011, 0),
(1972, 0, 0, 0, 0, 23, 10, 2011, 0),
(1973, 3, 3, 1, 7, 1, 10, 2011, 0),
(1974, 0, 0, 0, 0, 22, 10, 2011, 0),
(1975, 0, 0, 0, 0, 24, 10, 2011, 0),
(1976, 0, 0, 0, 0, 10, 10, 2011, 0),
(1977, 0, 0, 0, 0, 12, 10, 2011, 0),
(1978, 0, 0, 0, 0, 14, 10, 2011, 0),
(1979, 2, 1, 1, 4, 11, 10, 2011, 0),
(1980, 0, 0, 0, 0, 15, 10, 2011, 0),
(1981, 0, 0, 0, 0, 27, 10, 2012, 0),
(1982, 0, 0, 0, 0, 23, 10, 2012, 0),
(1983, 10, 5, 1, 16, 1, 10, 2012, 0),
(1984, 0, 0, 0, 0, 22, 10, 2012, 0),
(1985, 0, 0, 0, 0, 24, 10, 2012, 0),
(1986, 0, 0, 0, 0, 10, 10, 2012, 0),
(1987, 0, 0, 0, 0, 12, 10, 2012, 0),
(1988, 1, 0, 0, 1, 14, 10, 2012, 0),
(1989, 11, 3, 6, 20, 11, 10, 2012, 0),
(1990, 0, 0, 0, 0, 15, 10, 2012, 0),
(1991, 0, 0, 0, 0, 27, 10, 2013, 0),
(1992, 0, 0, 0, 0, 23, 10, 2013, 0),
(1993, 35, 5, 1, 41, 1, 10, 2013, 0),
(1994, 0, 0, 0, 0, 22, 10, 2013, 0),
(1995, 0, 0, 0, 0, 24, 10, 2013, 0),
(1996, 0, 0, 0, 0, 10, 10, 2013, 0),
(1997, 0, 0, 0, 0, 12, 10, 2013, 0),
(1998, 4, 2, 1, 7, 14, 10, 2013, 0),
(1999, 5, 2, 0, 7, 11, 10, 2013, 0),
(2000, 0, 0, 0, 0, 15, 10, 2013, 0),
(2001, 0, 0, 0, 0, 27, 10, 2014, 0),
(2002, 0, 0, 0, 0, 23, 10, 2014, 0),
(2003, 5, 0, 2, 7, 1, 10, 2014, 0),
(2004, 0, 0, 0, 0, 22, 10, 2014, 0),
(2005, 0, 0, 0, 0, 24, 10, 2014, 0),
(2006, 0, 0, 0, 0, 10, 10, 2014, 0),
(2007, 0, 0, 0, 0, 12, 10, 2014, 0),
(2008, 1, 0, 0, 1, 14, 10, 2014, 0),
(2009, 0, 0, 0, 0, 11, 10, 2014, 0),
(2010, 0, 0, 0, 0, 15, 10, 2014, 0),
(2011, 0, 0, 0, 0, 27, 10, 2009, 1),
(2012, 0, 0, 0, 0, 23, 10, 2009, 1),
(2013, 5, 0, 3, 8, 1, 10, 2009, 1),
(2014, 0, 0, 0, 0, 22, 10, 2009, 1),
(2015, 0, 0, 0, 0, 24, 10, 2009, 1),
(2016, 0, 0, 0, 0, 10, 10, 2009, 1),
(2017, 0, 0, 0, 0, 12, 10, 2009, 1),
(2018, 0, 0, 0, 0, 14, 10, 2009, 1),
(2019, 0, 0, 0, 0, 11, 10, 2009, 1),
(2020, 0, 0, 0, 0, 15, 10, 2009, 1),
(2021, 0, 0, 0, 0, 27, 10, 2010, 1),
(2022, 0, 0, 0, 0, 23, 10, 2010, 1),
(2023, 3, 0, 0, 3, 1, 10, 2010, 1),
(2024, 0, 0, 0, 0, 22, 10, 2010, 1),
(2025, 0, 0, 0, 0, 24, 10, 2010, 1),
(2026, 0, 0, 0, 0, 10, 10, 2010, 1),
(2027, 0, 0, 0, 0, 12, 10, 2010, 1),
(2028, 0, 0, 0, 0, 14, 10, 2010, 1),
(2029, 0, 0, 0, 0, 11, 10, 2010, 1),
(2030, 0, 0, 0, 0, 15, 10, 2010, 1),
(2031, 0, 0, 0, 0, 27, 10, 2011, 1),
(2032, 0, 0, 0, 0, 23, 10, 2011, 1),
(2033, 1, 2, 0, 3, 1, 10, 2011, 1),
(2034, 0, 0, 0, 0, 22, 10, 2011, 1),
(2035, 0, 0, 0, 0, 24, 10, 2011, 1),
(2036, 0, 0, 0, 0, 10, 10, 2011, 1),
(2037, 0, 0, 0, 0, 12, 10, 2011, 1),
(2038, 0, 0, 0, 0, 14, 10, 2011, 1),
(2039, 0, 0, 0, 0, 11, 10, 2011, 1),
(2040, 0, 0, 0, 0, 15, 10, 2011, 1),
(2041, 0, 0, 0, 0, 27, 10, 2012, 1),
(2042, 0, 0, 0, 0, 23, 10, 2012, 1),
(2043, 3, 0, 1, 4, 1, 10, 2012, 1),
(2044, 0, 0, 0, 0, 22, 10, 2012, 1),
(2045, 0, 0, 0, 0, 24, 10, 2012, 1),
(2046, 0, 0, 0, 0, 10, 10, 2012, 1),
(2047, 0, 0, 0, 0, 12, 10, 2012, 1),
(2048, 0, 0, 0, 0, 14, 10, 2012, 1),
(2049, 0, 0, 0, 0, 11, 10, 2012, 1),
(2050, 0, 0, 0, 0, 15, 10, 2012, 1),
(2051, 0, 0, 0, 0, 27, 10, 2013, 1),
(2052, 0, 0, 0, 0, 23, 10, 2013, 1),
(2053, 0, 3, 2, 5, 1, 10, 2013, 1),
(2054, 0, 0, 0, 0, 22, 10, 2013, 1),
(2055, 0, 0, 0, 0, 24, 10, 2013, 1),
(2056, 0, 0, 0, 0, 10, 10, 2013, 1),
(2057, 0, 0, 0, 0, 12, 10, 2013, 1),
(2058, 0, 0, 0, 0, 14, 10, 2013, 1),
(2059, 0, 1, 4, 5, 11, 10, 2013, 1),
(2060, 0, 0, 0, 0, 15, 10, 2013, 1),
(2061, 0, 0, 0, 0, 27, 10, 2014, 1),
(2062, 0, 0, 0, 0, 23, 10, 2014, 1),
(2063, 0, 0, 0, 0, 1, 10, 2014, 1),
(2064, 0, 0, 0, 0, 22, 10, 2014, 1),
(2065, 0, 0, 0, 0, 24, 10, 2014, 1),
(2066, 0, 0, 0, 0, 10, 10, 2014, 1),
(2067, 0, 0, 0, 0, 12, 10, 2014, 1),
(2068, 0, 0, 0, 0, 14, 10, 2014, 1),
(2069, 0, 0, 0, 0, 11, 10, 2014, 1),
(2070, 0, 0, 0, 0, 15, 10, 2014, 1),
(2071, 0, 0, 0, 0, 27, 11, 2009, 0),
(2072, 0, 0, 0, 0, 23, 11, 2009, 0),
(2073, 4, 1, 3, 8, 1, 11, 2009, 0),
(2074, 0, 0, 0, 0, 9, 11, 2009, 0),
(2075, 0, 0, 0, 0, 22, 11, 2009, 0),
(2076, 0, 0, 0, 0, 24, 11, 2009, 0),
(2077, 0, 0, 0, 0, 10, 11, 2009, 0),
(2078, 0, 0, 0, 0, 12, 11, 2009, 0),
(2079, 0, 0, 0, 0, 14, 11, 2009, 0),
(2080, 0, 0, 0, 0, 11, 11, 2009, 0),
(2081, 0, 0, 0, 0, 27, 11, 2010, 0),
(2082, 0, 0, 0, 0, 23, 11, 2010, 0),
(2083, 0, 0, 0, 0, 1, 11, 2010, 0),
(2084, 0, 0, 0, 0, 9, 11, 2010, 0),
(2085, 0, 0, 0, 0, 22, 11, 2010, 0),
(2086, 0, 0, 0, 0, 24, 11, 2010, 0),
(2087, 0, 0, 0, 0, 10, 11, 2010, 0),
(2088, 0, 0, 0, 0, 12, 11, 2010, 0),
(2089, 0, 0, 0, 0, 14, 11, 2010, 0),
(2090, 0, 0, 0, 0, 11, 11, 2010, 0),
(2091, 0, 0, 0, 0, 27, 11, 2011, 0),
(2092, 0, 0, 0, 0, 23, 11, 2011, 0),
(2093, 50, 55, 30, 135, 1, 11, 2011, 0),
(2094, 0, 0, 0, 0, 9, 11, 2011, 0),
(2095, 0, 0, 0, 0, 22, 11, 2011, 0),
(2096, 0, 0, 0, 0, 24, 11, 2011, 0),
(2097, 0, 0, 0, 0, 10, 11, 2011, 0),
(2098, 0, 0, 0, 0, 12, 11, 2011, 0),
(2099, 0, 0, 0, 0, 14, 11, 2011, 0),
(2100, 0, 0, 0, 0, 11, 11, 2011, 0),
(2101, 0, 0, 0, 0, 27, 11, 2012, 0),
(2102, 0, 0, 0, 0, 23, 11, 2012, 0),
(2103, 50, 55, 30, 135, 1, 11, 2012, 0),
(2104, 0, 0, 0, 0, 9, 11, 2012, 0),
(2105, 0, 0, 0, 0, 22, 11, 2012, 0),
(2106, 0, 0, 0, 0, 24, 11, 2012, 0),
(2107, 0, 0, 0, 0, 10, 11, 2012, 0),
(2108, 0, 0, 0, 0, 12, 11, 2012, 0),
(2109, 0, 0, 0, 0, 14, 11, 2012, 0),
(2110, 0, 0, 0, 0, 11, 11, 2012, 0),
(2111, 0, 0, 0, 0, 27, 11, 2013, 0),
(2112, 0, 0, 0, 0, 23, 11, 2013, 0),
(2113, 0, 0, 0, 0, 1, 11, 2013, 0),
(2114, 0, 0, 0, 0, 9, 11, 2013, 0),
(2115, 0, 0, 0, 0, 22, 11, 2013, 0),
(2116, 0, 0, 0, 0, 24, 11, 2013, 0),
(2117, 0, 0, 0, 0, 10, 11, 2013, 0),
(2118, 0, 0, 0, 0, 12, 11, 2013, 0),
(2119, 0, 0, 0, 0, 14, 11, 2013, 0),
(2120, 0, 0, 0, 0, 11, 11, 2013, 0),
(2121, 0, 0, 0, 0, 27, 11, 2014, 0),
(2122, 0, 0, 0, 0, 23, 11, 2014, 0),
(2123, 4, 4, 4, 12, 1, 11, 2014, 0),
(2124, 0, 0, 11, 11, 9, 11, 2014, 0),
(2125, 0, 0, 0, 0, 22, 11, 2014, 0),
(2126, 0, 0, 0, 0, 24, 11, 2014, 0),
(2127, 0, 0, 0, 0, 10, 11, 2014, 0),
(2128, 0, 0, 0, 0, 12, 11, 2014, 0),
(2129, 0, 0, 0, 0, 14, 11, 2014, 0),
(2130, 1, 1, 0, 2, 11, 11, 2014, 0),
(2131, 0, 0, 0, 0, 27, 11, 2009, 1),
(2132, 0, 0, 0, 0, 23, 11, 2009, 1),
(2133, 0, 0, 0, 0, 1, 11, 2009, 1),
(2134, 0, 0, 0, 0, 9, 11, 2009, 1),
(2135, 0, 0, 0, 0, 22, 11, 2009, 1),
(2136, 0, 0, 0, 0, 14, 11, 2009, 1),
(2137, 0, 0, 0, 0, 6, 11, 2009, 1),
(2138, 0, 0, 0, 0, 12, 11, 2009, 1),
(2139, 0, 0, 0, 0, 17, 11, 2009, 1),
(2140, 0, 0, 0, 0, 11, 11, 2009, 1),
(2141, 0, 0, 0, 0, 27, 11, 2010, 1),
(2142, 0, 0, 0, 0, 23, 11, 2010, 1),
(2143, 0, 0, 0, 0, 1, 11, 2010, 1),
(2144, 0, 0, 0, 0, 9, 11, 2010, 1),
(2145, 0, 0, 0, 0, 22, 11, 2010, 1),
(2146, 0, 0, 0, 0, 14, 11, 2010, 1),
(2147, 0, 0, 0, 0, 6, 11, 2010, 1),
(2148, 0, 0, 0, 0, 12, 11, 2010, 1),
(2149, 0, 0, 0, 0, 17, 11, 2010, 1),
(2150, 0, 0, 0, 0, 11, 11, 2010, 1),
(2151, 0, 0, 0, 0, 27, 11, 2011, 1),
(2152, 0, 0, 0, 0, 23, 11, 2011, 1),
(2153, 12, 12, 7, 31, 1, 11, 2011, 1),
(2154, 0, 0, 0, 0, 9, 11, 2011, 1),
(2155, 0, 0, 0, 0, 22, 11, 2011, 1),
(2156, 0, 0, 0, 0, 14, 11, 2011, 1),
(2157, 0, 0, 0, 0, 6, 11, 2011, 1),
(2158, 0, 0, 0, 0, 12, 11, 2011, 1),
(2159, 0, 0, 0, 0, 17, 11, 2011, 1),
(2160, 9, 7, 10, 26, 11, 11, 2011, 1),
(2161, 0, 0, 0, 0, 27, 11, 2012, 1),
(2162, 0, 0, 0, 0, 23, 11, 2012, 1),
(2163, 12, 12, 7, 31, 1, 11, 2012, 1),
(2164, 0, 0, 0, 0, 9, 11, 2012, 1),
(2165, 0, 0, 0, 0, 22, 11, 2012, 1),
(2166, 0, 0, 0, 0, 14, 11, 2012, 1),
(2167, 0, 0, 0, 0, 6, 11, 2012, 1),
(2168, 0, 0, 0, 0, 12, 11, 2012, 1),
(2169, 0, 0, 0, 0, 17, 11, 2012, 1),
(2170, 4, 7, 2, 13, 11, 11, 2012, 1),
(2171, 0, 0, 0, 0, 27, 11, 2013, 1),
(2172, 0, 0, 0, 0, 23, 11, 2013, 1),
(2173, 15, 20, 10, 45, 1, 11, 2013, 1),
(2174, 0, 8, 0, 8, 9, 11, 2013, 1),
(2175, 0, 0, 0, 0, 22, 11, 2013, 1),
(2176, 0, 2, 3, 5, 14, 11, 2013, 1),
(2177, 2, 2, 4, 8, 6, 11, 2013, 1),
(2178, 0, 1, 0, 1, 12, 11, 2013, 1),
(2179, 0, 5, 0, 5, 17, 11, 2013, 1),
(2180, 0, 0, 0, 0, 11, 11, 2013, 1),
(2181, 0, 0, 0, 0, 27, 11, 2014, 1),
(2182, 0, 0, 0, 0, 23, 11, 2014, 1),
(2183, 8, 7, 5, 20, 1, 11, 2014, 1),
(2184, 0, 0, 0, 0, 9, 11, 2014, 1),
(2185, 0, 0, 0, 0, 22, 11, 2014, 1),
(2186, 0, 0, 0, 0, 14, 11, 2014, 1),
(2187, 0, 0, 0, 0, 6, 11, 2014, 1),
(2188, 0, 0, 0, 0, 12, 11, 2014, 1),
(2189, 0, 0, 1, 1, 17, 11, 2014, 1),
(2190, 0, 0, 0, 0, 11, 11, 2014, 1),
(2191, 0, 0, 0, 0, 27, 12, 2009, 0),
(2192, 0, 0, 0, 0, 23, 12, 2009, 0),
(2193, 0, 0, 0, 0, 1, 12, 2009, 0),
(2194, 0, 0, 0, 0, 22, 12, 2009, 0),
(2195, 0, 0, 0, 0, 24, 12, 2009, 0),
(2196, 0, 0, 0, 0, 10, 12, 2009, 0),
(2197, 0, 0, 0, 0, 11, 12, 2009, 0),
(2198, 0, 0, 0, 0, 8, 12, 2009, 0),
(2199, 0, 0, 0, 0, 17, 12, 2009, 0),
(2200, 0, 0, 0, 0, 6, 12, 2009, 0),
(2201, 0, 0, 0, 0, 27, 12, 2010, 0),
(2202, 0, 0, 0, 0, 23, 12, 2010, 0),
(2203, 0, 0, 0, 0, 1, 12, 2010, 0),
(2204, 0, 0, 0, 0, 22, 12, 2010, 0),
(2205, 0, 0, 0, 0, 24, 12, 2010, 0),
(2206, 0, 0, 0, 0, 10, 12, 2010, 0),
(2207, 0, 0, 0, 0, 11, 12, 2010, 0),
(2208, 0, 0, 0, 0, 8, 12, 2010, 0),
(2209, 0, 0, 0, 0, 17, 12, 2010, 0),
(2210, 0, 0, 0, 0, 6, 12, 2010, 0),
(2211, 0, 0, 0, 0, 27, 12, 2011, 0),
(2212, 0, 0, 0, 0, 23, 12, 2011, 0),
(2213, 0, 0, 0, 0, 1, 12, 2011, 0),
(2214, 0, 0, 0, 0, 22, 12, 2011, 0),
(2215, 0, 0, 0, 0, 24, 12, 2011, 0),
(2216, 0, 0, 0, 0, 10, 12, 2011, 0),
(2217, 5, 0, 0, 5, 11, 12, 2011, 0),
(2218, 10, 0, 0, 10, 8, 12, 2011, 0),
(2219, 10, 15, 5, 30, 17, 12, 2011, 0),
(2220, 25, 10, 5, 40, 6, 12, 2011, 0),
(2221, 0, 0, 0, 0, 27, 12, 2012, 0),
(2222, 0, 0, 0, 0, 23, 12, 2012, 0),
(2223, 0, 0, 0, 0, 1, 12, 2012, 0),
(2224, 0, 0, 0, 0, 22, 12, 2012, 0),
(2225, 0, 0, 0, 0, 24, 12, 2012, 0),
(2226, 0, 0, 0, 0, 10, 12, 2012, 0),
(2227, 5, 0, 0, 5, 11, 12, 2012, 0),
(2228, 10, 0, 0, 10, 8, 12, 2012, 0),
(2229, 10, 15, 5, 30, 17, 12, 2012, 0),
(2230, 25, 10, 5, 40, 6, 12, 2012, 0),
(2231, 0, 0, 0, 0, 27, 12, 2013, 0),
(2232, 0, 0, 0, 0, 23, 12, 2013, 0),
(2233, 1, 1, 3, 5, 1, 12, 2013, 0),
(2234, 0, 0, 0, 0, 22, 12, 2013, 0),
(2235, 0, 0, 0, 0, 24, 12, 2013, 0),
(2236, 0, 0, 0, 0, 10, 12, 2013, 0),
(2237, 0, 1, 0, 1, 11, 12, 2013, 0),
(2238, 0, 0, 0, 0, 8, 12, 2013, 0),
(2239, 2, 3, 0, 5, 17, 12, 2013, 0),
(2240, 4, 3, 1, 8, 6, 12, 2013, 0),
(2241, 0, 0, 0, 0, 27, 12, 2014, 0),
(2242, 0, 0, 0, 0, 23, 12, 2014, 0),
(2243, 0, 0, 0, 0, 1, 12, 2014, 0),
(2244, 0, 0, 0, 0, 22, 12, 2014, 0),
(2245, 0, 0, 0, 0, 24, 12, 2014, 0),
(2246, 0, 0, 0, 0, 10, 12, 2014, 0),
(2247, 6, 2, 0, 8, 11, 12, 2014, 0),
(2248, 0, 0, 0, 0, 8, 12, 2014, 0),
(2249, 0, 0, 0, 0, 17, 12, 2014, 0),
(2250, 0, 0, 0, 0, 6, 12, 2014, 0),
(2251, 0, 0, 0, 0, 27, 12, 2009, 1),
(2252, 0, 0, 0, 0, 23, 12, 2009, 1),
(2253, 0, 0, 0, 0, 1, 12, 2009, 1),
(2254, 0, 0, 0, 0, 22, 12, 2009, 1),
(2255, 0, 0, 0, 0, 24, 12, 2009, 1),
(2256, 0, 0, 0, 0, 10, 12, 2009, 1),
(2257, 0, 0, 0, 0, 11, 12, 2009, 1),
(2258, 0, 0, 0, 0, 8, 12, 2009, 1),
(2259, 0, 0, 0, 0, 17, 12, 2009, 1),
(2260, 0, 0, 0, 0, 6, 12, 2009, 1),
(2261, 0, 0, 0, 0, 27, 12, 2010, 1),
(2262, 0, 0, 0, 0, 23, 12, 2010, 1),
(2263, 0, 0, 0, 0, 1, 12, 2010, 1),
(2264, 0, 0, 0, 0, 22, 12, 2010, 1),
(2265, 0, 0, 0, 0, 24, 12, 2010, 1),
(2266, 0, 0, 0, 0, 10, 12, 2010, 1),
(2267, 0, 0, 0, 0, 11, 12, 2010, 1),
(2268, 0, 0, 0, 0, 8, 12, 2010, 1),
(2269, 0, 0, 0, 0, 17, 12, 2010, 1),
(2270, 0, 0, 0, 0, 6, 12, 2010, 1),
(2271, 0, 0, 0, 0, 27, 12, 2011, 1),
(2272, 0, 0, 0, 0, 23, 12, 2011, 1),
(2273, 0, 0, 5, 5, 1, 12, 2011, 1),
(2274, 0, 0, 0, 0, 22, 12, 2011, 1),
(2275, 0, 0, 0, 0, 24, 12, 2011, 1),
(2276, 0, 0, 0, 0, 10, 12, 2011, 1),
(2277, 0, 0, 0, 0, 11, 12, 2011, 1),
(2278, 0, 0, 0, 0, 8, 12, 2011, 1),
(2279, 0, 0, 10, 10, 17, 12, 2011, 1),
(2280, 12, 12, 12, 36, 6, 12, 2011, 1),
(2281, 0, 0, 0, 0, 27, 12, 2012, 1),
(2282, 0, 0, 0, 0, 23, 12, 2012, 1),
(2283, 0, 0, 5, 5, 1, 12, 2012, 1),
(2284, 0, 0, 0, 0, 22, 12, 2012, 1),
(2285, 0, 0, 0, 0, 24, 12, 2012, 1),
(2286, 0, 0, 0, 0, 10, 12, 2012, 1),
(2287, 0, 0, 0, 0, 11, 12, 2012, 1),
(2288, 0, 0, 0, 0, 8, 12, 2012, 1),
(2289, 0, 0, 10, 10, 17, 12, 2012, 1),
(2290, 12, 12, 12, 36, 6, 12, 2012, 1),
(2291, 0, 0, 0, 0, 27, 12, 2013, 1),
(2292, 0, 0, 0, 0, 23, 12, 2013, 1),
(2293, 1, 0, 1, 2, 1, 12, 2013, 1),
(2294, 0, 0, 0, 0, 22, 12, 2013, 1),
(2295, 0, 0, 0, 0, 24, 12, 2013, 1),
(2296, 0, 0, 0, 0, 10, 12, 2013, 1),
(2297, 0, 0, 0, 0, 11, 12, 2013, 1),
(2298, 0, 0, 0, 0, 8, 12, 2013, 1),
(2299, 2, 0, 0, 2, 17, 12, 2013, 1),
(2300, 5, 1, 5, 11, 6, 12, 2013, 1),
(2301, 0, 0, 0, 0, 27, 12, 2014, 1),
(2302, 0, 0, 0, 0, 23, 12, 2014, 1),
(2303, 0, 0, 0, 0, 1, 12, 2014, 1),
(2304, 0, 0, 0, 0, 22, 12, 2014, 1),
(2305, 0, 0, 0, 0, 24, 12, 2014, 1),
(2306, 0, 0, 0, 0, 10, 12, 2014, 1),
(2307, 0, 0, 0, 0, 11, 12, 2014, 1),
(2308, 0, 0, 0, 0, 8, 12, 2014, 1),
(2309, 3, 2, 1, 6, 17, 12, 2014, 1),
(2310, 4, 0, 0, 4, 6, 12, 2014, 1),
(2311, 0, 0, 0, 0, 27, 13, 2009, 0),
(2312, 0, 0, 0, 0, 23, 13, 2009, 0),
(2313, 0, 0, 0, 0, 1, 13, 2009, 0),
(2314, 0, 0, 0, 0, 21, 13, 2009, 0),
(2315, 0, 0, 0, 0, 12, 13, 2009, 0),
(2316, 0, 0, 0, 0, 14, 13, 2009, 0),
(2317, 0, 0, 0, 0, 8, 13, 2009, 0),
(2318, 0, 0, 0, 0, 7, 13, 2009, 0),
(2319, 0, 0, 0, 0, 6, 13, 2009, 0),
(2320, 0, 0, 0, 0, 9, 13, 2009, 0),
(2321, 0, 0, 0, 0, 4, 13, 2009, 0),
(2322, 0, 0, 0, 0, 11, 13, 2009, 0),
(2323, 0, 0, 0, 0, 19, 13, 2009, 0),
(2324, 2, 0, 0, 2, 27, 13, 2010, 0),
(2325, 0, 0, 0, 0, 23, 13, 2010, 0),
(2326, 9, 5, 7, 21, 1, 13, 2010, 0),
(2327, 0, 0, 0, 0, 21, 13, 2010, 0),
(2328, 4, 0, 0, 4, 12, 13, 2010, 0),
(2329, 4, 0, 1, 5, 14, 13, 2010, 0),
(2330, 4, 2, 0, 6, 8, 13, 2010, 0),
(2331, 0, 0, 0, 0, 7, 13, 2010, 0),
(2332, 0, 0, 0, 0, 6, 13, 2010, 0),
(2333, 0, 0, 0, 0, 9, 13, 2010, 0),
(2334, 0, 0, 0, 0, 4, 13, 2010, 0),
(2335, 0, 0, 0, 0, 11, 13, 2010, 0),
(2336, 0, 0, 0, 0, 19, 13, 2010, 0),
(2337, 0, 0, 0, 0, 27, 13, 2011, 0),
(2338, 1, 0, 2, 3, 23, 13, 2011, 0),
(2339, 8, 1, 0, 9, 1, 13, 2011, 0),
(2340, 0, 0, 0, 0, 21, 13, 2011, 0),
(2341, 1, 0, 1, 2, 12, 13, 2011, 0),
(2342, 0, 0, 0, 0, 14, 13, 2011, 0),
(2343, 2, 0, 1, 3, 8, 13, 2011, 0),
(2344, 0, 0, 2, 2, 7, 13, 2011, 0),
(2345, 0, 0, 0, 0, 6, 13, 2011, 0),
(2346, 0, 0, 0, 0, 9, 13, 2011, 0),
(2347, 0, 0, 0, 0, 4, 13, 2011, 0),
(2348, 0, 0, 0, 0, 11, 13, 2011, 0),
(2349, 0, 0, 0, 0, 19, 13, 2011, 0),
(2350, 0, 2, 2, 4, 27, 13, 2012, 0),
(2351, 4, 0, 0, 4, 23, 13, 2012, 0),
(2352, 12, 3, 1, 16, 1, 13, 2012, 0),
(2353, 0, 0, 0, 0, 21, 13, 2012, 0),
(2354, 2, 2, 2, 6, 12, 13, 2012, 0),
(2355, 0, 0, 0, 0, 14, 13, 2012, 0),
(2356, 7, 1, 1, 9, 8, 13, 2012, 0),
(2357, 0, 0, 0, 0, 7, 13, 2012, 0),
(2358, 0, 0, 0, 0, 6, 13, 2012, 0),
(2359, 0, 0, 0, 0, 9, 13, 2012, 0),
(2360, 0, 0, 0, 0, 4, 13, 2012, 0),
(2361, 0, 0, 0, 0, 11, 13, 2012, 0),
(2362, 0, 0, 0, 0, 19, 13, 2012, 0),
(2363, 0, 0, 0, 0, 27, 13, 2013, 0),
(2364, 4, 0, 0, 4, 23, 13, 2013, 0),
(2365, 40, 10, 9, 59, 1, 13, 2013, 0),
(2366, 0, 0, 0, 0, 21, 13, 2013, 0),
(2367, 2, 2, 3, 7, 12, 13, 2013, 0),
(2368, 0, 0, 0, 0, 14, 13, 2013, 0),
(2369, 10, 0, 0, 10, 8, 13, 2013, 0),
(2370, 0, 0, 0, 0, 7, 13, 2013, 0),
(2371, 0, 0, 0, 0, 6, 13, 2013, 0),
(2372, 0, 0, 0, 0, 9, 13, 2013, 0),
(2373, 0, 0, 0, 0, 4, 13, 2013, 0),
(2374, 0, 0, 0, 0, 11, 13, 2013, 0),
(2375, 0, 0, 0, 0, 19, 13, 2013, 0),
(2376, 0, 0, 6, 6, 27, 13, 2014, 0),
(2377, 2, 4, 0, 6, 23, 13, 2014, 0),
(2378, 14, 3, 6, 23, 1, 13, 2014, 0),
(2379, 0, 12, 11, 23, 21, 13, 2014, 0),
(2380, 10, 4, 6, 20, 12, 13, 2014, 0),
(2381, 0, 0, 0, 0, 14, 13, 2014, 0),
(2382, 7, 7, 0, 14, 8, 13, 2014, 0),
(2383, 0, 2, 0, 2, 7, 13, 2014, 0),
(2384, 3, 2, 2, 7, 6, 13, 2014, 0),
(2385, 0, 0, 25, 25, 9, 13, 2014, 0),
(2386, 0, 4, 0, 4, 4, 13, 2014, 0),
(2387, 2, 3, 0, 5, 11, 13, 2014, 0),
(2388, 4, 4, 8, 16, 19, 13, 2014, 0),
(2389, 0, 0, 0, 0, 3, 13, 2009, 1),
(2390, 0, 0, 0, 0, 27, 13, 2009, 1),
(2391, 0, 0, 0, 0, 23, 13, 2009, 1),
(2392, 0, 0, 0, 0, 1, 13, 2009, 1),
(2393, 0, 0, 0, 0, 5, 13, 2009, 1),
(2394, 0, 0, 0, 0, 32, 13, 2009, 1),
(2395, 0, 0, 0, 0, 25, 13, 2009, 1),
(2396, 0, 0, 0, 0, 12, 13, 2009, 1),
(2397, 0, 0, 0, 0, 14, 13, 2009, 1),
(2398, 0, 0, 0, 0, 17, 13, 2009, 1),
(2399, 0, 0, 0, 0, 33, 13, 2009, 1),
(2400, 0, 0, 0, 0, 34, 13, 2009, 1),
(2401, 0, 0, 0, 0, 6, 13, 2009, 1),
(2402, 0, 0, 0, 0, 3, 13, 2010, 1),
(2403, 0, 0, 0, 0, 27, 13, 2010, 1),
(2404, 0, 0, 0, 0, 23, 13, 2010, 1),
(2405, 0, 0, 0, 0, 1, 13, 2010, 1),
(2406, 0, 0, 0, 0, 5, 13, 2010, 1),
(2407, 0, 0, 0, 0, 32, 13, 2010, 1),
(2408, 0, 0, 0, 0, 25, 13, 2010, 1),
(2409, 0, 0, 0, 0, 12, 13, 2010, 1),
(2410, 0, 0, 0, 0, 14, 13, 2010, 1),
(2411, 0, 0, 0, 0, 17, 13, 2010, 1),
(2412, 0, 0, 0, 0, 33, 13, 2010, 1),
(2413, 0, 0, 0, 0, 34, 13, 2010, 1),
(2414, 0, 0, 0, 0, 6, 13, 2010, 1),
(2415, 0, 0, 0, 0, 3, 13, 2011, 1),
(2416, 0, 0, 0, 0, 27, 13, 2011, 1),
(2417, 0, 0, 0, 0, 23, 13, 2011, 1),
(2418, 2, 0, 2, 4, 1, 13, 2011, 1),
(2419, 0, 0, 0, 0, 5, 13, 2011, 1),
(2420, 0, 0, 0, 0, 32, 13, 2011, 1),
(2421, 0, 0, 0, 0, 25, 13, 2011, 1),
(2422, 0, 0, 0, 0, 12, 13, 2011, 1),
(2423, 0, 0, 3, 3, 14, 13, 2011, 1),
(2424, 0, 0, 0, 0, 17, 13, 2011, 1),
(2425, 0, 0, 0, 0, 33, 13, 2011, 1),
(2426, 0, 0, 0, 0, 34, 13, 2011, 1),
(2427, 0, 0, 0, 0, 6, 13, 2011, 1),
(2428, 0, 0, 2, 2, 3, 13, 2012, 1),
(2429, 2, 3, 4, 9, 27, 13, 2012, 1),
(2430, 2, 0, 0, 2, 23, 13, 2012, 1),
(2431, 4, 4, 11, 19, 1, 13, 2012, 1),
(2432, 0, 1, 0, 1, 5, 13, 2012, 1),
(2433, 1, 2, 2, 5, 32, 13, 2012, 1),
(2434, 0, 1, 0, 1, 25, 13, 2012, 1),
(2435, 1, 0, 3, 4, 12, 13, 2012, 1),
(2436, 1, 2, 0, 3, 14, 13, 2012, 1),
(2437, 0, 0, 1, 1, 17, 13, 2012, 1),
(2438, 1, 0, 1, 2, 33, 13, 2012, 1),
(2439, 0, 1, 0, 1, 34, 13, 2012, 1),
(2440, 0, 1, 1, 2, 6, 13, 2012, 1),
(2441, 0, 0, 0, 0, 3, 13, 2013, 1),
(2442, 0, 0, 0, 0, 27, 13, 2013, 1),
(2443, 0, 0, 0, 0, 23, 13, 2013, 1),
(2444, 21, 8, 6, 35, 1, 13, 2013, 1),
(2445, 0, 0, 0, 0, 5, 13, 2013, 1),
(2446, 0, 0, 0, 0, 32, 13, 2013, 1),
(2447, 0, 0, 0, 0, 25, 13, 2013, 1),
(2448, 2, 2, 3, 7, 12, 13, 2013, 1),
(2449, 0, 0, 0, 0, 14, 13, 2013, 1),
(2450, 0, 0, 0, 0, 17, 13, 2013, 1),
(2451, 0, 0, 0, 0, 33, 13, 2013, 1),
(2452, 0, 0, 0, 0, 34, 13, 2013, 1),
(2453, 0, 0, 0, 0, 6, 13, 2013, 1),
(2454, 0, 0, 0, 0, 3, 13, 2014, 1),
(2455, 0, 0, 0, 0, 27, 13, 2014, 1),
(2456, 0, 0, 0, 0, 23, 13, 2014, 1),
(2457, 0, 2, 2, 4, 1, 13, 2014, 1),
(2458, 0, 0, 0, 0, 5, 13, 2014, 1),
(2459, 0, 0, 0, 0, 32, 13, 2014, 1),
(2460, 0, 0, 0, 0, 25, 13, 2014, 1),
(2461, 0, 0, 0, 0, 12, 13, 2014, 1),
(2462, 0, 0, 0, 0, 14, 13, 2014, 1),
(2463, 0, 0, 0, 0, 17, 13, 2014, 1),
(2464, 0, 0, 0, 0, 33, 13, 2014, 1),
(2465, 0, 0, 0, 0, 34, 13, 2014, 1),
(2466, 0, 1, 0, 1, 6, 13, 2014, 1),
(2467, 0, 0, 0, 0, 27, 14, 2009, 0),
(2468, 0, 0, 0, 0, 23, 14, 2009, 0),
(2469, 0, 1, 1, 2, 1, 14, 2009, 0),
(2470, 0, 0, 0, 0, 22, 14, 2009, 0),
(2471, 0, 0, 0, 0, 24, 14, 2009, 0),
(2472, 0, 0, 0, 0, 10, 14, 2009, 0),
(2473, 0, 0, 0, 0, 12, 14, 2009, 0),
(2474, 0, 0, 0, 0, 14, 14, 2009, 0),
(2475, 0, 0, 0, 0, 11, 14, 2009, 0),
(2476, 0, 0, 0, 0, 8, 14, 2009, 0),
(2477, 0, 0, 0, 0, 27, 14, 2010, 0),
(2478, 0, 0, 0, 0, 23, 14, 2010, 0),
(2479, 0, 0, 0, 0, 1, 14, 2010, 0),
(2480, 9, 11, 3, 23, 22, 14, 2010, 0),
(2481, 0, 0, 0, 0, 24, 14, 2010, 0),
(2482, 0, 0, 0, 0, 10, 14, 2010, 0),
(2483, 0, 0, 0, 0, 12, 14, 2010, 0),
(2484, 5, 4, 5, 14, 14, 14, 2010, 0),
(2485, 0, 0, 0, 0, 11, 14, 2010, 0),
(2486, 0, 0, 0, 0, 8, 14, 2010, 0),
(2487, 0, 0, 0, 0, 27, 14, 2011, 0),
(2488, 0, 0, 0, 0, 23, 14, 2011, 0),
(2489, 2, 2, 1, 5, 1, 14, 2011, 0),
(2490, 9, 11, 3, 23, 22, 14, 2011, 0),
(2491, 0, 0, 0, 0, 24, 14, 2011, 0),
(2492, 0, 0, 0, 0, 10, 14, 2011, 0),
(2493, 0, 0, 0, 0, 12, 14, 2011, 0),
(2494, 9, 7, 2, 18, 14, 14, 2011, 0),
(2495, 0, 0, 0, 0, 11, 14, 2011, 0),
(2496, 4, 0, 0, 4, 8, 14, 2011, 0),
(2497, 0, 0, 0, 0, 27, 14, 2012, 0),
(2498, 0, 0, 0, 0, 23, 14, 2012, 0),
(2499, 0, 0, 0, 0, 1, 14, 2012, 0),
(2500, 3, 7, 3, 13, 22, 14, 2012, 0),
(2501, 0, 0, 0, 0, 24, 14, 2012, 0),
(2502, 0, 0, 0, 0, 10, 14, 2012, 0),
(2503, 0, 0, 0, 0, 12, 14, 2012, 0),
(2504, 0, 0, 0, 0, 14, 14, 2012, 0),
(2505, 0, 0, 0, 0, 11, 14, 2012, 0),
(2506, 0, 0, 0, 0, 8, 14, 2012, 0),
(2507, 0, 0, 0, 0, 27, 14, 2013, 0),
(2508, 0, 0, 0, 0, 23, 14, 2013, 0),
(2509, 0, 0, 0, 0, 1, 14, 2013, 0),
(2510, 0, 0, 0, 0, 22, 14, 2013, 0),
(2511, 0, 0, 0, 0, 24, 14, 2013, 0),
(2512, 0, 0, 0, 0, 10, 14, 2013, 0),
(2513, 0, 0, 0, 0, 12, 14, 2013, 0),
(2514, 0, 0, 0, 0, 14, 14, 2013, 0),
(2515, 0, 0, 0, 0, 11, 14, 2013, 0),
(2516, 0, 0, 0, 0, 8, 14, 2013, 0),
(2517, 0, 0, 0, 0, 27, 14, 2014, 0),
(2518, 0, 0, 0, 0, 23, 14, 2014, 0),
(2519, 0, 0, 0, 0, 1, 14, 2014, 0),
(2520, 0, 0, 0, 0, 22, 14, 2014, 0),
(2521, 0, 0, 0, 0, 24, 14, 2014, 0),
(2522, 0, 0, 0, 0, 10, 14, 2014, 0),
(2523, 0, 0, 0, 0, 12, 14, 2014, 0),
(2524, 0, 0, 0, 0, 14, 14, 2014, 0),
(2525, 0, 0, 0, 0, 11, 14, 2014, 0),
(2526, 0, 0, 0, 0, 8, 14, 2014, 0),
(2527, 0, 0, 0, 0, 27, 14, 2009, 1),
(2528, 0, 0, 0, 0, 23, 14, 2009, 1),
(2529, 0, 0, 0, 0, 1, 14, 2009, 1),
(2530, 2, 1, 0, 3, 22, 14, 2009, 1),
(2531, 0, 0, 0, 0, 24, 14, 2009, 1),
(2532, 0, 0, 0, 0, 10, 14, 2009, 1),
(2533, 0, 0, 0, 0, 14, 14, 2009, 1),
(2534, 0, 0, 0, 0, 11, 14, 2009, 1),
(2535, 0, 0, 0, 0, 15, 14, 2009, 1),
(2536, 0, 0, 0, 0, 18, 14, 2009, 1),
(2537, 0, 0, 0, 0, 27, 14, 2010, 1),
(2538, 0, 0, 0, 0, 23, 14, 2010, 1),
(2539, 0, 0, 0, 0, 1, 14, 2010, 1),
(2540, 1, 2, 1, 4, 22, 14, 2010, 1),
(2541, 0, 0, 0, 0, 24, 14, 2010, 1),
(2542, 0, 0, 0, 0, 10, 14, 2010, 1),
(2543, 5, 4, 8, 17, 14, 14, 2010, 1),
(2544, 0, 0, 0, 0, 11, 14, 2010, 1),
(2545, 0, 0, 0, 0, 15, 14, 2010, 1),
(2546, 0, 0, 0, 0, 18, 14, 2010, 1),
(2547, 0, 0, 0, 0, 27, 14, 2011, 1),
(2548, 0, 0, 0, 0, 23, 14, 2011, 1),
(2549, 0, 0, 0, 0, 1, 14, 2011, 1),
(2550, 0, 0, 0, 0, 22, 14, 2011, 1),
(2551, 0, 0, 0, 0, 24, 14, 2011, 1),
(2552, 0, 0, 0, 0, 10, 14, 2011, 1),
(2553, 0, 0, 0, 0, 14, 14, 2011, 1),
(2554, 0, 0, 0, 0, 11, 14, 2011, 1),
(2555, 0, 0, 0, 0, 15, 14, 2011, 1),
(2556, 0, 0, 0, 0, 18, 14, 2011, 1),
(2557, 0, 0, 0, 0, 27, 14, 2012, 1),
(2558, 0, 0, 0, 0, 23, 14, 2012, 1),
(2559, 0, 0, 0, 0, 1, 14, 2012, 1),
(2560, 0, 0, 0, 0, 22, 14, 2012, 1),
(2561, 0, 0, 0, 0, 24, 14, 2012, 1),
(2562, 0, 0, 0, 0, 10, 14, 2012, 1),
(2563, 0, 0, 0, 0, 14, 14, 2012, 1),
(2564, 0, 0, 0, 0, 11, 14, 2012, 1),
(2565, 0, 0, 0, 0, 15, 14, 2012, 1),
(2566, 0, 0, 0, 0, 18, 14, 2012, 1),
(2567, 0, 0, 0, 0, 27, 14, 2013, 1),
(2568, 0, 0, 0, 0, 23, 14, 2013, 1),
(2569, 0, 0, 0, 0, 1, 14, 2013, 1),
(2570, 0, 0, 0, 0, 22, 14, 2013, 1),
(2571, 0, 0, 0, 0, 24, 14, 2013, 1),
(2572, 0, 0, 0, 0, 10, 14, 2013, 1),
(2573, 0, 0, 0, 0, 14, 14, 2013, 1),
(2574, 0, 0, 0, 0, 11, 14, 2013, 1),
(2575, 0, 0, 0, 0, 15, 14, 2013, 1),
(2576, 0, 0, 0, 0, 18, 14, 2013, 1),
(2577, 0, 0, 0, 0, 27, 14, 2014, 1),
(2578, 0, 0, 0, 0, 23, 14, 2014, 1),
(2579, 0, 0, 0, 0, 1, 14, 2014, 1),
(2580, 0, 0, 0, 0, 22, 14, 2014, 1),
(2581, 0, 0, 0, 0, 24, 14, 2014, 1),
(2582, 0, 0, 0, 0, 10, 14, 2014, 1),
(2583, 0, 0, 0, 0, 14, 14, 2014, 1),
(2584, 0, 0, 0, 0, 11, 14, 2014, 1),
(2585, 0, 0, 0, 0, 15, 14, 2014, 1),
(2586, 0, 0, 0, 0, 18, 14, 2014, 1),
(2587, 0, 0, 0, 0, 27, 15, 2009, 0),
(2588, 0, 0, 0, 0, 23, 15, 2009, 0),
(2589, 0, 0, 0, 0, 1, 15, 2009, 0),
(2590, 0, 0, 0, 0, 22, 15, 2009, 0),
(2591, 0, 0, 0, 0, 24, 15, 2009, 0),
(2592, 0, 0, 0, 0, 10, 15, 2009, 0),
(2593, 0, 0, 0, 0, 12, 15, 2009, 0),
(2594, 0, 0, 0, 0, 13, 15, 2009, 0),
(2595, 1, 0, 0, 1, 11, 15, 2009, 0),
(2596, 0, 0, 0, 0, 6, 15, 2009, 0),
(2597, 0, 0, 0, 0, 27, 15, 2010, 0),
(2598, 0, 0, 0, 0, 23, 15, 2010, 0),
(2599, 0, 0, 0, 0, 1, 15, 2010, 0),
(2600, 0, 0, 0, 0, 22, 15, 2010, 0),
(2601, 0, 0, 0, 0, 24, 15, 2010, 0),
(2602, 0, 0, 0, 0, 10, 15, 2010, 0),
(2603, 0, 0, 0, 0, 12, 15, 2010, 0),
(2604, 0, 0, 0, 0, 13, 15, 2010, 0),
(2605, 11, 0, 0, 11, 11, 15, 2010, 0),
(2606, 0, 0, 0, 0, 6, 15, 2010, 0),
(2607, 0, 0, 0, 0, 27, 15, 2011, 0),
(2608, 0, 0, 0, 0, 23, 15, 2011, 0),
(2609, 0, 0, 0, 0, 1, 15, 2011, 0),
(2610, 0, 0, 0, 0, 22, 15, 2011, 0),
(2611, 0, 0, 0, 0, 24, 15, 2011, 0),
(2612, 1, 2, 1, 4, 10, 15, 2011, 0),
(2613, 0, 0, 0, 0, 12, 15, 2011, 0),
(2614, 0, 0, 0, 0, 13, 15, 2011, 0),
(2615, 0, 0, 0, 0, 11, 15, 2011, 0),
(2616, 1, 2, 2, 5, 6, 15, 2011, 0),
(2617, 0, 0, 0, 0, 27, 15, 2012, 0),
(2618, 0, 0, 0, 0, 23, 15, 2012, 0),
(2619, 0, 1, 1, 2, 1, 15, 2012, 0),
(2620, 0, 1, 1, 2, 22, 15, 2012, 0),
(2621, 0, 0, 0, 0, 24, 15, 2012, 0),
(2622, 0, 0, 0, 0, 10, 15, 2012, 0),
(2623, 0, 0, 0, 0, 12, 15, 2012, 0),
(2624, 0, 0, 0, 0, 13, 15, 2012, 0),
(2625, 2, 2, 0, 4, 11, 15, 2012, 0),
(2626, 1, 2, 2, 5, 6, 15, 2012, 0),
(2627, 0, 0, 0, 0, 27, 15, 2013, 0),
(2628, 0, 0, 0, 0, 23, 15, 2013, 0),
(2629, 0, 0, 0, 0, 1, 15, 2013, 0),
(2630, 0, 0, 0, 0, 22, 15, 2013, 0),
(2631, 0, 0, 0, 0, 24, 15, 2013, 0),
(2632, 0, 0, 0, 0, 10, 15, 2013, 0),
(2633, 0, 0, 0, 0, 12, 15, 2013, 0),
(2634, 0, 0, 0, 0, 13, 15, 2013, 0),
(2635, 0, 0, 0, 0, 11, 15, 2013, 0),
(2636, 0, 0, 0, 0, 6, 15, 2013, 0),
(2637, 0, 0, 0, 0, 27, 15, 2014, 0),
(2638, 0, 0, 0, 0, 23, 15, 2014, 0),
(2639, 0, 0, 0, 0, 1, 15, 2014, 0),
(2640, 0, 0, 0, 0, 22, 15, 2014, 0),
(2641, 0, 0, 0, 0, 24, 15, 2014, 0),
(2642, 0, 0, 0, 0, 10, 15, 2014, 0),
(2643, 0, 0, 0, 0, 12, 15, 2014, 0),
(2644, 0, 0, 0, 0, 13, 15, 2014, 0),
(2645, 0, 0, 0, 0, 11, 15, 2014, 0),
(2646, 0, 0, 0, 0, 6, 15, 2014, 0),
(2647, 0, 0, 0, 0, 27, 15, 2009, 1),
(2648, 0, 0, 0, 0, 23, 15, 2009, 1),
(2649, 0, 0, 0, 0, 1, 15, 2009, 1),
(2650, 0, 0, 0, 0, 22, 15, 2009, 1),
(2651, 0, 0, 0, 0, 6, 15, 2009, 1),
(2652, 0, 0, 0, 0, 10, 15, 2009, 1),
(2653, 0, 0, 0, 0, 12, 15, 2009, 1),
(2654, 0, 0, 0, 0, 13, 15, 2009, 1),
(2655, 0, 1, 2, 3, 11, 15, 2009, 1),
(2656, 1, 2, 11, 14, 8, 15, 2009, 1),
(2657, 0, 0, 0, 0, 27, 15, 2010, 1),
(2658, 0, 0, 0, 0, 23, 15, 2010, 1),
(2659, 0, 0, 0, 0, 1, 15, 2010, 1),
(2660, 0, 0, 0, 0, 22, 15, 2010, 1),
(2661, 0, 0, 0, 0, 6, 15, 2010, 1),
(2662, 0, 0, 0, 0, 10, 15, 2010, 1),
(2663, 0, 0, 0, 0, 12, 15, 2010, 1),
(2664, 0, 0, 0, 0, 13, 15, 2010, 1),
(2665, 11, 0, 5, 16, 11, 15, 2010, 1),
(2666, 1, 0, 9, 10, 8, 15, 2010, 1),
(2667, 0, 0, 0, 0, 27, 15, 2011, 1),
(2668, 0, 0, 0, 0, 23, 15, 2011, 1),
(2669, 0, 0, 0, 0, 1, 15, 2011, 1),
(2670, 0, 0, 4, 4, 22, 15, 2011, 1),
(2671, 1, 1, 4, 6, 6, 15, 2011, 1),
(2672, 0, 1, 0, 1, 10, 15, 2011, 1),
(2673, 0, 0, 0, 0, 12, 15, 2011, 1),
(2674, 0, 0, 0, 0, 13, 15, 2011, 1),
(2675, 12, 0, 2, 14, 11, 15, 2011, 1),
(2676, 0, 0, 0, 0, 8, 15, 2011, 1),
(2677, 0, 0, 0, 0, 27, 15, 2012, 1),
(2678, 0, 0, 0, 0, 23, 15, 2012, 1),
(2679, 0, 0, 0, 0, 1, 15, 2012, 1),
(2680, 0, 0, 1, 1, 22, 15, 2012, 1),
(2681, 0, 0, 0, 0, 6, 15, 2012, 1),
(2682, 0, 0, 4, 4, 10, 15, 2012, 1),
(2683, 0, 0, 0, 0, 12, 15, 2012, 1),
(2684, 0, 1, 2, 3, 13, 15, 2012, 1),
(2685, 11, 0, 1, 12, 11, 15, 2012, 1),
(2686, 0, 0, 0, 0, 8, 15, 2012, 1),
(2687, 0, 0, 0, 0, 27, 15, 2013, 1),
(2688, 0, 0, 0, 0, 23, 15, 2013, 1),
(2689, 0, 0, 0, 0, 1, 15, 2013, 1),
(2690, 0, 2, 4, 6, 22, 15, 2013, 1),
(2691, 2, 0, 4, 6, 6, 15, 2013, 1),
(2692, 0, 4, 4, 8, 10, 15, 2013, 1),
(2693, 0, 0, 0, 0, 12, 15, 2013, 1),
(2694, 0, 1, 1, 2, 13, 15, 2013, 1),
(2695, 0, 1, 2, 3, 11, 15, 2013, 1),
(2696, 0, 0, 0, 0, 8, 15, 2013, 1),
(2697, 0, 0, 0, 0, 27, 15, 2014, 1),
(2698, 0, 1, 2, 3, 23, 15, 2014, 1),
(2699, 0, 0, 0, 0, 1, 15, 2014, 1),
(2700, 0, 0, 0, 0, 22, 15, 2014, 1),
(2701, 1, 0, 1, 2, 6, 15, 2014, 1),
(2702, 2, 0, 3, 5, 10, 15, 2014, 1),
(2703, 0, 0, 0, 0, 12, 15, 2014, 1),
(2704, 0, 3, 4, 7, 13, 15, 2014, 1),
(2705, 0, 2, 0, 2, 11, 15, 2014, 1),
(2706, 0, 0, 0, 0, 8, 15, 2014, 1),
(2707, 1, 0, 0, 1, 1, 19, 2009, 0),
(2708, 0, 0, 1, 1, 21, 19, 2009, 0),
(2709, 14, 12, 12, 38, 10, 19, 2009, 0),
(2710, 1, 0, 4, 5, 25, 19, 2009, 0),
(2711, 0, 0, 1, 1, 14, 19, 2009, 0),
(2712, 11, 10, 1, 22, 11, 19, 2009, 0),
(2713, 0, 0, 2, 2, 15, 19, 2009, 0),
(2714, 1, 0, 0, 1, 17, 19, 2009, 0),
(2715, 1, 1, 0, 2, 19, 19, 2009, 0),
(2716, 0, 0, 1, 1, 18, 19, 2009, 0),
(2717, 0, 0, 0, 0, 1, 19, 2010, 0),
(2718, 0, 0, 0, 0, 21, 19, 2010, 0),
(2719, 0, 0, 0, 0, 10, 19, 2010, 0),
(2720, 0, 0, 0, 0, 25, 19, 2010, 0),
(2721, 0, 0, 0, 0, 14, 19, 2010, 0),
(2722, 0, 0, 0, 0, 11, 19, 2010, 0),
(2723, 0, 0, 0, 0, 15, 19, 2010, 0),
(2724, 0, 0, 0, 0, 17, 19, 2010, 0),
(2725, 0, 0, 0, 0, 19, 19, 2010, 0),
(2726, 0, 0, 0, 0, 18, 19, 2010, 0),
(2727, 1, 1, 3, 5, 1, 19, 2011, 0),
(2728, 0, 0, 0, 0, 21, 19, 2011, 0),
(2729, 3, 1, 4, 8, 10, 19, 2011, 0),
(2730, 0, 0, 0, 0, 25, 19, 2011, 0),
(2731, 3, 6, 6, 15, 14, 19, 2011, 0),
(2732, 3, 3, 7, 13, 11, 19, 2011, 0),
(2733, 0, 0, 0, 0, 15, 19, 2011, 0),
(2734, 0, 0, 0, 0, 17, 19, 2011, 0),
(2735, 0, 0, 0, 0, 19, 19, 2011, 0),
(2736, 0, 0, 0, 0, 18, 19, 2011, 0),
(2737, 1, 1, 3, 5, 1, 19, 2012, 0),
(2738, 0, 0, 0, 0, 21, 19, 2012, 0),
(2739, 3, 1, 4, 8, 10, 19, 2012, 0),
(2740, 0, 0, 0, 0, 25, 19, 2012, 0),
(2741, 3, 6, 6, 15, 14, 19, 2012, 0),
(2742, 3, 3, 7, 13, 11, 19, 2012, 0),
(2743, 0, 0, 0, 0, 15, 19, 2012, 0),
(2744, 0, 0, 0, 0, 17, 19, 2012, 0),
(2745, 0, 0, 0, 0, 19, 19, 2012, 0),
(2746, 0, 0, 0, 0, 18, 19, 2012, 0),
(2747, 0, 0, 0, 0, 1, 19, 2013, 0),
(2748, 0, 0, 0, 0, 21, 19, 2013, 0),
(2749, 0, 0, 0, 0, 10, 19, 2013, 0),
(2750, 0, 0, 0, 0, 25, 19, 2013, 0),
(2751, 0, 0, 0, 0, 14, 19, 2013, 0),
(2752, 0, 0, 0, 0, 11, 19, 2013, 0),
(2753, 0, 0, 0, 0, 15, 19, 2013, 0),
(2754, 0, 0, 0, 0, 17, 19, 2013, 0),
(2755, 0, 0, 0, 0, 19, 19, 2013, 0),
(2756, 0, 0, 0, 0, 18, 19, 2013, 0),
(2757, 1, 2, 0, 3, 1, 19, 2014, 0),
(2758, 0, 0, 0, 0, 21, 19, 2014, 0),
(2759, 5, 4, 3, 12, 10, 19, 2014, 0),
(2760, 0, 0, 0, 0, 25, 19, 2014, 0),
(2761, 0, 0, 0, 0, 14, 19, 2014, 0),
(2762, 4, 2, 2, 8, 11, 19, 2014, 0),
(2763, 0, 0, 0, 0, 15, 19, 2014, 0),
(2764, 0, 0, 0, 0, 17, 19, 2014, 0),
(2765, 0, 0, 0, 0, 19, 19, 2014, 0),
(2766, 0, 0, 0, 0, 18, 19, 2014, 0),
(2767, 0, 0, 0, 0, 23, 19, 2009, 1),
(2768, 0, 2, 0, 2, 1, 19, 2009, 1),
(2769, 0, 1, 0, 1, 10, 19, 2009, 1),
(2770, 0, 0, 0, 0, 25, 19, 2009, 1),
(2771, 0, 0, 0, 0, 12, 19, 2009, 1),
(2772, 0, 0, 0, 0, 14, 19, 2009, 1),
(2773, 0, 0, 0, 0, 11, 19, 2009, 1),
(2774, 0, 0, 0, 0, 15, 19, 2009, 1),
(2775, 0, 0, 0, 0, 16, 19, 2009, 1),
(2776, 0, 0, 0, 0, 2, 19, 2009, 1),
(2777, 0, 0, 0, 0, 19, 19, 2009, 1),
(2778, 0, 0, 0, 0, 4, 19, 2009, 1),
(2779, 0, 0, 0, 0, 17, 19, 2009, 1),
(2780, 0, 0, 0, 0, 9, 19, 2009, 1),
(2781, 0, 0, 0, 0, 23, 19, 2010, 1),
(2782, 0, 0, 0, 0, 1, 19, 2010, 1),
(2783, 0, 0, 0, 0, 10, 19, 2010, 1),
(2784, 0, 0, 0, 0, 25, 19, 2010, 1),
(2785, 0, 0, 0, 0, 12, 19, 2010, 1),
(2786, 0, 0, 0, 0, 14, 19, 2010, 1),
(2787, 0, 0, 0, 0, 11, 19, 2010, 1),
(2788, 0, 0, 0, 0, 15, 19, 2010, 1),
(2789, 0, 0, 0, 0, 16, 19, 2010, 1),
(2790, 0, 0, 0, 0, 2, 19, 2010, 1),
(2791, 0, 0, 0, 0, 19, 19, 2010, 1),
(2792, 0, 0, 0, 0, 4, 19, 2010, 1),
(2793, 0, 0, 0, 0, 17, 19, 2010, 1),
(2794, 0, 0, 0, 0, 9, 19, 2010, 1),
(2795, 0, 0, 0, 0, 23, 19, 2011, 1),
(2796, 0, 0, 0, 0, 1, 19, 2011, 1),
(2797, 0, 0, 0, 0, 10, 19, 2011, 1),
(2798, 0, 0, 0, 0, 25, 19, 2011, 1),
(2799, 0, 0, 0, 0, 12, 19, 2011, 1),
(2800, 0, 0, 0, 0, 14, 19, 2011, 1),
(2801, 0, 0, 0, 0, 11, 19, 2011, 1),
(2802, 0, 0, 0, 0, 15, 19, 2011, 1),
(2803, 0, 0, 0, 0, 16, 19, 2011, 1),
(2804, 0, 0, 0, 0, 2, 19, 2011, 1),
(2805, 0, 0, 0, 0, 19, 19, 2011, 1),
(2806, 0, 0, 0, 0, 4, 19, 2011, 1),
(2807, 0, 0, 0, 0, 17, 19, 2011, 1),
(2808, 0, 0, 0, 0, 9, 19, 2011, 1),
(2809, 0, 0, 0, 0, 23, 19, 2012, 1),
(2810, 0, 0, 0, 0, 1, 19, 2012, 1),
(2811, 0, 0, 0, 0, 10, 19, 2012, 1),
(2812, 0, 0, 0, 0, 25, 19, 2012, 1),
(2813, 0, 0, 0, 0, 12, 19, 2012, 1),
(2814, 0, 0, 0, 0, 14, 19, 2012, 1),
(2815, 0, 0, 0, 0, 11, 19, 2012, 1),
(2816, 0, 0, 0, 0, 15, 19, 2012, 1),
(2817, 0, 0, 0, 0, 16, 19, 2012, 1),
(2818, 0, 0, 0, 0, 2, 19, 2012, 1),
(2819, 0, 0, 0, 0, 19, 19, 2012, 1),
(2820, 0, 0, 0, 0, 4, 19, 2012, 1),
(2821, 0, 0, 0, 0, 17, 19, 2012, 1),
(2822, 0, 0, 0, 0, 9, 19, 2012, 1),
(2823, 1, 0, 1, 2, 23, 19, 2013, 1),
(2824, 1, 0, 0, 1, 1, 19, 2013, 1),
(2825, 3, 2, 2, 7, 10, 19, 2013, 1),
(2826, 0, 2, 2, 4, 25, 19, 2013, 1),
(2827, 1, 1, 0, 2, 12, 19, 2013, 1),
(2828, 0, 2, 1, 3, 14, 19, 2013, 1),
(2829, 2, 0, 0, 2, 11, 19, 2013, 1),
(2830, 1, 2, 0, 3, 15, 19, 2013, 1),
(2831, 0, 1, 0, 1, 16, 19, 2013, 1),
(2832, 0, 1, 0, 1, 2, 19, 2013, 1),
(2833, 0, 1, 0, 1, 19, 19, 2013, 1),
(2834, 0, 0, 1, 1, 4, 19, 2013, 1),
(2835, 0, 2, 3, 5, 17, 19, 2013, 1),
(2836, 0, 0, 0, 0, 9, 19, 2013, 1),
(2837, 0, 0, 1, 1, 23, 19, 2014, 1),
(2838, 0, 0, 0, 0, 1, 19, 2014, 1),
(2839, 1, 2, 3, 6, 10, 19, 2014, 1),
(2840, 0, 0, 0, 0, 25, 19, 2014, 1),
(2841, 0, 0, 0, 0, 12, 19, 2014, 1),
(2842, 0, 0, 0, 0, 14, 19, 2014, 1),
(2843, 5, 6, 7, 18, 11, 19, 2014, 1),
(2844, 0, 0, 0, 0, 15, 19, 2014, 1),
(2845, 0, 0, 0, 0, 16, 19, 2014, 1),
(2846, 18, 0, 0, 18, 2, 19, 2014, 1),
(2847, 4, 4, 0, 8, 19, 19, 2014, 1),
(2848, 0, 8, 0, 8, 4, 19, 2014, 1),
(2849, 0, 0, 12, 12, 17, 19, 2014, 1),
(2850, 0, 1, 1, 2, 9, 19, 2014, 1),
(2851, 0, 0, 0, 0, 27, 22, 2009, 0),
(2852, 0, 0, 0, 0, 23, 22, 2009, 0),
(2853, 0, 0, 0, 0, 1, 22, 2009, 0),
(2854, 0, 0, 0, 0, 22, 22, 2009, 0),
(2855, 0, 0, 0, 0, 24, 22, 2009, 0),
(2856, 0, 0, 0, 0, 10, 22, 2009, 0),
(2857, 0, 0, 0, 0, 12, 22, 2009, 0),
(2858, 0, 0, 0, 0, 14, 22, 2009, 0),
(2859, 0, 2, 2, 4, 11, 22, 2009, 0),
(2860, 2, 0, 0, 2, 6, 22, 2009, 0),
(2861, 0, 0, 0, 0, 27, 22, 2010, 0),
(2862, 0, 0, 0, 0, 23, 22, 2010, 0),
(2863, 5, 1, 2, 8, 1, 22, 2010, 0),
(2864, 0, 0, 0, 0, 22, 22, 2010, 0),
(2865, 0, 0, 0, 0, 24, 22, 2010, 0),
(2866, 0, 0, 0, 0, 10, 22, 2010, 0),
(2867, 0, 0, 0, 0, 12, 22, 2010, 0),
(2868, 0, 0, 0, 0, 14, 22, 2010, 0),
(2869, 13, 9, 4, 26, 11, 22, 2010, 0),
(2870, 4, 3, 5, 12, 6, 22, 2010, 0),
(2871, 2, 1, 1, 4, 27, 22, 2011, 0),
(2872, 0, 0, 0, 0, 23, 22, 2011, 0),
(2873, 0, 0, 0, 0, 1, 22, 2011, 0),
(2874, 0, 0, 0, 0, 22, 22, 2011, 0),
(2875, 0, 0, 0, 0, 24, 22, 2011, 0),
(2876, 0, 0, 0, 0, 10, 22, 2011, 0),
(2877, 0, 0, 0, 0, 12, 22, 2011, 0),
(2878, 0, 0, 0, 0, 14, 22, 2011, 0),
(2879, 0, 0, 0, 0, 11, 22, 2011, 0),
(2880, 1, 1, 1, 3, 6, 22, 2011, 0),
(2881, 0, 0, 0, 0, 27, 22, 2012, 0),
(2882, 0, 0, 0, 0, 23, 22, 2012, 0),
(2883, 0, 0, 0, 0, 1, 22, 2012, 0),
(2884, 0, 0, 0, 0, 22, 22, 2012, 0),
(2885, 0, 0, 0, 0, 24, 22, 2012, 0),
(2886, 0, 0, 0, 0, 10, 22, 2012, 0),
(2887, 0, 0, 0, 0, 12, 22, 2012, 0),
(2888, 0, 0, 0, 0, 14, 22, 2012, 0),
(2889, 0, 0, 0, 0, 11, 22, 2012, 0),
(2890, 2, 2, 4, 8, 6, 22, 2012, 0),
(2891, 0, 0, 0, 0, 27, 22, 2013, 0),
(2892, 0, 0, 0, 0, 23, 22, 2013, 0),
(2893, 0, 0, 0, 0, 1, 22, 2013, 0),
(2894, 0, 0, 0, 0, 22, 22, 2013, 0),
(2895, 0, 0, 0, 0, 24, 22, 2013, 0),
(2896, 0, 0, 0, 0, 10, 22, 2013, 0),
(2897, 0, 0, 0, 0, 12, 22, 2013, 0),
(2898, 0, 0, 0, 0, 14, 22, 2013, 0),
(2899, 0, 0, 0, 0, 11, 22, 2013, 0),
(2900, 2, 2, 4, 8, 6, 22, 2013, 0),
(2901, 0, 0, 2, 2, 27, 22, 2014, 0),
(2902, 0, 0, 0, 0, 23, 22, 2014, 0),
(2903, 0, 0, 0, 0, 1, 22, 2014, 0),
(2904, 0, 0, 0, 0, 22, 22, 2014, 0),
(2905, 0, 0, 0, 0, 24, 22, 2014, 0),
(2906, 0, 0, 0, 0, 10, 22, 2014, 0),
(2907, 0, 0, 0, 0, 12, 22, 2014, 0),
(2908, 0, 0, 0, 0, 14, 22, 2014, 0),
(2909, 2, 0, 0, 2, 11, 22, 2014, 0),
(2910, 3, 3, 4, 10, 6, 22, 2014, 0),
(2911, 0, 0, 0, 0, 27, 22, 2009, 1),
(2912, 0, 0, 0, 0, 23, 22, 2009, 1),
(2913, 0, 0, 0, 0, 1, 22, 2009, 1),
(2914, 0, 0, 0, 0, 4, 22, 2009, 1),
(2915, 0, 0, 0, 0, 24, 22, 2009, 1),
(2916, 0, 0, 0, 0, 10, 22, 2009, 1),
(2917, 0, 0, 0, 0, 12, 22, 2009, 1),
(2918, 2, 0, 0, 2, 14, 22, 2009, 1);
INSERT INTO `tbl_medali` (`id_medali`, `emas`, `perak`, `perunggu`, `jml_medali`, `id_cabor`, `id_propinsi`, `tahun`, `kejuaraan`) VALUES
(2919, 0, 0, 0, 0, 11, 22, 2009, 1),
(2920, 2, 0, 0, 2, 6, 22, 2009, 1),
(2921, 0, 0, 0, 0, 27, 22, 2010, 1),
(2922, 0, 0, 0, 0, 23, 22, 2010, 1),
(2923, 1, 0, 0, 1, 1, 22, 2010, 1),
(2924, 0, 0, 0, 0, 4, 22, 2010, 1),
(2925, 0, 0, 0, 0, 24, 22, 2010, 1),
(2926, 0, 0, 0, 0, 10, 22, 2010, 1),
(2927, 0, 0, 0, 0, 12, 22, 2010, 1),
(2928, 0, 0, 0, 0, 14, 22, 2010, 1),
(2929, 1, 1, 3, 5, 11, 22, 2010, 1),
(2930, 4, 4, 6, 14, 6, 22, 2010, 1),
(2931, 0, 0, 0, 0, 27, 22, 2011, 1),
(2932, 0, 0, 0, 0, 23, 22, 2011, 1),
(2933, 0, 0, 0, 0, 1, 22, 2011, 1),
(2934, 3, 0, 7, 10, 4, 22, 2011, 1),
(2935, 0, 0, 0, 0, 24, 22, 2011, 1),
(2936, 0, 0, 0, 0, 10, 22, 2011, 1),
(2937, 3, 0, 7, 10, 12, 22, 2011, 1),
(2938, 0, 0, 0, 0, 14, 22, 2011, 1),
(2939, 4, 0, 7, 11, 11, 22, 2011, 1),
(2940, 5, 4, 8, 17, 6, 22, 2011, 1),
(2941, 0, 0, 0, 0, 27, 22, 2012, 1),
(2942, 0, 0, 0, 0, 23, 22, 2012, 1),
(2943, 0, 0, 0, 0, 1, 22, 2012, 1),
(2944, 0, 0, 0, 0, 4, 22, 2012, 1),
(2945, 0, 0, 0, 0, 24, 22, 2012, 1),
(2946, 0, 0, 0, 0, 10, 22, 2012, 1),
(2947, 2, 0, 1, 3, 12, 22, 2012, 1),
(2948, 0, 0, 0, 0, 14, 22, 2012, 1),
(2949, 2, 0, 2, 4, 11, 22, 2012, 1),
(2950, 8, 4, 13, 25, 6, 22, 2012, 1),
(2951, 0, 0, 0, 0, 27, 22, 2013, 1),
(2952, 0, 0, 0, 0, 23, 22, 2013, 1),
(2953, 0, 1, 0, 1, 1, 22, 2013, 1),
(2954, 0, 0, 0, 0, 4, 22, 2013, 1),
(2955, 0, 0, 0, 0, 24, 22, 2013, 1),
(2956, 0, 0, 0, 0, 10, 22, 2013, 1),
(2957, 0, 0, 0, 0, 12, 22, 2013, 1),
(2958, 0, 0, 0, 0, 14, 22, 2013, 1),
(2959, 0, 0, 0, 0, 11, 22, 2013, 1),
(2960, 0, 4, 1, 5, 6, 22, 2013, 1),
(2961, 1, 0, 3, 4, 27, 22, 2014, 1),
(2962, 0, 0, 0, 0, 23, 22, 2014, 1),
(2963, 0, 0, 0, 0, 1, 22, 2014, 1),
(2964, 0, 2, 0, 2, 4, 22, 2014, 1),
(2965, 0, 0, 0, 0, 24, 22, 2014, 1),
(2966, 0, 0, 0, 0, 10, 22, 2014, 1),
(2967, 0, 0, 0, 0, 12, 22, 2014, 1),
(2968, 0, 0, 0, 0, 14, 22, 2014, 1),
(2969, 1, 0, 2, 3, 11, 22, 2014, 1),
(2970, 8, 6, 10, 24, 6, 22, 2014, 1),
(2971, 0, 0, 0, 0, 27, 21, 2009, 0),
(2972, 0, 0, 0, 0, 23, 21, 2009, 0),
(2973, 6, 0, 0, 6, 1, 21, 2009, 0),
(2974, 0, 0, 0, 0, 22, 21, 2009, 0),
(2975, 0, 0, 0, 0, 24, 21, 2009, 0),
(2976, 0, 0, 0, 0, 10, 21, 2009, 0),
(2977, 0, 0, 0, 0, 12, 21, 2009, 0),
(2978, 0, 0, 0, 0, 14, 21, 2009, 0),
(2979, 10, 7, 1, 18, 11, 21, 2009, 0),
(2980, 24, 0, 0, 24, 8, 21, 2009, 0),
(2981, 0, 0, 0, 0, 27, 21, 2010, 0),
(2982, 0, 0, 0, 0, 23, 21, 2010, 0),
(2983, 0, 0, 0, 0, 1, 21, 2010, 0),
(2984, 0, 0, 0, 0, 22, 21, 2010, 0),
(2985, 0, 0, 0, 0, 24, 21, 2010, 0),
(2986, 0, 0, 0, 0, 10, 21, 2010, 0),
(2987, 0, 0, 0, 0, 12, 21, 2010, 0),
(2988, 0, 0, 0, 0, 14, 21, 2010, 0),
(2989, 0, 0, 0, 0, 11, 21, 2010, 0),
(2990, 0, 0, 2, 2, 8, 21, 2010, 0),
(2991, 0, 0, 0, 0, 27, 21, 2011, 0),
(2992, 0, 0, 0, 0, 23, 21, 2011, 0),
(2993, 0, 0, 0, 0, 1, 21, 2011, 0),
(2994, 0, 0, 0, 0, 22, 21, 2011, 0),
(2995, 0, 0, 0, 0, 24, 21, 2011, 0),
(2996, 0, 0, 0, 0, 10, 21, 2011, 0),
(2997, 0, 0, 0, 0, 12, 21, 2011, 0),
(2998, 0, 0, 0, 0, 14, 21, 2011, 0),
(2999, 0, 0, 0, 0, 11, 21, 2011, 0),
(3000, 0, 0, 0, 0, 8, 21, 2011, 0),
(3001, 0, 0, 0, 0, 27, 21, 2012, 0),
(3002, 0, 0, 0, 0, 23, 21, 2012, 0),
(3003, 0, 0, 0, 0, 1, 21, 2012, 0),
(3004, 0, 0, 0, 0, 22, 21, 2012, 0),
(3005, 0, 0, 0, 0, 24, 21, 2012, 0),
(3006, 0, 0, 0, 0, 10, 21, 2012, 0),
(3007, 0, 0, 0, 0, 12, 21, 2012, 0),
(3008, 0, 0, 0, 0, 14, 21, 2012, 0),
(3009, 3, 0, 4, 7, 11, 21, 2012, 0),
(3010, 6, 1, 9, 16, 8, 21, 2012, 0),
(3011, 0, 0, 0, 0, 27, 21, 2013, 0),
(3012, 0, 0, 0, 0, 23, 21, 2013, 0),
(3013, 0, 0, 0, 0, 1, 21, 2013, 0),
(3014, 0, 0, 0, 0, 22, 21, 2013, 0),
(3015, 0, 0, 0, 0, 24, 21, 2013, 0),
(3016, 0, 0, 0, 0, 10, 21, 2013, 0),
(3017, 0, 0, 0, 0, 12, 21, 2013, 0),
(3018, 0, 0, 0, 0, 14, 21, 2013, 0),
(3019, 0, 0, 0, 0, 11, 21, 2013, 0),
(3020, 0, 0, 0, 0, 8, 21, 2013, 0),
(3021, 0, 0, 0, 0, 27, 21, 2014, 0),
(3022, 0, 0, 0, 0, 23, 21, 2014, 0),
(3023, 0, 0, 0, 0, 1, 21, 2014, 0),
(3024, 0, 0, 0, 0, 22, 21, 2014, 0),
(3025, 0, 0, 0, 0, 24, 21, 2014, 0),
(3026, 0, 0, 0, 0, 10, 21, 2014, 0),
(3027, 0, 0, 0, 0, 12, 21, 2014, 0),
(3028, 0, 0, 0, 0, 14, 21, 2014, 0),
(3029, 0, 0, 0, 0, 11, 21, 2014, 0),
(3030, 0, 0, 0, 0, 8, 21, 2014, 0),
(3031, 0, 0, 0, 0, 27, 21, 2009, 1),
(3032, 0, 0, 0, 0, 23, 21, 2009, 1),
(3033, 3, 0, 1, 4, 1, 21, 2009, 1),
(3034, 0, 0, 0, 0, 22, 21, 2009, 1),
(3035, 0, 0, 0, 0, 24, 21, 2009, 1),
(3036, 0, 0, 0, 0, 10, 21, 2009, 1),
(3037, 0, 0, 0, 0, 12, 21, 2009, 1),
(3038, 0, 0, 0, 0, 14, 21, 2009, 1),
(3039, 0, 0, 0, 0, 11, 21, 2009, 1),
(3040, 6, 3, 12, 21, 8, 21, 2009, 1),
(3041, 0, 0, 0, 0, 27, 21, 2010, 1),
(3042, 0, 0, 0, 0, 23, 21, 2010, 1),
(3043, 0, 0, 0, 0, 1, 21, 2010, 1),
(3044, 0, 0, 0, 0, 22, 21, 2010, 1),
(3045, 0, 0, 0, 0, 24, 21, 2010, 1),
(3046, 0, 0, 0, 0, 10, 21, 2010, 1),
(3047, 0, 0, 0, 0, 12, 21, 2010, 1),
(3048, 0, 0, 0, 0, 14, 21, 2010, 1),
(3049, 0, 0, 0, 0, 11, 21, 2010, 1),
(3050, 2, 4, 39, 45, 8, 21, 2010, 1),
(3051, 0, 0, 0, 0, 27, 21, 2011, 1),
(3052, 0, 0, 0, 0, 23, 21, 2011, 1),
(3053, 0, 0, 0, 0, 1, 21, 2011, 1),
(3054, 0, 0, 0, 0, 22, 21, 2011, 1),
(3055, 0, 0, 0, 0, 24, 21, 2011, 1),
(3056, 0, 0, 0, 0, 10, 21, 2011, 1),
(3057, 0, 0, 0, 0, 12, 21, 2011, 1),
(3058, 0, 0, 0, 0, 14, 21, 2011, 1),
(3059, 0, 0, 0, 0, 11, 21, 2011, 1),
(3060, 2, 1, 9, 12, 8, 21, 2011, 1),
(3061, 0, 0, 0, 0, 27, 21, 2012, 1),
(3062, 0, 0, 0, 0, 23, 21, 2012, 1),
(3063, 0, 0, 0, 0, 1, 21, 2012, 1),
(3064, 0, 0, 0, 0, 22, 21, 2012, 1),
(3065, 0, 0, 0, 0, 24, 21, 2012, 1),
(3066, 0, 0, 0, 0, 10, 21, 2012, 1),
(3067, 0, 0, 0, 0, 12, 21, 2012, 1),
(3068, 0, 0, 0, 0, 14, 21, 2012, 1),
(3069, 3, 0, 4, 7, 11, 21, 2012, 1),
(3070, 17, 18, 24, 59, 8, 21, 2012, 1),
(3071, 0, 0, 0, 0, 27, 21, 2013, 1),
(3072, 0, 0, 0, 0, 23, 21, 2013, 1),
(3073, 0, 0, 0, 0, 1, 21, 2013, 1),
(3074, 0, 0, 0, 0, 22, 21, 2013, 1),
(3075, 0, 0, 0, 0, 24, 21, 2013, 1),
(3076, 0, 0, 0, 0, 10, 21, 2013, 1),
(3077, 0, 0, 0, 0, 12, 21, 2013, 1),
(3078, 0, 0, 0, 0, 14, 21, 2013, 1),
(3079, 0, 0, 1, 1, 11, 21, 2013, 1),
(3080, 0, 2, 3, 5, 8, 21, 2013, 1),
(3081, 0, 0, 0, 0, 27, 21, 2014, 1),
(3082, 0, 0, 0, 0, 23, 21, 2014, 1),
(3083, 0, 0, 0, 0, 1, 21, 2014, 1),
(3084, 0, 0, 0, 0, 22, 21, 2014, 1),
(3085, 0, 0, 0, 0, 24, 21, 2014, 1),
(3086, 0, 0, 0, 0, 10, 21, 2014, 1),
(3087, 0, 0, 0, 0, 12, 21, 2014, 1),
(3088, 0, 0, 0, 0, 14, 21, 2014, 1),
(3089, 0, 0, 0, 0, 11, 21, 2014, 1),
(3090, 0, 0, 0, 0, 8, 21, 2014, 1),
(3091, 0, 0, 0, 0, 27, 17, 2009, 0),
(3092, 0, 0, 0, 0, 23, 17, 2009, 0),
(3093, 0, 0, 0, 0, 1, 17, 2009, 0),
(3094, 0, 0, 0, 0, 22, 17, 2009, 0),
(3095, 0, 0, 0, 0, 24, 17, 2009, 0),
(3096, 0, 0, 0, 0, 10, 17, 2009, 0),
(3097, 0, 0, 0, 0, 12, 17, 2009, 0),
(3098, 0, 0, 0, 0, 14, 17, 2009, 0),
(3099, 2, 0, 0, 2, 11, 17, 2009, 0),
(3100, 1, 1, 0, 2, 8, 17, 2009, 0),
(3101, 0, 0, 0, 0, 27, 17, 2010, 0),
(3102, 0, 0, 0, 0, 23, 17, 2010, 0),
(3103, 0, 0, 0, 0, 1, 17, 2010, 0),
(3104, 0, 0, 0, 0, 22, 17, 2010, 0),
(3105, 0, 0, 0, 0, 24, 17, 2010, 0),
(3106, 0, 0, 0, 0, 10, 17, 2010, 0),
(3107, 0, 0, 0, 0, 12, 17, 2010, 0),
(3108, 0, 0, 0, 0, 14, 17, 2010, 0),
(3109, 10, 0, 1, 11, 11, 17, 2010, 0),
(3110, 5, 0, 3, 8, 8, 17, 2010, 0),
(3111, 0, 0, 0, 0, 27, 17, 2011, 0),
(3112, 0, 0, 0, 0, 23, 17, 2011, 0),
(3113, 0, 0, 0, 0, 1, 17, 2011, 0),
(3114, 0, 0, 0, 0, 22, 17, 2011, 0),
(3115, 0, 0, 0, 0, 24, 17, 2011, 0),
(3116, 0, 0, 0, 0, 10, 17, 2011, 0),
(3117, 0, 0, 0, 0, 12, 17, 2011, 0),
(3118, 0, 0, 0, 0, 14, 17, 2011, 0),
(3119, 0, 0, 0, 0, 11, 17, 2011, 0),
(3120, 0, 0, 0, 0, 8, 17, 2011, 0),
(3121, 0, 0, 0, 0, 27, 17, 2012, 0),
(3122, 0, 0, 0, 0, 23, 17, 2012, 0),
(3123, 0, 0, 0, 0, 1, 17, 2012, 0),
(3124, 0, 0, 0, 0, 22, 17, 2012, 0),
(3125, 0, 0, 0, 0, 24, 17, 2012, 0),
(3126, 0, 0, 0, 0, 10, 17, 2012, 0),
(3127, 0, 0, 0, 0, 12, 17, 2012, 0),
(3128, 0, 0, 0, 0, 14, 17, 2012, 0),
(3129, 0, 0, 3, 3, 11, 17, 2012, 0),
(3130, 2, 0, 27, 29, 8, 17, 2012, 0),
(3131, 0, 0, 0, 0, 27, 17, 2013, 0),
(3132, 0, 0, 0, 0, 23, 17, 2013, 0),
(3133, 0, 0, 0, 0, 1, 17, 2013, 0),
(3134, 0, 0, 0, 0, 22, 17, 2013, 0),
(3135, 0, 0, 0, 0, 24, 17, 2013, 0),
(3136, 0, 0, 0, 0, 10, 17, 2013, 0),
(3137, 0, 0, 0, 0, 12, 17, 2013, 0),
(3138, 0, 0, 0, 0, 14, 17, 2013, 0),
(3139, 0, 0, 0, 0, 11, 17, 2013, 0),
(3140, 4, 0, 6, 10, 8, 17, 2013, 0),
(3141, 0, 0, 0, 0, 27, 17, 2014, 0),
(3142, 0, 0, 0, 0, 23, 17, 2014, 0),
(3143, 0, 0, 0, 0, 1, 17, 2014, 0),
(3144, 0, 0, 0, 0, 22, 17, 2014, 0),
(3145, 0, 0, 0, 0, 24, 17, 2014, 0),
(3146, 0, 0, 0, 0, 10, 17, 2014, 0),
(3147, 0, 0, 0, 0, 12, 17, 2014, 0),
(3148, 0, 0, 0, 0, 14, 17, 2014, 0),
(3149, 0, 0, 0, 0, 11, 17, 2014, 0),
(3150, 8, 4, 9, 21, 8, 17, 2014, 0),
(3151, 0, 0, 0, 0, 27, 17, 2009, 1),
(3152, 0, 0, 0, 0, 23, 17, 2009, 1),
(3153, 0, 0, 0, 0, 1, 17, 2009, 1),
(3154, 0, 0, 0, 0, 22, 17, 2009, 1),
(3155, 0, 0, 0, 0, 24, 17, 2009, 1),
(3156, 0, 0, 0, 0, 10, 17, 2009, 1),
(3157, 0, 0, 0, 0, 12, 17, 2009, 1),
(3158, 0, 0, 0, 0, 14, 17, 2009, 1),
(3159, 0, 0, 0, 0, 11, 17, 2009, 1),
(3160, 1, 3, 20, 24, 8, 17, 2009, 1),
(3161, 0, 0, 0, 0, 27, 17, 2010, 1),
(3162, 0, 0, 0, 0, 23, 17, 2010, 1),
(3163, 0, 0, 0, 0, 1, 17, 2010, 1),
(3164, 0, 0, 0, 0, 22, 17, 2010, 1),
(3165, 0, 0, 0, 0, 24, 17, 2010, 1),
(3166, 0, 0, 0, 0, 10, 17, 2010, 1),
(3167, 0, 0, 0, 0, 12, 17, 2010, 1),
(3168, 0, 0, 0, 0, 14, 17, 2010, 1),
(3169, 11, 0, 6, 17, 11, 17, 2010, 1),
(3170, 3, 2, 7, 12, 8, 17, 2010, 1),
(3171, 0, 0, 0, 0, 27, 17, 2011, 1),
(3172, 0, 0, 0, 0, 23, 17, 2011, 1),
(3173, 0, 0, 0, 0, 1, 17, 2011, 1),
(3174, 0, 0, 0, 0, 22, 17, 2011, 1),
(3175, 0, 0, 0, 0, 24, 17, 2011, 1),
(3176, 0, 0, 0, 0, 10, 17, 2011, 1),
(3177, 0, 0, 0, 0, 12, 17, 2011, 1),
(3178, 0, 0, 0, 0, 14, 17, 2011, 1),
(3179, 11, 0, 1, 12, 11, 17, 2011, 1),
(3180, 0, 0, 0, 0, 8, 17, 2011, 1),
(3181, 0, 0, 0, 0, 27, 17, 2012, 1),
(3182, 0, 0, 0, 0, 23, 17, 2012, 1),
(3183, 0, 0, 0, 0, 1, 17, 2012, 1),
(3184, 0, 0, 0, 0, 22, 17, 2012, 1),
(3185, 0, 0, 0, 0, 24, 17, 2012, 1),
(3186, 0, 0, 0, 0, 10, 17, 2012, 1),
(3187, 0, 0, 0, 0, 12, 17, 2012, 1),
(3188, 0, 0, 0, 0, 14, 17, 2012, 1),
(3189, 11, 0, 1, 12, 11, 17, 2012, 1),
(3190, 0, 0, 5, 5, 8, 17, 2012, 1),
(3191, 0, 0, 0, 0, 27, 17, 2013, 1),
(3192, 0, 0, 0, 0, 23, 17, 2013, 1),
(3193, 1, 1, 1, 3, 1, 17, 2013, 1),
(3194, 0, 0, 0, 0, 22, 17, 2013, 1),
(3195, 0, 0, 0, 0, 24, 17, 2013, 1),
(3196, 0, 0, 0, 0, 10, 17, 2013, 1),
(3197, 0, 0, 0, 0, 12, 17, 2013, 1),
(3198, 0, 0, 0, 0, 14, 17, 2013, 1),
(3199, 0, 0, 0, 0, 11, 17, 2013, 1),
(3200, 19, 1, 11, 31, 8, 17, 2013, 1),
(3201, 0, 0, 0, 0, 27, 17, 2014, 1),
(3202, 0, 0, 0, 0, 23, 17, 2014, 1),
(3203, 0, 0, 0, 0, 1, 17, 2014, 1),
(3204, 0, 0, 0, 0, 22, 17, 2014, 1),
(3205, 0, 0, 0, 0, 24, 17, 2014, 1),
(3206, 0, 0, 0, 0, 10, 17, 2014, 1),
(3207, 0, 0, 0, 0, 12, 17, 2014, 1),
(3208, 0, 0, 0, 0, 14, 17, 2014, 1),
(3209, 0, 0, 0, 0, 11, 17, 2014, 1),
(3210, 0, 2, 8, 10, 8, 17, 2014, 1),
(3211, 0, 0, 0, 0, 23, 16, 2009, 0),
(3212, 0, 0, 0, 0, 1, 16, 2009, 0),
(3213, 5, 2, 3, 10, 22, 16, 2009, 0),
(3214, 0, 0, 0, 0, 24, 16, 2009, 0),
(3215, 0, 0, 0, 0, 10, 16, 2009, 0),
(3216, 0, 0, 0, 0, 11, 16, 2009, 0),
(3217, 5, 0, 1, 6, 16, 16, 2009, 0),
(3218, 0, 0, 0, 0, 2, 16, 2009, 0),
(3219, 0, 0, 0, 0, 8, 16, 2009, 0),
(3220, 0, 0, 0, 0, 7, 16, 2009, 0),
(3221, 0, 0, 0, 0, 23, 16, 2010, 0),
(3222, 5, 1, 3, 9, 1, 16, 2010, 0),
(3223, 5, 2, 3, 10, 22, 16, 2010, 0),
(3224, 0, 0, 0, 0, 24, 16, 2010, 0),
(3225, 0, 0, 0, 0, 10, 16, 2010, 0),
(3226, 8, 4, 5, 17, 11, 16, 2010, 0),
(3227, 5, 0, 1, 6, 16, 16, 2010, 0),
(3228, 0, 0, 0, 0, 2, 16, 2010, 0),
(3229, 0, 0, 0, 0, 8, 16, 2010, 0),
(3230, 0, 0, 0, 0, 7, 16, 2010, 0),
(3231, 0, 0, 0, 0, 23, 16, 2011, 0),
(3232, 0, 0, 0, 0, 1, 16, 2011, 0),
(3233, 0, 0, 0, 0, 22, 16, 2011, 0),
(3234, 0, 0, 0, 0, 24, 16, 2011, 0),
(3235, 0, 0, 0, 0, 10, 16, 2011, 0),
(3236, 7, 2, 1, 10, 11, 16, 2011, 0),
(3237, 0, 0, 0, 0, 16, 16, 2011, 0),
(3238, 0, 0, 0, 0, 2, 16, 2011, 0),
(3239, 0, 0, 0, 0, 8, 16, 2011, 0),
(3240, 0, 0, 0, 0, 7, 16, 2011, 0),
(3241, 0, 0, 0, 0, 23, 16, 2012, 0),
(3242, 0, 0, 0, 0, 1, 16, 2012, 0),
(3243, 0, 0, 0, 0, 22, 16, 2012, 0),
(3244, 0, 0, 0, 0, 24, 16, 2012, 0),
(3245, 0, 0, 0, 0, 10, 16, 2012, 0),
(3246, 4, 1, 3, 8, 11, 16, 2012, 0),
(3247, 0, 0, 0, 0, 16, 16, 2012, 0),
(3248, 0, 0, 0, 0, 2, 16, 2012, 0),
(3249, 0, 0, 0, 0, 8, 16, 2012, 0),
(3250, 0, 0, 0, 0, 7, 16, 2012, 0),
(3251, 0, 0, 0, 0, 23, 16, 2013, 0),
(3252, 6, 3, 2, 11, 1, 16, 2013, 0),
(3253, 0, 0, 0, 0, 22, 16, 2013, 0),
(3254, 0, 0, 0, 0, 24, 16, 2013, 0),
(3255, 0, 0, 0, 0, 10, 16, 2013, 0),
(3256, 2, 0, 0, 2, 11, 16, 2013, 0),
(3257, 0, 0, 0, 0, 16, 16, 2013, 0),
(3258, 1, 2, 0, 3, 2, 16, 2013, 0),
(3259, 0, 0, 0, 0, 8, 16, 2013, 0),
(3260, 0, 0, 0, 0, 7, 16, 2013, 0),
(3261, 0, 0, 0, 0, 23, 16, 2014, 0),
(3262, 0, 0, 0, 0, 1, 16, 2014, 0),
(3263, 0, 0, 0, 0, 22, 16, 2014, 0),
(3264, 0, 0, 0, 0, 24, 16, 2014, 0),
(3265, 0, 0, 0, 0, 10, 16, 2014, 0),
(3266, 1, 1, 0, 2, 11, 16, 2014, 0),
(3267, 0, 0, 0, 0, 16, 16, 2014, 0),
(3268, 1, 0, 7, 8, 2, 16, 2014, 0),
(3269, 2, 0, 2, 4, 8, 16, 2014, 0),
(3270, 1, 1, 0, 2, 7, 16, 2014, 0),
(3271, 0, 0, 0, 0, 27, 16, 2009, 1),
(3272, 0, 0, 0, 0, 23, 16, 2009, 1),
(3273, 1, 3, 3, 7, 1, 16, 2009, 1),
(3274, 0, 0, 0, 0, 22, 16, 2009, 1),
(3275, 0, 0, 0, 0, 24, 16, 2009, 1),
(3276, 0, 0, 0, 0, 10, 16, 2009, 1),
(3277, 0, 0, 0, 0, 12, 16, 2009, 1),
(3278, 0, 0, 0, 0, 14, 16, 2009, 1),
(3279, 0, 2, 3, 5, 11, 16, 2009, 1),
(3280, 1, 0, 1, 2, 8, 16, 2009, 1),
(3281, 0, 0, 0, 0, 27, 16, 2010, 1),
(3282, 0, 0, 0, 0, 23, 16, 2010, 1),
(3283, 0, 3, 0, 3, 1, 16, 2010, 1),
(3284, 0, 0, 0, 0, 22, 16, 2010, 1),
(3285, 0, 0, 0, 0, 24, 16, 2010, 1),
(3286, 0, 0, 0, 0, 10, 16, 2010, 1),
(3287, 0, 0, 0, 0, 12, 16, 2010, 1),
(3288, 0, 0, 0, 0, 14, 16, 2010, 1),
(3289, 0, 0, 1, 1, 11, 16, 2010, 1),
(3290, 0, 0, 0, 0, 8, 16, 2010, 1),
(3291, 0, 0, 0, 0, 27, 16, 2011, 1),
(3292, 0, 0, 0, 0, 23, 16, 2011, 1),
(3293, 18, 24, 6, 48, 1, 16, 2011, 1),
(3294, 0, 2, 4, 6, 22, 16, 2011, 1),
(3295, 0, 0, 0, 0, 24, 16, 2011, 1),
(3296, 0, 0, 3, 3, 10, 16, 2011, 1),
(3297, 0, 0, 0, 0, 12, 16, 2011, 1),
(3298, 0, 0, 0, 0, 14, 16, 2011, 1),
(3299, 2, 3, 2, 7, 11, 16, 2011, 1),
(3300, 2, 0, 13, 15, 8, 16, 2011, 1),
(3301, 0, 0, 0, 0, 27, 16, 2012, 1),
(3302, 0, 0, 0, 0, 23, 16, 2012, 1),
(3303, 9, 16, 7, 32, 1, 16, 2012, 1),
(3304, 0, 2, 4, 6, 22, 16, 2012, 1),
(3305, 0, 0, 0, 0, 24, 16, 2012, 1),
(3306, 0, 0, 3, 3, 10, 16, 2012, 1),
(3307, 0, 0, 0, 0, 12, 16, 2012, 1),
(3308, 0, 0, 0, 0, 14, 16, 2012, 1),
(3309, 8, 3, 10, 21, 11, 16, 2012, 1),
(3310, 6, 2, 15, 23, 8, 16, 2012, 1),
(3311, 0, 0, 0, 0, 27, 16, 2013, 1),
(3312, 0, 0, 0, 0, 23, 16, 2013, 1),
(3313, 18, 8, 3, 29, 1, 16, 2013, 1),
(3314, 0, 0, 0, 0, 22, 16, 2013, 1),
(3315, 0, 0, 0, 0, 24, 16, 2013, 1),
(3316, 0, 0, 0, 0, 10, 16, 2013, 1),
(3317, 0, 0, 0, 0, 12, 16, 2013, 1),
(3318, 0, 0, 0, 0, 14, 16, 2013, 1),
(3319, 4, 7, 4, 15, 11, 16, 2013, 1),
(3320, 3, 2, 1, 6, 8, 16, 2013, 1),
(3321, 0, 0, 0, 0, 27, 16, 2014, 1),
(3322, 0, 0, 0, 0, 23, 16, 2014, 1),
(3323, 0, 1, 0, 1, 1, 16, 2014, 1),
(3324, 0, 0, 0, 0, 22, 16, 2014, 1),
(3325, 0, 0, 0, 0, 24, 16, 2014, 1),
(3326, 0, 0, 0, 0, 10, 16, 2014, 1),
(3327, 0, 0, 0, 0, 12, 16, 2014, 1),
(3328, 0, 0, 0, 0, 14, 16, 2014, 1),
(3329, 1, 5, 4, 10, 11, 16, 2014, 1),
(3330, 0, 0, 0, 0, 8, 16, 2014, 1),
(3331, 0, 0, 0, 0, 27, 20, 2009, 0),
(3332, 0, 0, 0, 0, 23, 20, 2009, 0),
(3333, 0, 0, 0, 0, 1, 20, 2009, 0),
(3334, 0, 0, 0, 0, 22, 20, 2009, 0),
(3335, 0, 0, 0, 0, 24, 20, 2009, 0),
(3336, 0, 0, 0, 0, 10, 20, 2009, 0),
(3337, 0, 0, 0, 0, 12, 20, 2009, 0),
(3338, 0, 0, 0, 0, 14, 20, 2009, 0),
(3339, 0, 0, 0, 0, 11, 20, 2009, 0),
(3340, 0, 0, 0, 0, 8, 20, 2009, 0),
(3341, 0, 0, 0, 0, 27, 20, 2010, 0),
(3342, 0, 0, 0, 0, 23, 20, 2010, 0),
(3343, 0, 0, 0, 0, 1, 20, 2010, 0),
(3344, 5, 0, 0, 5, 22, 20, 2010, 0),
(3345, 0, 0, 0, 0, 24, 20, 2010, 0),
(3346, 0, 0, 0, 0, 10, 20, 2010, 0),
(3347, 0, 0, 0, 0, 12, 20, 2010, 0),
(3348, 0, 0, 0, 0, 14, 20, 2010, 0),
(3349, 0, 0, 10, 10, 11, 20, 2010, 0),
(3350, 0, 0, 5, 5, 8, 20, 2010, 0),
(3351, 0, 0, 0, 0, 27, 20, 2011, 0),
(3352, 0, 0, 0, 0, 23, 20, 2011, 0),
(3353, 0, 0, 0, 0, 1, 20, 2011, 0),
(3354, 0, 0, 0, 0, 22, 20, 2011, 0),
(3355, 0, 0, 0, 0, 24, 20, 2011, 0),
(3356, 0, 0, 0, 0, 10, 20, 2011, 0),
(3357, 0, 0, 0, 0, 12, 20, 2011, 0),
(3358, 0, 0, 0, 0, 14, 20, 2011, 0),
(3359, 0, 0, 0, 0, 11, 20, 2011, 0),
(3360, 0, 0, 0, 0, 8, 20, 2011, 0),
(3361, 0, 0, 0, 0, 27, 20, 2012, 0),
(3362, 0, 0, 0, 0, 23, 20, 2012, 0),
(3363, 0, 0, 0, 0, 1, 20, 2012, 0),
(3364, 0, 0, 0, 0, 22, 20, 2012, 0),
(3365, 0, 0, 0, 0, 24, 20, 2012, 0),
(3366, 0, 0, 0, 0, 10, 20, 2012, 0),
(3367, 0, 0, 0, 0, 12, 20, 2012, 0),
(3368, 0, 0, 0, 0, 14, 20, 2012, 0),
(3369, 0, 0, 0, 0, 11, 20, 2012, 0),
(3370, 0, 0, 0, 0, 8, 20, 2012, 0),
(3371, 0, 0, 0, 0, 27, 20, 2013, 0),
(3372, 0, 0, 0, 0, 23, 20, 2013, 0),
(3373, 0, 0, 0, 0, 1, 20, 2013, 0),
(3374, 0, 0, 0, 0, 22, 20, 2013, 0),
(3375, 0, 0, 0, 0, 24, 20, 2013, 0),
(3376, 0, 0, 0, 0, 10, 20, 2013, 0),
(3377, 0, 0, 0, 0, 12, 20, 2013, 0),
(3378, 0, 0, 0, 0, 14, 20, 2013, 0),
(3379, 0, 0, 0, 0, 11, 20, 2013, 0),
(3380, 0, 0, 0, 0, 8, 20, 2013, 0),
(3381, 0, 0, 0, 0, 27, 20, 2014, 0),
(3382, 0, 0, 0, 0, 23, 20, 2014, 0),
(3383, 0, 0, 0, 0, 1, 20, 2014, 0),
(3384, 0, 0, 0, 0, 22, 20, 2014, 0),
(3385, 0, 0, 0, 0, 24, 20, 2014, 0),
(3386, 0, 0, 0, 0, 10, 20, 2014, 0),
(3387, 0, 0, 0, 0, 12, 20, 2014, 0),
(3388, 0, 0, 0, 0, 14, 20, 2014, 0),
(3389, 2, 2, 2, 6, 11, 20, 2014, 0),
(3390, 0, 0, 0, 0, 8, 20, 2014, 0),
(3391, 0, 0, 0, 0, 27, 20, 2009, 1),
(3392, 0, 0, 0, 0, 23, 20, 2009, 1),
(3393, 0, 0, 0, 0, 1, 20, 2009, 1),
(3394, 0, 0, 0, 0, 22, 20, 2009, 1),
(3395, 0, 0, 0, 0, 24, 20, 2009, 1),
(3396, 0, 0, 0, 0, 10, 20, 2009, 1),
(3397, 0, 0, 0, 0, 12, 20, 2009, 1),
(3398, 0, 0, 0, 0, 17, 20, 2009, 1),
(3399, 0, 0, 0, 0, 11, 20, 2009, 1),
(3400, 0, 0, 0, 0, 8, 20, 2009, 1),
(3401, 0, 0, 0, 0, 27, 20, 2010, 1),
(3402, 0, 0, 0, 0, 23, 20, 2010, 1),
(3403, 0, 0, 0, 0, 1, 20, 2010, 1),
(3404, 0, 0, 0, 0, 22, 20, 2010, 1),
(3405, 0, 0, 0, 0, 24, 20, 2010, 1),
(3406, 0, 0, 0, 0, 10, 20, 2010, 1),
(3407, 0, 0, 0, 0, 12, 20, 2010, 1),
(3408, 0, 0, 0, 0, 17, 20, 2010, 1),
(3409, 0, 0, 0, 0, 11, 20, 2010, 1),
(3410, 0, 0, 0, 0, 8, 20, 2010, 1),
(3411, 0, 0, 0, 0, 27, 20, 2011, 1),
(3412, 0, 0, 0, 0, 23, 20, 2011, 1),
(3413, 0, 0, 0, 0, 1, 20, 2011, 1),
(3414, 0, 0, 0, 0, 22, 20, 2011, 1),
(3415, 0, 0, 0, 0, 24, 20, 2011, 1),
(3416, 0, 0, 0, 0, 10, 20, 2011, 1),
(3417, 0, 0, 0, 0, 12, 20, 2011, 1),
(3418, 0, 0, 0, 0, 17, 20, 2011, 1),
(3419, 0, 0, 0, 0, 11, 20, 2011, 1),
(3420, 0, 0, 0, 0, 8, 20, 2011, 1),
(3421, 0, 0, 0, 0, 27, 20, 2012, 1),
(3422, 0, 0, 0, 0, 23, 20, 2012, 1),
(3423, 0, 0, 0, 0, 1, 20, 2012, 1),
(3424, 0, 0, 0, 0, 22, 20, 2012, 1),
(3425, 0, 0, 0, 0, 24, 20, 2012, 1),
(3426, 0, 0, 0, 0, 10, 20, 2012, 1),
(3427, 0, 0, 0, 0, 12, 20, 2012, 1),
(3428, 0, 0, 0, 0, 17, 20, 2012, 1),
(3429, 0, 0, 0, 0, 11, 20, 2012, 1),
(3430, 0, 0, 0, 0, 8, 20, 2012, 1),
(3431, 0, 0, 0, 0, 27, 20, 2013, 1),
(3432, 0, 0, 0, 0, 23, 20, 2013, 1),
(3433, 4, 4, 3, 11, 1, 20, 2013, 1),
(3434, 3, 11, 14, 28, 22, 20, 2013, 1),
(3435, 0, 0, 0, 0, 24, 20, 2013, 1),
(3436, 0, 0, 0, 0, 10, 20, 2013, 1),
(3437, 0, 0, 0, 0, 12, 20, 2013, 1),
(3438, 0, 3, 6, 9, 17, 20, 2013, 1),
(3439, 1, 0, 10, 11, 11, 20, 2013, 1),
(3440, 0, 0, 5, 5, 8, 20, 2013, 1),
(3441, 0, 0, 0, 0, 27, 20, 2014, 1),
(3442, 0, 0, 0, 0, 23, 20, 2014, 1),
(3443, 0, 0, 0, 0, 1, 20, 2014, 1),
(3444, 0, 0, 0, 0, 22, 20, 2014, 1),
(3445, 0, 0, 0, 0, 24, 20, 2014, 1),
(3446, 0, 0, 0, 0, 10, 20, 2014, 1),
(3447, 0, 0, 0, 0, 12, 20, 2014, 1),
(3448, 0, 0, 0, 0, 17, 20, 2014, 1),
(3449, 0, 0, 0, 0, 11, 20, 2014, 1),
(3450, 0, 0, 0, 0, 8, 20, 2014, 1),
(3451, 0, 0, 0, 0, 27, 18, 2009, 0),
(3452, 0, 0, 0, 0, 23, 18, 2009, 0),
(3453, 0, 0, 0, 0, 1, 18, 2009, 0),
(3454, 5, 3, 3, 11, 22, 18, 2009, 0),
(3455, 0, 0, 0, 0, 24, 18, 2009, 0),
(3456, 0, 0, 0, 0, 10, 18, 2009, 0),
(3457, 0, 0, 0, 0, 12, 18, 2009, 0),
(3458, 10, 3, 2, 15, 11, 18, 2009, 0),
(3459, 19, 14, 7, 40, 8, 18, 2009, 0),
(3460, 0, 0, 0, 0, 17, 18, 2009, 0),
(3461, 0, 0, 0, 0, 27, 18, 2010, 0),
(3462, 0, 0, 0, 0, 23, 18, 2010, 0),
(3463, 0, 1, 1, 2, 1, 18, 2010, 0),
(3464, 4, 1, 1, 6, 22, 18, 2010, 0),
(3465, 0, 0, 0, 0, 24, 18, 2010, 0),
(3466, 0, 0, 0, 0, 10, 18, 2010, 0),
(3467, 0, 0, 0, 0, 12, 18, 2010, 0),
(3468, 1, 1, 4, 6, 11, 18, 2010, 0),
(3469, 0, 0, 0, 0, 8, 18, 2010, 0),
(3470, 1, 0, 0, 1, 17, 18, 2010, 0),
(3471, 0, 0, 0, 0, 27, 18, 2011, 0),
(3472, 0, 0, 0, 0, 23, 18, 2011, 0),
(3473, 0, 0, 0, 0, 1, 18, 2011, 0),
(3474, 0, 1, 1, 2, 22, 18, 2011, 0),
(3475, 0, 0, 0, 0, 24, 18, 2011, 0),
(3476, 0, 0, 0, 0, 10, 18, 2011, 0),
(3477, 0, 0, 0, 0, 12, 18, 2011, 0),
(3478, 6, 0, 0, 6, 11, 18, 2011, 0),
(3479, 0, 0, 0, 0, 8, 18, 2011, 0),
(3480, 1, 0, 0, 1, 17, 18, 2011, 0),
(3481, 0, 0, 0, 0, 27, 18, 2012, 0),
(3482, 0, 0, 0, 0, 23, 18, 2012, 0),
(3483, 0, 0, 0, 0, 1, 18, 2012, 0),
(3484, 0, 1, 1, 2, 22, 18, 2012, 0),
(3485, 0, 0, 0, 0, 24, 18, 2012, 0),
(3486, 0, 0, 0, 0, 10, 18, 2012, 0),
(3487, 0, 0, 0, 0, 12, 18, 2012, 0),
(3488, 6, 0, 0, 6, 11, 18, 2012, 0),
(3489, 0, 0, 0, 0, 8, 18, 2012, 0),
(3490, 1, 0, 0, 1, 17, 18, 2012, 0),
(3491, 0, 0, 0, 0, 27, 18, 2013, 0),
(3492, 0, 0, 0, 0, 23, 18, 2013, 0),
(3493, 0, 0, 0, 0, 1, 18, 2013, 0),
(3494, 0, 0, 0, 0, 22, 18, 2013, 0),
(3495, 0, 0, 0, 0, 24, 18, 2013, 0),
(3496, 0, 0, 0, 0, 10, 18, 2013, 0),
(3497, 0, 0, 0, 0, 12, 18, 2013, 0),
(3498, 0, 0, 0, 0, 11, 18, 2013, 0),
(3499, 0, 0, 0, 0, 8, 18, 2013, 0),
(3500, 0, 0, 0, 0, 17, 18, 2013, 0),
(3501, 0, 0, 0, 0, 27, 18, 2014, 0),
(3502, 0, 0, 0, 0, 23, 18, 2014, 0),
(3503, 0, 0, 0, 0, 1, 18, 2014, 0),
(3504, 0, 0, 0, 0, 22, 18, 2014, 0),
(3505, 0, 0, 0, 0, 24, 18, 2014, 0),
(3506, 0, 0, 0, 0, 10, 18, 2014, 0),
(3507, 0, 0, 0, 0, 12, 18, 2014, 0),
(3508, 0, 0, 0, 0, 11, 18, 2014, 0),
(3509, 0, 0, 0, 0, 8, 18, 2014, 0),
(3510, 0, 0, 0, 0, 17, 18, 2014, 0),
(3511, 0, 0, 0, 0, 27, 18, 2009, 1),
(3512, 0, 0, 0, 0, 23, 18, 2009, 1),
(3513, 0, 1, 0, 1, 1, 18, 2009, 1),
(3514, 18, 26, 35, 79, 22, 18, 2009, 1),
(3515, 0, 0, 0, 0, 24, 18, 2009, 1),
(3516, 0, 0, 0, 0, 10, 18, 2009, 1),
(3517, 0, 0, 0, 0, 12, 18, 2009, 1),
(3518, 4, 3, 3, 10, 11, 18, 2009, 1),
(3519, 16, 10, 3, 29, 8, 18, 2009, 1),
(3520, 0, 0, 0, 0, 17, 18, 2009, 1),
(3521, 0, 0, 0, 0, 27, 18, 2010, 1),
(3522, 0, 0, 0, 0, 23, 18, 2010, 1),
(3523, 0, 4, 1, 5, 1, 18, 2010, 1),
(3524, 14, 7, 19, 40, 22, 18, 2010, 1),
(3525, 0, 0, 0, 0, 24, 18, 2010, 1),
(3526, 0, 0, 0, 0, 10, 18, 2010, 1),
(3527, 0, 0, 0, 0, 12, 18, 2010, 1),
(3528, 1, 1, 1, 3, 11, 18, 2010, 1),
(3529, 0, 0, 1, 1, 8, 18, 2010, 1),
(3530, 1, 0, 0, 1, 17, 18, 2010, 1),
(3531, 0, 0, 0, 0, 27, 18, 2011, 1),
(3532, 0, 0, 0, 0, 23, 18, 2011, 1),
(3533, 1, 0, 1, 2, 1, 18, 2011, 1),
(3534, 0, 0, 0, 0, 22, 18, 2011, 1),
(3535, 0, 0, 0, 0, 24, 18, 2011, 1),
(3536, 0, 0, 0, 0, 10, 18, 2011, 1),
(3537, 0, 0, 0, 0, 12, 18, 2011, 1),
(3538, 0, 0, 0, 0, 11, 18, 2011, 1),
(3539, 0, 0, 0, 0, 8, 18, 2011, 1),
(3540, 1, 0, 0, 1, 17, 18, 2011, 1),
(3541, 0, 0, 0, 0, 27, 18, 2012, 1),
(3542, 0, 0, 0, 0, 23, 18, 2012, 1),
(3543, 1, 0, 1, 2, 1, 18, 2012, 1),
(3544, 0, 0, 0, 0, 22, 18, 2012, 1),
(3545, 0, 0, 0, 0, 24, 18, 2012, 1),
(3546, 0, 0, 0, 0, 10, 18, 2012, 1),
(3547, 0, 0, 0, 0, 12, 18, 2012, 1),
(3548, 0, 0, 0, 0, 11, 18, 2012, 1),
(3549, 0, 0, 0, 0, 8, 18, 2012, 1),
(3550, 1, 0, 0, 1, 17, 18, 2012, 1),
(3551, 0, 0, 0, 0, 27, 18, 2013, 1),
(3552, 0, 0, 0, 0, 23, 18, 2013, 1),
(3553, 0, 0, 0, 0, 1, 18, 2013, 1),
(3554, 0, 0, 0, 0, 22, 18, 2013, 1),
(3555, 0, 0, 0, 0, 24, 18, 2013, 1),
(3556, 0, 0, 0, 0, 10, 18, 2013, 1),
(3557, 0, 0, 0, 0, 12, 18, 2013, 1),
(3558, 0, 0, 0, 0, 11, 18, 2013, 1),
(3559, 0, 0, 0, 0, 8, 18, 2013, 1),
(3560, 0, 0, 0, 0, 17, 18, 2013, 1),
(3561, 0, 0, 0, 0, 27, 18, 2014, 1),
(3562, 0, 0, 0, 0, 23, 18, 2014, 1),
(3563, 0, 0, 0, 0, 1, 18, 2014, 1),
(3564, 0, 0, 0, 0, 22, 18, 2014, 1),
(3565, 0, 0, 0, 0, 24, 18, 2014, 1),
(3566, 0, 0, 0, 0, 10, 18, 2014, 1),
(3567, 0, 0, 0, 0, 12, 18, 2014, 1),
(3568, 0, 0, 0, 0, 11, 18, 2014, 1),
(3569, 0, 0, 0, 0, 8, 18, 2014, 1),
(3570, 0, 0, 0, 0, 17, 18, 2014, 1),
(3571, 0, 0, 0, 0, 27, 24, 2009, 0),
(3572, 0, 0, 0, 0, 23, 24, 2009, 0),
(3573, 0, 0, 0, 0, 1, 24, 2009, 0),
(3574, 0, 0, 0, 0, 22, 24, 2009, 0),
(3575, 0, 0, 0, 0, 24, 24, 2009, 0),
(3576, 0, 0, 0, 0, 10, 24, 2009, 0),
(3577, 0, 0, 0, 0, 12, 24, 2009, 0),
(3578, 0, 0, 0, 0, 14, 24, 2009, 0),
(3579, 0, 0, 0, 0, 11, 24, 2009, 0),
(3580, 0, 0, 0, 0, 6, 24, 2009, 0),
(3581, 0, 0, 0, 0, 27, 24, 2010, 0),
(3582, 0, 0, 0, 0, 23, 24, 2010, 0),
(3583, 5, 10, 15, 30, 1, 24, 2010, 0),
(3584, 0, 0, 0, 0, 22, 24, 2010, 0),
(3585, 0, 0, 0, 0, 24, 24, 2010, 0),
(3586, 0, 0, 0, 0, 10, 24, 2010, 0),
(3587, 0, 0, 0, 0, 12, 24, 2010, 0),
(3588, 0, 0, 0, 0, 14, 24, 2010, 0),
(3589, 0, 0, 0, 0, 11, 24, 2010, 0),
(3590, 0, 0, 0, 0, 6, 24, 2010, 0),
(3591, 0, 0, 0, 0, 27, 24, 2011, 0),
(3592, 0, 0, 0, 0, 23, 24, 2011, 0),
(3593, 4, 9, 7, 20, 1, 24, 2011, 0),
(3594, 0, 0, 0, 0, 22, 24, 2011, 0),
(3595, 0, 0, 0, 0, 24, 24, 2011, 0),
(3596, 0, 0, 0, 0, 10, 24, 2011, 0),
(3597, 0, 0, 0, 0, 12, 24, 2011, 0),
(3598, 0, 0, 0, 0, 14, 24, 2011, 0),
(3599, 0, 0, 0, 0, 11, 24, 2011, 0),
(3600, 0, 0, 0, 0, 6, 24, 2011, 0),
(3601, 0, 0, 0, 0, 27, 24, 2012, 0),
(3602, 0, 0, 0, 0, 23, 24, 2012, 0),
(3603, 4, 9, 7, 20, 1, 24, 2012, 0),
(3604, 0, 0, 0, 0, 22, 24, 2012, 0),
(3605, 0, 0, 0, 0, 24, 24, 2012, 0),
(3606, 0, 0, 0, 0, 10, 24, 2012, 0),
(3607, 0, 0, 0, 0, 12, 24, 2012, 0),
(3608, 0, 0, 0, 0, 14, 24, 2012, 0),
(3609, 0, 0, 0, 0, 11, 24, 2012, 0),
(3610, 0, 0, 0, 0, 6, 24, 2012, 0),
(3611, 0, 0, 0, 0, 27, 24, 2013, 0),
(3612, 0, 0, 0, 0, 23, 24, 2013, 0),
(3613, 0, 5, 0, 5, 1, 24, 2013, 0),
(3614, 2, 3, 4, 9, 22, 24, 2013, 0),
(3615, 0, 0, 0, 0, 24, 24, 2013, 0),
(3616, 0, 0, 0, 0, 10, 24, 2013, 0),
(3617, 0, 0, 0, 0, 12, 24, 2013, 0),
(3618, 0, 0, 0, 0, 14, 24, 2013, 0),
(3619, 0, 0, 0, 0, 11, 24, 2013, 0),
(3620, 1, 1, 3, 5, 6, 24, 2013, 0),
(3621, 0, 0, 0, 0, 27, 24, 2014, 0),
(3622, 0, 0, 0, 0, 23, 24, 2014, 0),
(3623, 0, 0, 0, 0, 1, 24, 2014, 0),
(3624, 0, 0, 0, 0, 22, 24, 2014, 0),
(3625, 0, 0, 0, 0, 24, 24, 2014, 0),
(3626, 0, 0, 0, 0, 10, 24, 2014, 0),
(3627, 0, 0, 0, 0, 12, 24, 2014, 0),
(3628, 0, 0, 0, 0, 14, 24, 2014, 0),
(3629, 0, 0, 0, 0, 11, 24, 2014, 0),
(3630, 0, 0, 0, 0, 6, 24, 2014, 0),
(3631, 0, 0, 0, 0, 27, 24, 2009, 1),
(3632, 0, 0, 0, 0, 23, 24, 2009, 1),
(3633, 0, 0, 0, 0, 1, 24, 2009, 1),
(3634, 0, 0, 0, 0, 22, 24, 2009, 1),
(3635, 0, 0, 0, 0, 24, 24, 2009, 1),
(3636, 0, 0, 0, 0, 10, 24, 2009, 1),
(3637, 0, 0, 0, 0, 12, 24, 2009, 1),
(3638, 0, 0, 0, 0, 14, 24, 2009, 1),
(3639, 0, 0, 0, 0, 11, 24, 2009, 1),
(3640, 0, 0, 0, 0, 15, 24, 2009, 1),
(3641, 0, 0, 0, 0, 27, 24, 2010, 1),
(3642, 0, 0, 0, 0, 23, 24, 2010, 1),
(3643, 0, 0, 0, 0, 1, 24, 2010, 1),
(3644, 0, 0, 0, 0, 22, 24, 2010, 1),
(3645, 0, 0, 0, 0, 24, 24, 2010, 1),
(3646, 0, 0, 0, 0, 10, 24, 2010, 1),
(3647, 0, 0, 0, 0, 12, 24, 2010, 1),
(3648, 0, 0, 0, 0, 14, 24, 2010, 1),
(3649, 0, 0, 0, 0, 11, 24, 2010, 1),
(3650, 0, 0, 0, 0, 15, 24, 2010, 1),
(3651, 0, 0, 0, 0, 27, 24, 2011, 1),
(3652, 0, 0, 0, 0, 23, 24, 2011, 1),
(3653, 0, 0, 0, 0, 1, 24, 2011, 1),
(3654, 0, 0, 0, 0, 22, 24, 2011, 1),
(3655, 0, 0, 0, 0, 24, 24, 2011, 1),
(3656, 0, 0, 0, 0, 10, 24, 2011, 1),
(3657, 0, 0, 0, 0, 12, 24, 2011, 1),
(3658, 0, 0, 0, 0, 14, 24, 2011, 1),
(3659, 0, 0, 0, 0, 11, 24, 2011, 1),
(3660, 0, 0, 0, 0, 15, 24, 2011, 1),
(3661, 0, 0, 0, 0, 27, 24, 2012, 1),
(3662, 0, 0, 0, 0, 23, 24, 2012, 1),
(3663, 0, 0, 0, 0, 1, 24, 2012, 1),
(3664, 0, 0, 0, 0, 22, 24, 2012, 1),
(3665, 0, 0, 0, 0, 24, 24, 2012, 1),
(3666, 0, 0, 0, 0, 10, 24, 2012, 1),
(3667, 0, 0, 0, 0, 12, 24, 2012, 1),
(3668, 0, 0, 0, 0, 14, 24, 2012, 1),
(3669, 0, 0, 0, 0, 11, 24, 2012, 1),
(3670, 0, 0, 0, 0, 15, 24, 2012, 1),
(3671, 0, 0, 0, 0, 27, 24, 2013, 1),
(3672, 0, 0, 0, 0, 23, 24, 2013, 1),
(3673, 0, 0, 0, 0, 1, 24, 2013, 1),
(3674, 0, 0, 0, 0, 22, 24, 2013, 1),
(3675, 0, 0, 0, 0, 24, 24, 2013, 1),
(3676, 0, 0, 0, 0, 10, 24, 2013, 1),
(3677, 0, 0, 0, 0, 12, 24, 2013, 1),
(3678, 0, 0, 0, 0, 14, 24, 2013, 1),
(3679, 0, 0, 0, 0, 11, 24, 2013, 1),
(3680, 0, 0, 0, 0, 15, 24, 2013, 1),
(3681, 0, 0, 0, 0, 27, 24, 2014, 1),
(3682, 0, 0, 0, 0, 23, 24, 2014, 1),
(3683, 0, 0, 0, 0, 1, 24, 2014, 1),
(3684, 0, 0, 0, 0, 22, 24, 2014, 1),
(3685, 0, 0, 0, 0, 24, 24, 2014, 1),
(3686, 0, 0, 0, 0, 10, 24, 2014, 1),
(3687, 0, 0, 0, 0, 12, 24, 2014, 1),
(3688, 0, 0, 0, 0, 14, 24, 2014, 1),
(3689, 0, 0, 0, 0, 11, 24, 2014, 1),
(3690, 0, 0, 0, 0, 15, 24, 2014, 1),
(3691, 0, 0, 0, 0, 27, 23, 2009, 0),
(3692, 0, 0, 0, 0, 23, 23, 2009, 0),
(3693, 0, 0, 0, 0, 1, 23, 2009, 0),
(3694, 0, 0, 0, 0, 22, 23, 2009, 0),
(3695, 0, 0, 0, 0, 24, 23, 2009, 0),
(3696, 0, 0, 0, 0, 10, 23, 2009, 0),
(3697, 0, 0, 0, 0, 12, 23, 2009, 0),
(3698, 0, 0, 0, 0, 2, 23, 2009, 0),
(3699, 1, 2, 1, 4, 11, 23, 2009, 0),
(3700, 1, 2, 1, 4, 6, 23, 2009, 0),
(3701, 0, 0, 0, 0, 27, 23, 2010, 0),
(3702, 0, 0, 0, 0, 23, 23, 2010, 0),
(3703, 0, 0, 0, 0, 1, 23, 2010, 0),
(3704, 0, 0, 0, 0, 22, 23, 2010, 0),
(3705, 0, 0, 0, 0, 24, 23, 2010, 0),
(3706, 0, 0, 0, 0, 10, 23, 2010, 0),
(3707, 0, 0, 0, 0, 12, 23, 2010, 0),
(3708, 0, 0, 0, 0, 2, 23, 2010, 0),
(3709, 0, 0, 0, 0, 11, 23, 2010, 0),
(3710, 0, 0, 0, 0, 6, 23, 2010, 0),
(3711, 0, 0, 0, 0, 27, 23, 2011, 0),
(3712, 0, 0, 0, 0, 23, 23, 2011, 0),
(3713, 0, 0, 0, 0, 1, 23, 2011, 0),
(3714, 0, 0, 0, 0, 22, 23, 2011, 0),
(3715, 0, 0, 0, 0, 24, 23, 2011, 0),
(3716, 0, 0, 0, 0, 10, 23, 2011, 0),
(3717, 0, 0, 0, 0, 12, 23, 2011, 0),
(3718, 0, 0, 0, 0, 2, 23, 2011, 0),
(3719, 0, 0, 0, 0, 11, 23, 2011, 0),
(3720, 0, 0, 0, 0, 6, 23, 2011, 0),
(3721, 0, 0, 0, 0, 27, 23, 2012, 0),
(3722, 0, 0, 0, 0, 23, 23, 2012, 0),
(3723, 0, 0, 0, 0, 1, 23, 2012, 0),
(3724, 0, 0, 0, 0, 22, 23, 2012, 0),
(3725, 0, 0, 0, 0, 24, 23, 2012, 0),
(3726, 0, 0, 0, 0, 10, 23, 2012, 0),
(3727, 0, 0, 0, 0, 12, 23, 2012, 0),
(3728, 0, 0, 0, 0, 2, 23, 2012, 0),
(3729, 3, 2, 1, 6, 11, 23, 2012, 0),
(3730, 0, 0, 0, 0, 6, 23, 2012, 0),
(3731, 0, 0, 0, 0, 27, 23, 2013, 0),
(3732, 0, 0, 0, 0, 23, 23, 2013, 0),
(3733, 0, 0, 0, 0, 1, 23, 2013, 0),
(3734, 0, 0, 0, 0, 22, 23, 2013, 0),
(3735, 0, 0, 0, 0, 24, 23, 2013, 0),
(3736, 0, 0, 0, 0, 10, 23, 2013, 0),
(3737, 0, 0, 0, 0, 12, 23, 2013, 0),
(3738, 0, 0, 0, 0, 2, 23, 2013, 0),
(3739, 0, 0, 0, 0, 11, 23, 2013, 0),
(3740, 1, 3, 1, 5, 6, 23, 2013, 0),
(3741, 0, 0, 0, 0, 27, 23, 2014, 0),
(3742, 0, 0, 0, 0, 23, 23, 2014, 0),
(3743, 5, 2, 1, 8, 1, 23, 2014, 0),
(3744, 0, 0, 0, 0, 22, 23, 2014, 0),
(3745, 0, 0, 0, 0, 24, 23, 2014, 0),
(3746, 0, 0, 0, 0, 10, 23, 2014, 0),
(3747, 0, 0, 0, 0, 12, 23, 2014, 0),
(3748, 19, 0, 0, 19, 2, 23, 2014, 0),
(3749, 6, 0, 0, 6, 11, 23, 2014, 0),
(3750, 1, 2, 0, 3, 6, 23, 2014, 0),
(3751, 0, 0, 0, 0, 27, 23, 2009, 1),
(3752, 0, 0, 0, 0, 23, 23, 2009, 1),
(3753, 0, 0, 0, 0, 1, 23, 2009, 1),
(3754, 0, 0, 0, 0, 22, 23, 2009, 1),
(3755, 0, 0, 0, 0, 24, 23, 2009, 1),
(3756, 0, 0, 0, 0, 10, 23, 2009, 1),
(3757, 0, 0, 0, 0, 6, 23, 2009, 1),
(3758, 0, 0, 0, 0, 11, 23, 2009, 1),
(3759, 0, 0, 0, 0, 18, 23, 2009, 1),
(3760, 0, 0, 0, 0, 28, 23, 2009, 1),
(3761, 0, 0, 0, 0, 27, 23, 2010, 1),
(3762, 0, 0, 0, 0, 23, 23, 2010, 1),
(3763, 0, 0, 0, 0, 1, 23, 2010, 1),
(3764, 0, 0, 0, 0, 22, 23, 2010, 1),
(3765, 0, 0, 0, 0, 24, 23, 2010, 1),
(3766, 0, 0, 0, 0, 10, 23, 2010, 1),
(3767, 0, 0, 0, 0, 6, 23, 2010, 1),
(3768, 0, 0, 0, 0, 11, 23, 2010, 1),
(3769, 0, 0, 0, 0, 18, 23, 2010, 1),
(3770, 0, 0, 0, 0, 28, 23, 2010, 1),
(3771, 0, 0, 0, 0, 27, 23, 2011, 1),
(3772, 0, 0, 0, 0, 23, 23, 2011, 1),
(3773, 0, 0, 0, 0, 1, 23, 2011, 1),
(3774, 0, 0, 0, 0, 22, 23, 2011, 1),
(3775, 0, 0, 0, 0, 24, 23, 2011, 1),
(3776, 0, 0, 0, 0, 10, 23, 2011, 1),
(3777, 0, 0, 0, 0, 6, 23, 2011, 1),
(3778, 0, 0, 0, 0, 11, 23, 2011, 1),
(3779, 0, 0, 0, 0, 18, 23, 2011, 1),
(3780, 0, 0, 0, 0, 28, 23, 2011, 1),
(3781, 0, 0, 0, 0, 27, 23, 2012, 1),
(3782, 0, 0, 0, 0, 23, 23, 2012, 1),
(3783, 6, 6, 6, 18, 1, 23, 2012, 1),
(3784, 0, 0, 0, 0, 22, 23, 2012, 1),
(3785, 0, 0, 0, 0, 24, 23, 2012, 1),
(3786, 0, 0, 0, 0, 10, 23, 2012, 1),
(3787, 0, 0, 0, 0, 6, 23, 2012, 1),
(3788, 6, 4, 0, 10, 11, 23, 2012, 1),
(3789, 0, 2, 1, 3, 18, 23, 2012, 1),
(3790, 0, 0, 5, 5, 28, 23, 2012, 1),
(3791, 0, 0, 0, 0, 27, 23, 2013, 1),
(3792, 0, 0, 0, 0, 23, 23, 2013, 1),
(3793, 5, 8, 4, 17, 1, 23, 2013, 1),
(3794, 0, 0, 0, 0, 22, 23, 2013, 1),
(3795, 0, 0, 0, 0, 24, 23, 2013, 1),
(3796, 0, 0, 0, 0, 10, 23, 2013, 1),
(3797, 2, 5, 1, 8, 6, 23, 2013, 1),
(3798, 30, 0, 0, 30, 11, 23, 2013, 1),
(3799, 0, 0, 0, 0, 18, 23, 2013, 1),
(3800, 0, 0, 0, 0, 28, 23, 2013, 1),
(3801, 0, 0, 0, 0, 27, 23, 2014, 1),
(3802, 0, 0, 0, 0, 23, 23, 2014, 1),
(3803, 0, 0, 0, 0, 1, 23, 2014, 1),
(3804, 0, 0, 0, 0, 22, 23, 2014, 1),
(3805, 0, 0, 0, 0, 24, 23, 2014, 1),
(3806, 0, 0, 0, 0, 10, 23, 2014, 1),
(3807, 0, 0, 0, 0, 6, 23, 2014, 1),
(3808, 0, 0, 0, 0, 11, 23, 2014, 1),
(3809, 0, 0, 0, 0, 18, 23, 2014, 1),
(3810, 0, 0, 0, 0, 28, 23, 2014, 1),
(3811, 0, 0, 0, 0, 27, 32, 2009, 0),
(3812, 0, 0, 0, 0, 23, 32, 2009, 0),
(3813, 0, 0, 0, 0, 1, 32, 2009, 0),
(3814, 0, 0, 0, 0, 22, 32, 2009, 0),
(3815, 0, 0, 0, 0, 24, 32, 2009, 0),
(3816, 0, 0, 0, 0, 10, 32, 2009, 0),
(3817, 0, 0, 0, 0, 12, 32, 2009, 0),
(3818, 0, 0, 0, 0, 14, 32, 2009, 0),
(3819, 0, 0, 0, 0, 11, 32, 2009, 0),
(3820, 0, 0, 0, 0, 6, 32, 2009, 0),
(3821, 0, 0, 1, 1, 27, 32, 2010, 0),
(3822, 0, 0, 0, 0, 23, 32, 2010, 0),
(3823, 0, 0, 0, 0, 1, 32, 2010, 0),
(3824, 0, 0, 0, 0, 22, 32, 2010, 0),
(3825, 0, 0, 0, 0, 24, 32, 2010, 0),
(3826, 0, 0, 0, 0, 10, 32, 2010, 0),
(3827, 0, 0, 0, 0, 12, 32, 2010, 0),
(3828, 0, 0, 0, 0, 14, 32, 2010, 0),
(3829, 0, 1, 0, 1, 11, 32, 2010, 0),
(3830, 3, 2, 0, 5, 6, 32, 2010, 0),
(3831, 0, 0, 0, 0, 27, 32, 2011, 0),
(3832, 0, 0, 0, 0, 23, 32, 2011, 0),
(3833, 0, 0, 0, 0, 1, 32, 2011, 0),
(3834, 0, 0, 0, 0, 22, 32, 2011, 0),
(3835, 0, 0, 0, 0, 24, 32, 2011, 0),
(3836, 0, 0, 0, 0, 10, 32, 2011, 0),
(3837, 0, 0, 0, 0, 12, 32, 2011, 0),
(3838, 0, 0, 0, 0, 14, 32, 2011, 0),
(3839, 0, 0, 0, 0, 11, 32, 2011, 0),
(3840, 0, 0, 0, 0, 6, 32, 2011, 0),
(3841, 0, 0, 0, 0, 27, 32, 2012, 0),
(3842, 0, 0, 0, 0, 23, 32, 2012, 0),
(3843, 0, 0, 0, 0, 1, 32, 2012, 0),
(3844, 0, 0, 0, 0, 22, 32, 2012, 0),
(3845, 0, 0, 0, 0, 24, 32, 2012, 0),
(3846, 0, 0, 0, 0, 10, 32, 2012, 0),
(3847, 0, 0, 0, 0, 12, 32, 2012, 0),
(3848, 0, 0, 0, 0, 14, 32, 2012, 0),
(3849, 3, 2, 1, 6, 11, 32, 2012, 0),
(3850, 0, 0, 0, 0, 6, 32, 2012, 0),
(3851, 0, 0, 0, 0, 27, 32, 2013, 0),
(3852, 0, 0, 0, 0, 23, 32, 2013, 0),
(3853, 1, 0, 1, 2, 1, 32, 2013, 0),
(3854, 0, 0, 0, 0, 22, 32, 2013, 0),
(3855, 0, 0, 0, 0, 24, 32, 2013, 0),
(3856, 0, 0, 0, 0, 10, 32, 2013, 0),
(3857, 0, 0, 0, 0, 12, 32, 2013, 0),
(3858, 0, 0, 0, 0, 14, 32, 2013, 0),
(3859, 0, 0, 0, 0, 11, 32, 2013, 0),
(3860, 0, 0, 0, 0, 6, 32, 2013, 0),
(3861, 0, 0, 0, 0, 27, 32, 2014, 0),
(3862, 0, 0, 0, 0, 23, 32, 2014, 0),
(3863, 0, 0, 0, 0, 1, 32, 2014, 0),
(3864, 0, 0, 0, 0, 22, 32, 2014, 0),
(3865, 0, 0, 0, 0, 24, 32, 2014, 0),
(3866, 0, 0, 0, 0, 10, 32, 2014, 0),
(3867, 0, 0, 0, 0, 12, 32, 2014, 0),
(3868, 0, 0, 0, 0, 14, 32, 2014, 0),
(3869, 0, 0, 0, 0, 11, 32, 2014, 0),
(3870, 0, 0, 0, 0, 6, 32, 2014, 0),
(3871, 0, 0, 0, 0, 27, 32, 2009, 1),
(3872, 0, 0, 0, 0, 23, 32, 2009, 1),
(3873, 0, 0, 0, 0, 1, 32, 2009, 1),
(3874, 0, 0, 0, 0, 22, 32, 2009, 1),
(3875, 0, 0, 0, 0, 24, 32, 2009, 1),
(3876, 0, 0, 0, 0, 10, 32, 2009, 1),
(3877, 0, 0, 0, 0, 12, 32, 2009, 1),
(3878, 0, 0, 0, 0, 14, 32, 2009, 1),
(3879, 0, 0, 0, 0, 11, 32, 2009, 1),
(3880, 0, 0, 0, 0, 6, 32, 2009, 1),
(3881, 0, 0, 0, 0, 27, 32, 2010, 1),
(3882, 0, 0, 0, 0, 23, 32, 2010, 1),
(3883, 0, 0, 0, 0, 1, 32, 2010, 1),
(3884, 0, 0, 0, 0, 22, 32, 2010, 1),
(3885, 0, 0, 0, 0, 24, 32, 2010, 1),
(3886, 0, 0, 0, 0, 10, 32, 2010, 1),
(3887, 0, 0, 0, 0, 12, 32, 2010, 1),
(3888, 0, 0, 0, 0, 14, 32, 2010, 1),
(3889, 0, 0, 0, 0, 11, 32, 2010, 1),
(3890, 0, 0, 0, 0, 6, 32, 2010, 1),
(3891, 0, 0, 0, 0, 27, 32, 2011, 1),
(3892, 0, 0, 0, 0, 23, 32, 2011, 1),
(3893, 0, 0, 0, 0, 1, 32, 2011, 1),
(3894, 0, 0, 0, 0, 22, 32, 2011, 1),
(3895, 0, 0, 0, 0, 24, 32, 2011, 1),
(3896, 0, 0, 0, 0, 10, 32, 2011, 1),
(3897, 0, 0, 0, 0, 12, 32, 2011, 1),
(3898, 0, 0, 0, 0, 14, 32, 2011, 1),
(3899, 0, 0, 0, 0, 11, 32, 2011, 1),
(3900, 0, 0, 0, 0, 6, 32, 2011, 1),
(3901, 0, 0, 0, 0, 27, 32, 2012, 1),
(3902, 0, 0, 0, 0, 23, 32, 2012, 1),
(3903, 0, 2, 1, 3, 1, 32, 2012, 1),
(3904, 0, 0, 0, 0, 22, 32, 2012, 1),
(3905, 0, 0, 0, 0, 24, 32, 2012, 1),
(3906, 0, 0, 0, 0, 10, 32, 2012, 1),
(3907, 0, 0, 0, 0, 12, 32, 2012, 1),
(3908, 0, 0, 0, 0, 14, 32, 2012, 1),
(3909, 0, 0, 0, 0, 11, 32, 2012, 1),
(3910, 0, 0, 0, 0, 6, 32, 2012, 1),
(3911, 0, 0, 0, 0, 27, 32, 2013, 1),
(3912, 0, 0, 0, 0, 23, 32, 2013, 1),
(3913, 1, 0, 1, 2, 1, 32, 2013, 1),
(3914, 0, 0, 0, 0, 22, 32, 2013, 1),
(3915, 0, 0, 0, 0, 24, 32, 2013, 1),
(3916, 0, 0, 0, 0, 10, 32, 2013, 1),
(3917, 0, 0, 0, 0, 12, 32, 2013, 1),
(3918, 0, 0, 0, 0, 14, 32, 2013, 1),
(3919, 0, 0, 0, 0, 11, 32, 2013, 1),
(3920, 0, 0, 0, 0, 6, 32, 2013, 1),
(3921, 0, 0, 0, 0, 27, 32, 2014, 1),
(3922, 0, 0, 0, 0, 23, 32, 2014, 1),
(3923, 0, 0, 0, 0, 1, 32, 2014, 1),
(3924, 0, 0, 0, 0, 22, 32, 2014, 1),
(3925, 0, 0, 0, 0, 24, 32, 2014, 1),
(3926, 0, 0, 0, 0, 10, 32, 2014, 1),
(3927, 0, 0, 0, 0, 12, 32, 2014, 1),
(3928, 0, 0, 0, 0, 14, 32, 2014, 1),
(3929, 0, 0, 0, 0, 11, 32, 2014, 1),
(3930, 0, 0, 0, 0, 6, 32, 2014, 1),
(3931, 0, 0, 0, 0, 27, 25, 2009, 0),
(3932, 0, 0, 0, 0, 23, 25, 2009, 0),
(3933, 0, 0, 0, 0, 1, 25, 2009, 0),
(3934, 0, 0, 0, 0, 22, 25, 2009, 0),
(3935, 0, 0, 0, 0, 24, 25, 2009, 0),
(3936, 0, 0, 0, 0, 10, 25, 2009, 0),
(3937, 0, 0, 0, 0, 12, 25, 2009, 0),
(3938, 0, 0, 0, 0, 13, 25, 2009, 0),
(3939, 0, 0, 0, 0, 11, 25, 2009, 0),
(3940, 0, 0, 0, 0, 6, 25, 2009, 0),
(3941, 0, 0, 0, 0, 27, 25, 2010, 0),
(3942, 0, 0, 0, 0, 23, 25, 2010, 0),
(3943, 0, 0, 0, 0, 1, 25, 2010, 0),
(3944, 0, 0, 0, 0, 22, 25, 2010, 0),
(3945, 0, 0, 0, 0, 24, 25, 2010, 0),
(3946, 0, 0, 0, 0, 10, 25, 2010, 0),
(3947, 0, 0, 0, 0, 12, 25, 2010, 0),
(3948, 0, 0, 0, 0, 13, 25, 2010, 0),
(3949, 0, 0, 0, 0, 11, 25, 2010, 0),
(3950, 0, 5, 0, 5, 6, 25, 2010, 0),
(3951, 0, 0, 0, 0, 27, 25, 2011, 0),
(3952, 0, 0, 0, 0, 23, 25, 2011, 0),
(3953, 0, 0, 0, 0, 1, 25, 2011, 0),
(3954, 0, 0, 0, 0, 22, 25, 2011, 0),
(3955, 0, 0, 0, 0, 24, 25, 2011, 0),
(3956, 0, 0, 0, 0, 10, 25, 2011, 0),
(3957, 0, 0, 0, 0, 12, 25, 2011, 0),
(3958, 0, 2, 6, 8, 13, 25, 2011, 0),
(3959, 0, 0, 0, 0, 11, 25, 2011, 0),
(3960, 0, 5, 5, 10, 6, 25, 2011, 0),
(3961, 0, 0, 0, 0, 27, 25, 2012, 0),
(3962, 0, 0, 0, 0, 23, 25, 2012, 0),
(3963, 0, 0, 0, 0, 1, 25, 2012, 0),
(3964, 0, 0, 0, 0, 22, 25, 2012, 0),
(3965, 0, 0, 0, 0, 24, 25, 2012, 0),
(3966, 0, 0, 0, 0, 10, 25, 2012, 0),
(3967, 0, 0, 0, 0, 12, 25, 2012, 0),
(3968, 0, 2, 6, 8, 13, 25, 2012, 0),
(3969, 0, 0, 0, 0, 11, 25, 2012, 0),
(3970, 0, 5, 5, 10, 6, 25, 2012, 0),
(3971, 0, 0, 0, 0, 27, 25, 2013, 0),
(3972, 0, 0, 0, 0, 23, 25, 2013, 0),
(3973, 0, 0, 0, 0, 1, 25, 2013, 0),
(3974, 0, 0, 0, 0, 22, 25, 2013, 0),
(3975, 0, 0, 0, 0, 24, 25, 2013, 0),
(3976, 0, 0, 0, 0, 10, 25, 2013, 0),
(3977, 0, 0, 0, 0, 12, 25, 2013, 0),
(3978, 0, 0, 0, 0, 13, 25, 2013, 0),
(3979, 0, 0, 0, 0, 11, 25, 2013, 0),
(3980, 0, 0, 0, 0, 6, 25, 2013, 0),
(3981, 0, 0, 0, 0, 27, 25, 2014, 0),
(3982, 0, 0, 0, 0, 23, 25, 2014, 0),
(3983, 4, 4, 4, 12, 1, 25, 2014, 0),
(3984, 0, 0, 0, 0, 22, 25, 2014, 0),
(3985, 0, 0, 0, 0, 24, 25, 2014, 0),
(3986, 0, 0, 0, 0, 10, 25, 2014, 0),
(3987, 0, 0, 0, 0, 12, 25, 2014, 0),
(3988, 0, 0, 0, 0, 13, 25, 2014, 0),
(3989, 0, 0, 0, 0, 11, 25, 2014, 0),
(3990, 5, 2, 1, 8, 6, 25, 2014, 0),
(3991, 0, 0, 0, 0, 27, 25, 2009, 1),
(3992, 0, 0, 0, 0, 23, 25, 2009, 1),
(3993, 0, 0, 0, 0, 1, 25, 2009, 1),
(3994, 0, 0, 0, 0, 22, 25, 2009, 1),
(3995, 0, 0, 0, 0, 24, 25, 2009, 1),
(3996, 0, 0, 0, 0, 10, 25, 2009, 1),
(3997, 0, 0, 0, 0, 12, 25, 2009, 1),
(3998, 0, 0, 0, 0, 14, 25, 2009, 1),
(3999, 0, 0, 0, 0, 11, 25, 2009, 1),
(4000, 0, 0, 0, 0, 6, 25, 2009, 1),
(4001, 0, 0, 0, 0, 27, 25, 2010, 1),
(4002, 0, 0, 0, 0, 23, 25, 2010, 1),
(4003, 0, 0, 0, 0, 1, 25, 2010, 1),
(4004, 0, 0, 0, 0, 22, 25, 2010, 1),
(4005, 0, 0, 0, 0, 24, 25, 2010, 1),
(4006, 0, 0, 0, 0, 10, 25, 2010, 1),
(4007, 0, 0, 0, 0, 12, 25, 2010, 1),
(4008, 0, 0, 0, 0, 14, 25, 2010, 1),
(4009, 0, 0, 0, 0, 11, 25, 2010, 1),
(4010, 0, 0, 0, 0, 6, 25, 2010, 1),
(4011, 0, 0, 0, 0, 27, 25, 2011, 1),
(4012, 0, 0, 0, 0, 23, 25, 2011, 1),
(4013, 0, 0, 0, 0, 1, 25, 2011, 1),
(4014, 5, 0, 0, 5, 22, 25, 2011, 1),
(4015, 0, 0, 0, 0, 24, 25, 2011, 1),
(4016, 0, 0, 0, 0, 10, 25, 2011, 1),
(4017, 0, 0, 0, 0, 12, 25, 2011, 1),
(4018, 0, 0, 5, 5, 14, 25, 2011, 1),
(4019, 0, 0, 0, 0, 11, 25, 2011, 1),
(4020, 0, 10, 5, 15, 6, 25, 2011, 1),
(4021, 0, 0, 0, 0, 27, 25, 2012, 1),
(4022, 0, 0, 0, 0, 23, 25, 2012, 1),
(4023, 5, 0, 5, 10, 1, 25, 2012, 1),
(4024, 0, 0, 0, 0, 22, 25, 2012, 1),
(4025, 0, 0, 0, 0, 24, 25, 2012, 1),
(4026, 0, 0, 0, 0, 10, 25, 2012, 1),
(4027, 0, 0, 0, 0, 12, 25, 2012, 1),
(4028, 0, 0, 0, 0, 14, 25, 2012, 1),
(4029, 0, 0, 0, 0, 11, 25, 2012, 1),
(4030, 5, 0, 5, 10, 6, 25, 2012, 1),
(4031, 0, 0, 0, 0, 27, 25, 2013, 1),
(4032, 0, 0, 0, 0, 23, 25, 2013, 1),
(4033, 3, 6, 7, 16, 1, 25, 2013, 1),
(4034, 0, 0, 0, 0, 22, 25, 2013, 1),
(4035, 0, 0, 0, 0, 24, 25, 2013, 1),
(4036, 0, 0, 0, 0, 10, 25, 2013, 1),
(4037, 0, 0, 0, 0, 12, 25, 2013, 1),
(4038, 0, 3, 2, 5, 14, 25, 2013, 1),
(4039, 0, 0, 0, 0, 11, 25, 2013, 1),
(4040, 3, 3, 6, 12, 6, 25, 2013, 1),
(4041, 0, 0, 0, 0, 27, 25, 2014, 1),
(4042, 0, 0, 0, 0, 23, 25, 2014, 1),
(4043, 0, 0, 0, 0, 1, 25, 2014, 1),
(4044, 0, 0, 0, 0, 22, 25, 2014, 1),
(4045, 0, 0, 0, 0, 24, 25, 2014, 1),
(4046, 0, 0, 0, 0, 10, 25, 2014, 1),
(4047, 0, 0, 0, 0, 12, 25, 2014, 1),
(4048, 0, 0, 0, 0, 14, 25, 2014, 1),
(4049, 0, 0, 0, 0, 11, 25, 2014, 1),
(4050, 0, 0, 0, 0, 6, 25, 2014, 1),
(4051, 43, 34, 33, 110, 1, 9, 2015, 0);

-- --------------------------------------------------------

--
-- Table structure for table `tbl_pelatih`
--

CREATE TABLE IF NOT EXISTS `tbl_pelatih` (
`id_pelatih` int(11) NOT NULL,
  `id_jk` int(1) DEFAULT NULL,
  `pelatih` text,
  `id_cabor` int(11) DEFAULT NULL,
  `id_propinsi` int(11) DEFAULT NULL
) ENGINE=MyISAM AUTO_INCREMENT=322 DEFAULT CHARSET=latin1;

--
-- Dumping data for table `tbl_pelatih`
--

INSERT INTO `tbl_pelatih` (`id_pelatih`, `id_jk`, `pelatih`, `id_cabor`, `id_propinsi`) VALUES
(10, 1, 'Ismael Baransano', 1, 25),
(11, 1, 'Lodwik Akwan', 6, 25),
(12, 1, 'Max Wambrauw', 10, 25),
(13, 1, 'Hengky Yewun', 11, 25),
(14, 1, 'Bujang', 1, 30),
(15, 1, 'Sriwijaya', 1, 30),
(16, 1, 'Yus Aziz U', 11, 30),
(17, 1, 'Amir Nur,S.Pd', 1, 21),
(18, 1, 'Djailani Ahmad(ast)', 1, 21),
(19, 1, 'Roy Harun', 11, 21),
(20, 1, 'Laode Santi,S.Pd(ast)', 11, 21),
(21, 1, 'Herson Taha', 8, 21),
(22, 1, 'Andri Usman(ast)', 8, 21),
(23, 1, 'Drs. Suratman', 1, 11),
(24, 1, 'I Wayan Gunaksi', 1, 11),
(25, 1, 'I Komang Budagama(ast)', 1, 11),
(26, 1, 'Drs. Subagio(ast)', 1, 11),
(27, 1, 'Kodrat,S.Pd', 11, 11),
(28, 1, 'Drs. Odang Supriatna(ast)', 11, 11),
(29, 2, 'I Made Dita,S.Pd', 9, 11),
(30, 1, 'Ibnu Hajar(ast)', 9, 11),
(31, 1, 'Drs.Anggi Muda Siregar', 10, 3),
(32, 1, 'Mangasi Simangunsong(ast)', 10, 3),
(33, 1, 'Drs. Ilmarizal', 10, 27),
(34, 1, 'Samsul Agusri (ast)', 10, 27),
(35, 1, 'Abdul Hamid A.Ma.Pd', 10, 28),
(36, 1, 'Trifani yasir(ast)', 10, 28),
(37, 1, 'Drs. Fauzi Arbie', 10, 31),
(38, 1, 'Drs. Zimot R.N.(ast)', 10, 31),
(39, 1, 'Andreas Anwar (ast)', 10, 31),
(40, 1, 'Edy Santoso, S.Sos', 10, 33),
(41, 1, 'Syahril,A.Md(ast)', 10, 33),
(42, 1, 'Eriadi', 12, 1),
(43, 1, 'Zulkarnain Purba', 12, 3),
(44, 1, 'Pulungan Sihombing (ast)', 12, 3),
(45, 1, 'Ferdiyansyah', 12, 28),
(46, 2, 'Asni Junita(ast)', 12, 28),
(47, 1, 'Alfatah Lukman', 12, 29),
(48, 2, 'Priska(ast)', 12, 29),
(49, 1, 'Junaidi', 12, 33),
(50, 1, 'Afriadi Yasman,SH (ast)', 12, 33),
(51, 1, 'Drs. Asep Suparman', 12, 6),
(52, 1, 'Edi Tobing,SH', 12, 6),
(53, 1, 'Drs. Meirizal Usra, M.Kes', 13, 29),
(54, 1, 'Pranata S.Si (ast)', 13, 29),
(55, 1, 'Drs. Saberan', 13, 15),
(56, 1, 'Rudi Rahmadi, S.Pd (ast)', 13, 15),
(57, 1, 'Budi Widayanto,S.Pd', 14, 8),
(58, 1, 'Subarno', 14, 8),
(59, 1, 'Iswanto', 14, 19),
(60, 1, 'Agus Salim,SE', 14, 19),
(61, 1, 'Syogo Darsono', 14, 13),
(62, 1, 'Basarel A.(ast)', 14, 13),
(63, 1, 'Jahani', 14, 14),
(64, 1, 'Hendrayanu', 14, 14),
(65, 1, 'Hasan Salasa', 11, 12),
(66, 1, 'Muhammad Badu (ast)', 11, 12),
(67, 1, 'Imanuel Daundi', 11, 32),
(68, 1, 'Kanda Cong (ast)', 11, 32),
(69, 1, 'Drs. Yunardi Jamal', 15, 29),
(70, 1, 'Herwin Aidil Fikri (ast)', 15, 29),
(71, 1, 'J. Rorintulus', 15, 22),
(72, 1, 'Drs. Amin Leo', 16, 27),
(73, 1, 'Sutrisno (ast)', 16, 27),
(74, 1, 'Fahru Rozi (ast)', 16, 27),
(75, 1, 'Yudho Martopo', 16, 31),
(76, 2, 'Rinawati (ast)', 16, 31),
(77, 1, 'Surasno (ast)', 16, 31),
(78, 1, 'Harison hasibuan', 8, 3),
(79, 1, 'Sapruli (ast)', 8, 3),
(80, 1, 'Gushendri', 8, 27),
(81, 1, 'Rudi Calces(ast)', 8, 27),
(82, 1, 'Yusmedi,S.Pd', 8, 26),
(83, 1, 'Edi Isnanto,S.Pd(ast)', 8, 26),
(84, 1, 'Supardi (ast)', 8, 26),
(85, 1, 'Iskhak Iskandar', 8, 2),
(86, 1, 'Suratman,S.Sos (ast)', 8, 2),
(87, 1, 'Sutrisno', 2, 3),
(88, 1, 'Supriyono', 2, 3),
(89, 1, 'Wiluyo Santoso', 2, 3),
(90, 1, 'Herry Syarif', 2, 27),
(91, 1, 'Muslim K. (ast)', 2, 27),
(92, 1, 'Tri Atmaja (ast)', 2, 27),
(93, 1, 'Dasantyo Prihadi,SE', 17, 6),
(94, 1, 'Ade Sujana', 17, 6),
(95, 1, 'Sumartono,ST', 17, 8),
(96, 1, 'Taufiqurrohman,S.Pd', 17, 8),
(97, 1, 'Efendi Mahmud', 17, 23),
(98, 1, 'Suhaimi Hamid,SH', 18, 28),
(99, 1, 'Baharuddin,S.Ag(ast)', 18, 28),
(100, 1, 'Dustamad', 18, 7),
(101, 1, 'Edi Pramuji (ast)', 18, 7),
(102, 1, 'Slamet Riyadi, S.Pd', 6, 15),
(103, 1, 'R.A.K Tamelab, S.Pd(ast)', 6, 15),
(104, 1, 'Muh. Abdi Amahoro', 6, 16),
(105, 1, 'I Wayan Suda, BA', 6, 22),
(106, 1, 'Jimmy Koaas (ast)', 6, 22),
(107, 1, 'W. Gommies', 6, 24),
(108, 1, 'J. Tehupieory', 6, 24),
(109, 1, 'A. Titaley', 6, 24),
(110, 1, 'Z. Hukunala', 6, 24),
(111, 1, 'Ramli Kadam', 6, 23),
(112, 1, 'Johanis Banabera', 6, 12),
(113, 1, 'Hermensen B. Ballo, SH (ast)', 6, 12),
(114, 1, 'Firmanto Musi (Ast)', 6, 16),
(115, 1, 'Mardani', 27, 1),
(116, 1, 'Husain', 27, 1),
(117, 1, 'Lukman Ahmadi', 27, 29),
(118, 1, 'Rian Apriadhani,SE(ast)', 27, 29),
(119, 1, 'Robert Ratupa', 27, 13),
(120, 1, 'Rio Cahyadi Fitra (ast)', 27, 13),
(121, 1, 'Willem Tarega', 27, 22),
(122, 1, 'Olvi Rumuat (ast)', 27, 22),
(123, 1, 'Heneldi Indra', 23, 26),
(124, 1, 'Afriman (ast)', 23, 26),
(125, 1, 'Budi Siswanto,S.Pd', 26, 7),
(126, 1, 'Agus (ast)', 26, 7),
(127, 1, 'Sugeng Tri Hartono', 26, 9),
(128, 1, 'Zainul Siswanto', 26, 9),
(129, 1, 'Sidarta', 26, 9),
(130, 1, 'Yulianta,S.Pd', 9, 8),
(131, 1, 'Much. Kasmadi,S.Pd', 9, 8),
(136, 1, 'c. Sahupala', 22, 24),
(137, 1, 'M. Taluhun', 22, 24),
(134, 1, 'Lodewyk Raharusun, SH.', 9, 32),
(135, 1, 'Andre Ririmase, S.Pd (ast)', 9, 32),
(138, 1, 'A.Tenarubun (ast)', 22, 24),
(139, 1, 'M. Hukubun,S.Pd (ast)', 22, 24),
(140, 1, 'Drs. H. Wita Witarsa', 1, 6),
(141, 1, 'Drs. Dedi Rochmana', 1, 6),
(142, 1, 'Iden Imanudin, S.Pd', 1, 6),
(143, 1, 'Tri Mulyono', 1, 6),
(144, 1, 'Rachmat Suparjo, S.Pd', 14, 6),
(145, 1, 'Novi Andriyanto', 14, 6),
(146, 1, 'Ika Lesmana RN', 11, 6),
(147, 1, 'Ferry Hendarsih', 11, 6),
(148, 2, 'Salmah', 22, 20),
(149, 1, 'Sarman (ast)', 22, 20),
(150, 1, 'Drs.Saiful Maranua', 8, 20),
(151, 1, 'Mustamin (ast)', 8, 20),
(152, 1, 'Usman Saleh', 11, 20),
(153, 1, 'Umar B. (ast)', 11, 20),
(154, 1, 'Drs. Bambang Siswoyo', 1, 7),
(155, 1, 'Luwi Utomo', 1, 7),
(156, 1, 'Siswanto', 1, 7),
(157, 1, 'Alwi Mugianto (ast)', 1, 7),
(158, 1, 'Agus Supriyo (ast)', 1, 7),
(159, 1, 'Endro Catur H, S.Pd', 11, 7),
(160, 1, 'Sugeng Hariadi, S.Pd., M.Or (ast)', 11, 7),
(161, 1, 'Setyo Budi', 8, 7),
(162, 1, 'Bambang Edy, S.Pd (ast)', 8, 7),
(163, 1, 'Edy Prayitno, S.Sos', 2, 7),
(164, 1, 'Drs. Budi Prasetyo, S.Pd (ast)', 2, 7),
(165, 1, 'Drs. Hadi Sudarwan (ast)', 2, 7),
(166, 1, 'Sigit', 14, 7),
(167, 1, 'Munawar (ast)', 14, 7),
(169, 1, 'Choirus Salim', 10, 7),
(170, 1, 'Aris Wibowo (ast)', 10, 7),
(171, 1, 'Dominggus Lutrun, S.Sos', 1, 32),
(172, 1, 'Mathias Mambay', 1, 32),
(173, 1, 'Herman Dambujay', 1, 32),
(174, 1, 'Septinus Patay (ast)', 1, 32),
(175, 1, 'Frederikus Mahuse (ast)', 1, 32),
(176, 1, 'Yanes Raubaba (ast)', 1, 32),
(177, 1, 'Carolino Ivakdalam, S.Sos', 2, 32),
(178, 1, 'Yan Runtini (ast)', 2, 32),
(179, 1, 'M. Aritonang, BA', 1, 33),
(180, 1, 'Drs. Roslian, MM (ast)', 1, 33),
(181, 1, 'Yahul Syahri, A.Md', 11, 33),
(182, 1, 'Arif Budi Hermawan, S.Kep (ast)', 11, 33),
(183, 1, 'Drs. Othong Wijaya', 1, 27),
(184, 1, 'Jusni, S.Pd (ast)', 1, 27),
(185, 2, 'Yessi Andriani (ast)', 1, 27),
(186, 1, 'Drs. Sartusa Ibrahim', 11, 27),
(187, 1, 'Drs. Suwirman (ast)', 11, 27),
(188, 1, 'Hendri (ast)', 11, 27),
(189, 1, 'Drs. Rahmad Purba', 14, 3),
(190, 1, 'Syaiful Bakri (ast)', 14, 3),
(191, 1, 'Haidir', 1, 28),
(192, 1, 'Darmawan, S.Pd (ast)', 1, 28),
(193, 1, 'M. Wildan Murtadho, SP', 22, 28),
(194, 2, 'Wiji Utami (ast)', 22, 28),
(195, 1, 'Lilik Herianto S.Pd', 1, 3),
(196, 1, 'Mardi Lestari', 1, 3),
(197, 1, 'Nurhasyim, S.Pd', 1, 3),
(198, 1, 'Suprapto', 11, 3),
(199, 1, 'Rantino Tarigan (ast)', 11, 3),
(200, 1, 'Ahmad Yani', 28, 29),
(201, 1, 'Bambang Marwanto (ast)', 28, 29),
(202, 1, 'Kusdi', 1, 31),
(203, 1, 'Cecep (ast)', 1, 31),
(204, 2, 'Sarmiati (ast)', 1, 31),
(205, 1, 'Puryoto', 14, 31),
(206, 1, 'Yulianto (ast)', 14, 31),
(207, 1, 'Irawab Agus F. (ast)', 14, 31),
(209, 1, 'Imasmi', 1, 15),
(210, 2, 'Fatmawati (ast)', 1, 15),
(211, 1, 'Azhari', 10, 15),
(212, 1, 'Indra Syafri (ast)', 10, 15),
(213, 1, 'Muhrani, S.Pd', 11, 15),
(214, 1, 'Gusti Rama Indra, S.Pd (ast)', 11, 15),
(215, 1, 'Drs. Mukono, M.Pd', 1, 9),
(216, 1, 'Kwin Atmoko Y', 1, 9),
(217, 1, 'Sujito', 1, 9),
(218, 1, 'Riyanto', 1, 9),
(219, 1, 'Drs. R. Boedi Prasetyo', 1, 9),
(220, 1, 'Eka Yunianta, S.Pd', 1, 8),
(221, 1, 'Sukri', 1, 8),
(222, 1, 'Adi Pani', 1, 13),
(223, 1, 'Donny Nurdiansyah', 1, 13),
(224, 1, 'Sudiyono', 1, 13),
(225, 1, 'Hasyimi', 8, 13),
(226, 1, 'Askarnain (ast)', 8, 13),
(227, 1, 'Azhari, S.Pd', 1, 1),
(228, 1, 'Muzakkir', 22, 1),
(229, 1, 'Dasarno', 22, 1),
(230, 1, 'Syamsuddin, HS', 14, 1),
(231, 1, 'Beni Ariefto', 11, 1),
(232, 1, 'Piepiet Pitoyo', 1, 4),
(233, 1, 'A. Lokollo (ast)', 1, 4),
(234, 1, 'A. Yaman', 22, 4),
(235, 1, 'Suardi (ast)', 22, 4),
(236, 1, 'Sukri Ariansyah', 11, 4),
(237, 1, 'Aminudin (ast)', 11, 4),
(238, 1, 'Drs. A. Mangantar, MS', 1, 22),
(239, 1, 'Drs. Zoni Terok (ast)', 1, 22),
(240, 1, 'Ventje Simbar', 11, 22),
(241, 1, 'Danny K.,SE (ast)', 11, 22),
(242, 1, 'Karuhei T. Asang, S.Pd', 1, 14),
(243, 1, 'Nirman K. Rampay', 1, 14),
(244, 1, 'M. Ahmadi', 8, 14),
(245, 2, 'Yoniwatie', 8, 14),
(246, 1, 'Yudi, S.Pd', 22, 14),
(247, 1, 'Lampung. S.Pd', 22, 14),
(248, 1, 'Harmadi', 22, 14),
(249, 2, 'Weny, S.Pd', 22, 14),
(250, 1, 'Supriyadi, S.Pd', 1, 19),
(251, 1, 'Abdul Muthalib, S.Pd', 1, 19),
(252, 1, 'Drs. H. Saleh Basrie', 10, 19),
(253, 1, 'Bambang Wahyudi', 10, 19),
(254, 1, 'Ari Susanto', 10, 19),
(255, 1, 'Surya Ganda Atmaja, SE', 11, 19),
(256, 1, 'Muhammad Ansar', 11, 19),
(257, 1, 'Drs. Benny Huwae, MS', 1, 16),
(258, 1, 'Drs. Daniel Lius (ast)', 1, 16),
(259, 1, 'Suting Jafar', 22, 16),
(260, 1, 'Dimond (ast)', 22, 16),
(261, 1, 'Drs. H. Syamsul, M.Pd', 2, 16),
(262, 1, 'Drs. A. Saharuddin (ast)', 2, 16),
(263, 1, 'Husain, S. Sos,. MM.', 8, 16),
(264, 1, 'Najamuddin (ast)', 8, 16),
(265, 1, 'Juhanis, S.Pd., M.Pd.', 10, 16),
(266, 1, 'R.A.K. Tamelab, S.Pd (ast)', 10, 16),
(267, 1, 'Yahya Ompo, S.Pd', 11, 16),
(268, 1, 'Saodah Akib, SE (ast)', 11, 16),
(269, 1, 'Muh. Abdi Amahoru', 6, 16),
(270, 1, 'Muh. Sabir, S.Pd', 8, 17),
(271, 1, 'Amiruddin Kambol (ast)', 8, 17),
(272, 1, 'Barnawi Azis, S.Ip (ast)', 8, 17),
(273, 1, 'I Ketut Pageh', 1, 10),
(274, 1, 'Drs. I Made Rutha (ast)', 1, 10),
(275, 1, 'A. A. Alit Ardana (ast)', 1, 10),
(276, 1, 'I Gusti Made Semarajaya', 11, 10),
(277, 1, 'Ketut Nuana Putra (ast)', 11, 10),
(278, 1, 'Kadek Sastra (ast)', 11, 10),
(279, 1, 'Bahrin Dulmanan', 1, 23),
(280, 1, 'Mursid Marassabessy', 1, 23),
(281, 1, 'Said Pattimura', 1, 23),
(282, 1, 'Ali Tuharea', 1, 23),
(283, 1, 'Djamiat Hj. Umar, S.Pd', 11, 23),
(284, 1, 'Abullah Abd. Radjak, S.Pd', 11, 23),
(285, 1, 'Zulkifli Mahmud', 11, 23),
(286, 2, 'Endang, S.Pd', 1, 18),
(287, 1, 'Amrin Saman (ast)', 1, 18),
(288, 1, 'Ahmad Haris', 22, 18),
(289, 1, 'Abdul Razak', 22, 18),
(290, 1, 'M. Hadris (ast)', 22, 18),
(291, 1, 'Anisi (ast)', 22, 18),
(292, 1, 'Absir (ast)', 22, 18),
(293, 1, 'Alimin', 11, 18),
(294, 1, 'Suhadi Djallah', 11, 18),
(295, 2, 'Lasmi (ast)', 11, 18),
(296, 2, 'Ira Sakka (ast)', 11, 18),
(297, 1, 'La Diisi, S.Pd', 8, 18),
(298, 1, 'Heriansyah, S.Pd (ast)', 8, 18),
(299, 1, 'J. Tahapary, S.Pd', 1, 24),
(300, 1, 'Drs. C. Pesurnay', 1, 24),
(301, 1, 'Nn. M. Sopacua, S.Pd (ast)', 1, 24),
(302, 1, 'St. Mainake (ast)', 1, 24),
(303, 1, 'J. Tentua', 2, 24),
(304, 1, 'J. Oratmangun', 2, 24),
(305, 1, 'W. Maail (ast)', 2, 24),
(306, 1, 'Saleh Sofyan (ast)', 2, 24),
(307, 1, 'Frans Sales, S.Pd', 1, 12),
(308, 1, 'Yulius Lonakoni (ast)', 1, 12),
(309, 1, 'Erik Lay Lena, S.Pd', 8, 12),
(310, 1, 'Jus Edu Penu Weo (ast)', 8, 12),
(311, 2, 'Veriatningrum', 1, 5),
(312, 1, 'Wardoyo (ast)', 1, 5),
(313, 1, 'Hasbullah, S.Pd', 22, 5),
(314, 1, 'Iwan Hermawan, S.Pd (ast)', 22, 5),
(315, 1, 'Abdul Gani, S.Pd', 8, 5),
(316, 1, 'Aris (ast)', 8, 5),
(0, NULL, 'Belum Ada', NULL, NULL);

-- --------------------------------------------------------

--
-- Table structure for table `tbl_pemuda`
--

CREATE TABLE IF NOT EXISTS `tbl_pemuda` (
`id_pemuda` int(8) NOT NULL,
  `pemuda` varchar(32) NOT NULL,
  `id_jk` int(2) NOT NULL,
  `id_propinsi` int(2) NOT NULL,
  `keterangan` text NOT NULL
) ENGINE=InnoDB AUTO_INCREMENT=2 DEFAULT CHARSET=latin1;

--
-- Dumping data for table `tbl_pemuda`
--

INSERT INTO `tbl_pemuda` (`id_pemuda`, `pemuda`, `id_jk`, `id_propinsi`, `keterangan`) VALUES
(1, 'Yohanes', 1, 1, 'Pengurus Inti Olahraga');

-- --------------------------------------------------------

--
-- Table structure for table `tbl_prestasi`
--

CREATE TABLE IF NOT EXISTS `tbl_prestasi` (
`id_prestasi` int(11) NOT NULL,
  `keterangan` text NOT NULL,
  `kejuaraan` int(2) DEFAULT NULL,
  `emas` int(3) NOT NULL,
  `perak` int(3) NOT NULL,
  `perunggu` int(3) NOT NULL,
  `id_atlet` int(11) NOT NULL
) ENGINE=InnoDB AUTO_INCREMENT=2 DEFAULT CHARSET=latin1;

--
-- Dumping data for table `tbl_prestasi`
--

INSERT INTO `tbl_prestasi` (`id_prestasi`, `keterangan`, `kejuaraan`, `emas`, `perak`, `perunggu`, `id_atlet`) VALUES
(1, 'tes', 1, 2, 1, 1, 3031);

-- --------------------------------------------------------

--
-- Table structure for table `tbl_propinsi`
--

CREATE TABLE IF NOT EXISTS `tbl_propinsi` (
`id_propinsi` int(11) unsigned NOT NULL,
  `propinsi` varchar(50) COLLATE latin1_general_ci NOT NULL DEFAULT '',
  `lat` float(10,6) NOT NULL,
  `lng` float(10,6) NOT NULL
) ENGINE=MyISAM AUTO_INCREMENT=59 DEFAULT CHARSET=latin1 COLLATE=latin1_general_ci;

--
-- Dumping data for table `tbl_propinsi`
--

INSERT INTO `tbl_propinsi` (`id_propinsi`, `propinsi`, `lat`, `lng`) VALUES
(1, 'Nanggroe Aceh Darussalam', 4.359558, 96.934570),
(2, 'Kepulauan Riau', 3.829178, 108.131836),
(3, 'Sumatera Utara', 2.264792, 99.219727),
(4, 'Banten', -6.451230, 106.112000),
(5, 'DKI Jakarta', -6.211278, 106.842316),
(6, 'Jawa Barat', -6.932970, 107.602295),
(7, 'Jawa Tengah', -7.161940, 110.184082),
(8, 'DI. Yogyakarta', -7.894941, 110.432373),
(9, 'Jawa Timur', -7.761069, 112.645020),
(10, 'Bali', -8.408255, 115.170776),
(11, 'Nusa Tenggara Barat', -8.696155, 117.499878),
(12, 'Nusa Tenggara Timur', -8.647282, 121.097900),
(13, 'Kalimantan Barat', 0.129638, 111.106934),
(14, 'Kalimantan Tengah', -1.518133, 113.425049),
(15, 'Kalimantan Selatan', -3.043977, 115.479492),
(16, 'Sulawesi Selatan', -3.598949, 120.247559),
(17, 'Sulawesi Barat', -2.183553, 119.324707),
(18, 'Sulawesi Tenggara', -4.129477, 122.148193),
(19, 'Kalimantan Timur', 1.656507, 116.545166),
(20, 'Sulawesi Tengah', -1.430271, 121.445068),
(21, 'Gorontalo', 0.678940, 122.455811),
(22, 'Sulawesi Utara', 0.678940, 124.235596),
(23, 'Maluku Utara', 1.423683, 127.687500),
(24, 'Maluku', -3.320404, 130.126465),
(25, 'Papua Barat', -2.067178, 132.585205),
(26, 'Riau', 0.312010, 101.582001),
(27, 'Sumatera Barat', -0.973342, 100.066002),
(28, 'Jambi', -1.654310, 102.790001),
(29, 'Sumatera Selatan', -3.245820, 104.228996),
(30, 'Bangka Belitung', -2.715901, 106.557495),
(31, 'Lampung', -5.009961, 105.152344),
(32, 'Papua', -4.385847, 138.177246),
(33, 'Bengkulu', -3.837950, 102.251999);

-- --------------------------------------------------------

--
-- Table structure for table `tbl_sarpras`
--

CREATE TABLE IF NOT EXISTS `tbl_sarpras` (
`id_sarpras` int(11) NOT NULL,
  `nama` varchar(32) NOT NULL,
  `alamat` text NOT NULL,
  `id_propinsi` int(2) NOT NULL,
  `lat` float(10,6) NOT NULL,
  `lng` float(10,6) NOT NULL
) ENGINE=InnoDB AUTO_INCREMENT=3 DEFAULT CHARSET=latin1;

--
-- Dumping data for table `tbl_sarpras`
--

INSERT INTO `tbl_sarpras` (`id_sarpras`, `nama`, `alamat`, `id_propinsi`, `lat`, `lng`) VALUES
(1, 'tes', 'set', 27, -1.273089, 101.160889),
(2, 'tes', 'tes', 3, 1.956407, 99.260254);

-- --------------------------------------------------------

--
-- Table structure for table `user`
--

CREATE TABLE IF NOT EXISTS `user` (
`user_id` int(11) NOT NULL,
  `username` varchar(20) NOT NULL DEFAULT '',
  `password` text NOT NULL,
  `level` varchar(34) DEFAULT NULL,
  `keterangan` text
) ENGINE=MyISAM AUTO_INCREMENT=86 DEFAULT CHARSET=latin1;

--
-- Dumping data for table `user`
--

INSERT INTO `user` (`user_id`, `username`, `password`, `level`, `keterangan`) VALUES
(38, 'admin2', 'd7567a7494e429188b6fd54f5331ea5b42b414c4966697da3ac08f4d11af36440409663705ff8d2dfe2760e656edb4e43c1abea6a5cfe32d7e3a56bd2b988834', '1', ''),
(55, 'mamah', 'ba3253876aed6bc22d4a6ff53d8406c6ad864195ed144ab5c87621b6c233b548baeae6956df346ec8c17f5ea10f35ee3cbc514797ed7ddd3145464e2a0bab413', '1', ''),
(62, 'june', 'ba3253876aed6bc22d4a6ff53d8406c6ad864195ed144ab5c87621b6c233b548baeae6956df346ec8c17f5ea10f35ee3cbc514797ed7ddd3145464e2a0bab413', '2', NULL),
(57, 'koko', 'ba3253876aed6bc22d4a6ff53d8406c6ad864195ed144ab5c87621b6c233b548baeae6956df346ec8c17f5ea10f35ee3cbc514797ed7ddd3145464e2a0bab413', '2', ''),
(60, 'cuncun', '3627909a29c31381a071ec27f7c9ca97726182aed29a7ddd2e54353322cfb30abb9e3a6df2ac2c20fe23436311d678564d0c8d305930575f60e2d3d048184d79', '1', NULL),
(78, 'admin', 'admin', '1', NULL),
(84, 'Tes', 'admin', '2', 'Tes Update'),
(85, 'yohcd', 'admin', '2', 'Akses Admin Level 2');

--
-- Indexes for dumped tables
--

--
-- Indexes for table `data_kabupaten`
--
ALTER TABLE `data_kabupaten`
 ADD PRIMARY KEY (`id_kabupaten`);

--
-- Indexes for table `data_provinsi`
--
ALTER TABLE `data_provinsi`
 ADD PRIMARY KEY (`id_provinsi`);

--
-- Indexes for table `level`
--
ALTER TABLE `level`
 ADD PRIMARY KEY (`id_level`);

--
-- Indexes for table `tbl_atlet`
--
ALTER TABLE `tbl_atlet`
 ADD PRIMARY KEY (`id_atlet`);

--
-- Indexes for table `tbl_cabor`
--
ALTER TABLE `tbl_cabor`
 ADD PRIMARY KEY (`id_cabor`), ADD UNIQUE KEY `id_cabor` (`id_cabor`);

--
-- Indexes for table `tbl_jk`
--
ALTER TABLE `tbl_jk`
 ADD UNIQUE KEY `id_jk` (`id_jk`);

--
-- Indexes for table `tbl_kabupaten`
--
ALTER TABLE `tbl_kabupaten`
 ADD PRIMARY KEY (`id_kabupaten`);

--
-- Indexes for table `tbl_knpi`
--
ALTER TABLE `tbl_knpi`
 ADD PRIMARY KEY (`id_knpi`);

--
-- Indexes for table `tbl_medali`
--
ALTER TABLE `tbl_medali`
 ADD PRIMARY KEY (`id_medali`);

--
-- Indexes for table `tbl_pelatih`
--
ALTER TABLE `tbl_pelatih`
 ADD UNIQUE KEY `id_pelatih` (`id_pelatih`);

--
-- Indexes for table `tbl_pemuda`
--
ALTER TABLE `tbl_pemuda`
 ADD PRIMARY KEY (`id_pemuda`);

--
-- Indexes for table `tbl_prestasi`
--
ALTER TABLE `tbl_prestasi`
 ADD PRIMARY KEY (`id_prestasi`);

--
-- Indexes for table `tbl_propinsi`
--
ALTER TABLE `tbl_propinsi`
 ADD PRIMARY KEY (`id_propinsi`);

--
-- Indexes for table `tbl_sarpras`
--
ALTER TABLE `tbl_sarpras`
 ADD PRIMARY KEY (`id_sarpras`);

--
-- Indexes for table `user`
--
ALTER TABLE `user`
 ADD PRIMARY KEY (`user_id`);

--
-- AUTO_INCREMENT for dumped tables
--

--
-- AUTO_INCREMENT for table `data_kabupaten`
--
ALTER TABLE `data_kabupaten`
MODIFY `id_kabupaten` int(11) NOT NULL AUTO_INCREMENT,AUTO_INCREMENT=499;
--
-- AUTO_INCREMENT for table `data_provinsi`
--
ALTER TABLE `data_provinsi`
MODIFY `id_provinsi` int(11) NOT NULL AUTO_INCREMENT,AUTO_INCREMENT=34;
--
-- AUTO_INCREMENT for table `level`
--
ALTER TABLE `level`
MODIFY `id_level` int(11) NOT NULL AUTO_INCREMENT,AUTO_INCREMENT=6;
--
-- AUTO_INCREMENT for table `tbl_atlet`
--
ALTER TABLE `tbl_atlet`
MODIFY `id_atlet` smallint(10) NOT NULL AUTO_INCREMENT,AUTO_INCREMENT=3032;
--
-- AUTO_INCREMENT for table `tbl_cabor`
--
ALTER TABLE `tbl_cabor`
MODIFY `id_cabor` int(11) NOT NULL AUTO_INCREMENT,AUTO_INCREMENT=36;
--
-- AUTO_INCREMENT for table `tbl_jk`
--
ALTER TABLE `tbl_jk`
MODIFY `id_jk` int(1) NOT NULL AUTO_INCREMENT,AUTO_INCREMENT=4;
--
-- AUTO_INCREMENT for table `tbl_kabupaten`
--
ALTER TABLE `tbl_kabupaten`
MODIFY `id_kabupaten` int(11) NOT NULL AUTO_INCREMENT,AUTO_INCREMENT=475;
--
-- AUTO_INCREMENT for table `tbl_knpi`
--
ALTER TABLE `tbl_knpi`
MODIFY `id_knpi` int(8) NOT NULL AUTO_INCREMENT;
--
-- AUTO_INCREMENT for table `tbl_medali`
--
ALTER TABLE `tbl_medali`
MODIFY `id_medali` int(8) NOT NULL AUTO_INCREMENT,AUTO_INCREMENT=4052;
--
-- AUTO_INCREMENT for table `tbl_pelatih`
--
ALTER TABLE `tbl_pelatih`
MODIFY `id_pelatih` int(11) NOT NULL AUTO_INCREMENT,AUTO_INCREMENT=322;
--
-- AUTO_INCREMENT for table `tbl_pemuda`
--
ALTER TABLE `tbl_pemuda`
MODIFY `id_pemuda` int(8) NOT NULL AUTO_INCREMENT,AUTO_INCREMENT=2;
--
-- AUTO_INCREMENT for table `tbl_prestasi`
--
ALTER TABLE `tbl_prestasi`
MODIFY `id_prestasi` int(11) NOT NULL AUTO_INCREMENT,AUTO_INCREMENT=2;
--
-- AUTO_INCREMENT for table `tbl_propinsi`
--
ALTER TABLE `tbl_propinsi`
MODIFY `id_propinsi` int(11) unsigned NOT NULL AUTO_INCREMENT,AUTO_INCREMENT=59;
--
-- AUTO_INCREMENT for table `tbl_sarpras`
--
ALTER TABLE `tbl_sarpras`
MODIFY `id_sarpras` int(11) NOT NULL AUTO_INCREMENT,AUTO_INCREMENT=3;
--
-- AUTO_INCREMENT for table `user`
--
ALTER TABLE `user`
MODIFY `user_id` int(11) NOT NULL AUTO_INCREMENT,AUTO_INCREMENT=86;
/*!40101 SET CHARACTER_SET_CLIENT=@OLD_CHARACTER_SET_CLIENT */;
/*!40101 SET CHARACTER_SET_RESULTS=@OLD_CHARACTER_SET_RESULTS */;
/*!40101 SET COLLATION_CONNECTION=@OLD_COLLATION_CONNECTION */;
